symbol,ticker,name,country,sector,weight_pct,sedol,security_type,as_of
NVDA,NVDA,NVIDIA Corp,US,Technology,4.443,2379504,EQ.STOCK,2026-07-31
AAPL,AAPL,Apple Inc,US,Technology,4.23463,2046251,EQ.STOCK,2026-07-31
MSFT,MSFT,Microsoft Corp,US,Technology,3.27071,2588173,EQ.STOCK,2026-07-31
AMZN,AMZN,Amazon.com Inc,US,Consumer Discretionary,2.49844,2000019,EQ.STOCK,2026-07-31
GOOGL,GOOGL,Alphabet Inc,US,Technology,1.99114,BYVY8G0,EQ.STOCK,2026-07-31
2330.TW,2330,Taiwan Semiconductor Manufacturing Co Ltd,TW,Technology,1.72824,6889106,EQ.STOCK,2026-07-31
AVGO,AVGO,Broadcom Inc,US,Technology,1.71819,BDZ78H9,EQ.STOCK,2026-07-31
GOOG,GOOG,Alphabet Inc,US,Technology,1.58494,BYY88Y7,EQ.STOCK,2026-07-31
META,META,Meta Platforms Inc,US,Technology,1.16065,B7TL820,EQ.STOCK,2026-07-31
JPM,JPM,JPMorgan Chase & Co,US,Financials,0.88897,2190385,EQ.STOCK,2026-07-31
MU,MU,Micron Technology Inc,US,Technology,0.88051,2588184,EQ.STOCK,2026-07-31
LLY,LLY,Eli Lilly & Co,US,Health Care,0.86875,2516152,EQ.STOCK,2026-07-31
TSLA,TSLA,Tesla Inc,US,Consumer Discretionary,0.86239,B616C79,EQ.STOCK,2026-07-31
005930.KS,005930,Samsung Electronics Co Ltd,KR,Telecommunications,0.80882,6771720,EQ.STOCK,2026-07-31
AMD,AMD,Advanced Micro Devices Inc,US,Technology,0.73495,2007849,EQ.STOCK,2026-07-31
BRK-B,BRK/B,Berkshire Hathaway Inc,US,Financials,0.7292,2073390,EQ.STOCK,2026-07-31
000660.KS,000660,SK hynix Inc,KR,Technology,0.63117,6450267,EQ.STOCK,2026-07-31
XOM,XOM,ExxonMobil Holdings Corp,US,Energy,0.61145,BVSRPD7,EQ.STOCK,2026-07-31
ASML.AS,ASML,ASML Holding NV,NL,Technology,0.60609,B929F46,EQ.STOCK,2026-07-31
JNJ,JNJ,Johnson & Johnson,US,Health Care,0.58162,2475833,EQ.STOCK,2026-07-31
V,V,Visa Inc,US,Industrials,0.57484,B2PZN04,EQ.STOCK,2026-07-31
WMT,WMT,Walmart Inc,US,Consumer Discretionary,0.46113,2936921,EQ.STOCK,2026-07-31
MA,MA,Mastercard Inc,US,Industrials,0.43571,B121557,EQ.STOCK,2026-07-31
CSCO,CSCO,Cisco Systems Inc,US,Telecommunications,0.43541,2198163,EQ.STOCK,2026-07-31
ABBV,ABBV,AbbVie Inc,US,Health Care,0.42119,B92SR70,EQ.STOCK,2026-07-31
COST,COST,Costco Wholesale Corp,US,Consumer Discretionary,0.39872,2701271,EQ.STOCK,2026-07-31
BAC,BAC,Bank of America Corp,US,Financials,0.38555,2295677,EQ.STOCK,2026-07-31
AMAT,AMAT,Applied Materials Inc,US,Technology,0.38305,2046552,EQ.STOCK,2026-07-31
INTC,INTC,Intel Corp,US,Technology,0.3751,2463247,EQ.STOCK,2026-07-31
0700.HK,700,Tencent Holdings Ltd,HK,Technology,0.36087,BMMV2K8,EQ.STOCK,2026-07-31
UNH,UNH,UnitedHealth Group Inc,US,Health Care,0.35475,2917766,EQ.STOCK,2026-07-31
GE,GE,General Electric Co,US,Industrials,0.35315,BL59CR9,EQ.STOCK,2026-07-31
CAT,CAT,Caterpillar Inc,US,Industrials,0.35259,2180201,EQ.STOCK,2026-07-31
LRCX,LRCX,Lam Research Corp,US,Technology,0.34838,BSML4N7,EQ.STOCK,2026-07-31
CVX,CVX,Chevron Corp,US,Energy,0.34384,2838555,EQ.STOCK,2026-07-31
HSBA.L,HSBA,HSBC Holdings PLC,GB,Financials,0.34363,0540528,EQ.STOCK,2026-07-31
KO,KO,Coca-Cola Co/The,US,Consumer Staples,0.31954,2206657,EQ.STOCK,2026-07-31
PG,PG,Procter & Gamble Co/The,US,Consumer Staples,0.31881,2704407,EQ.STOCK,2026-07-31
HD,HD,Home Depot Inc/The,US,Consumer Discretionary,0.31364,2434209,EQ.STOCK,2026-07-31
MRK,MRK,Merck & Co Inc,US,Health Care,0.30585,2778844,EQ.STOCK,2026-07-31
NFLX,NFLX,Netflix Inc,US,Consumer Discretionary,0.28594,2857817,EQ.STOCK,2026-07-31
ROP.SW,ROP,Roche Holding AG,CH,Health Care,0.28525,BTMJD19,EQ.STOCK,2026-07-31
PM,PM,Philip Morris International Inc,US,Consumer Staples,0.28202,B2PKRQ3,EQ.STOCK,2026-07-31
NOVN.SW,NOVN,Novartis AG,CH,Health Care,0.27922,7103065,EQ.STOCK,2026-07-31
RTX,RTX,RTX Corp,US,Industrials,0.27176,BM5M5Y3,EQ.STOCK,2026-07-31
RY.TO,RY,Royal Bank of Canada,CA,Financials,0.26951,2754383,EQ.STOCK,2026-07-31
9988.HK,9988,Alibaba Group Holding Ltd,HK,Consumer Discretionary,0.26242,BK6YZP5,EQ.STOCK,2026-07-31
PLTR,PLTR,Palantir Technologies Inc,US,Technology,0.25878,BN78DQ4,EQ.STOCK,2026-07-31
GEV,GEV,GE Vernova Inc,US,Industrials,0.254,BP6H4Y1,EQ.STOCK,2026-07-31
PANW,PANW,Palo Alto Networks Inc,US,Technology,0.2535,B87ZMX0,EQ.STOCK,2026-07-31
WFC,WFC,Wells Fargo & Co,US,Financials,0.25021,2649100,EQ.STOCK,2026-07-31
NESN.SW,NESN,Nestle SA,CH,Consumer Staples,0.24266,7123870,EQ.STOCK,2026-07-31
AZN.L,AZN,AstraZeneca PLC,GB,Health Care,0.24191,0989529,EQ.STOCK,2026-07-31
SHEL.L,SHEL,Shell PLC,GB,Energy,0.24105,BP6MXD8,EQ.STOCK,2026-07-31
TXN,TXN,Texas Instruments Inc,US,Technology,0.23729,2885409,EQ.STOCK,2026-07-31
8306.T,8306,Mitsubishi UFJ Financial Group Inc,JP,Financials,0.2343,6335171,EQ.STOCK,2026-07-31
KLAC,KLAC,KLA Corp,US,Technology,0.22811,2480138,EQ.STOCK,2026-07-31
SIE.DE,SIE,Siemens AG,DE,Industrials,0.22443,5727973,EQ.STOCK,2026-07-31
MS,MS,Morgan Stanley,US,Financials,0.22247,2262314,EQ.STOCK,2026-07-31
ORCL,ORCL,Oracle Corp,US,Technology,0.21147,2661568,EQ.STOCK,2026-07-31
GS,GS,Goldman Sachs Group Inc/The,US,Financials,0.21057,2407966,EQ.STOCK,2026-07-31
LIN,LIN,Linde PLC,US,Basic Materials,0.2087,BNZHB81,EQ.STOCK,2026-07-31
TMO,TMO,Thermo Fisher Scientific Inc,US,Health Care,0.20438,2886907,EQ.STOCK,2026-07-31
BHP.AX,BHP,BHP Group Ltd,AU,Basic Materials,0.20127,6144690,EQ.STOCK,2026-07-31
IBM,IBM,International Business Machines Corp,US,Technology,0.19978,2005973,EQ.STOCK,2026-07-31
AMGN,AMGN,Amgen Inc,US,Health Care,0.19733,2023607,EQ.STOCK,2026-07-31
CBA.AX,CBA,Commonwealth Bank of Australia,AU,Financials,0.19723,6215035,EQ.STOCK,2026-07-31
SAN.MC,SAN,Banco Santander SA,ES,Financials,0.19723,5705946,EQ.STOCK,2026-07-31
7203.T,7203,Toyota Motor Corp,JP,Consumer Discretionary,0.1915,6900643,EQ.STOCK,2026-07-31
TD.TO,TD,Toronto-Dominion Bank/The,CA,Financials,0.18941,2897222,EQ.STOCK,2026-07-31
VZ,VZ,Verizon Communications Inc,US,Telecommunications,0.18684,2090571,EQ.STOCK,2026-07-31
APH,APH,Amphenol Corp,US,Technology,0.18636,2145084,EQ.STOCK,2026-07-31
STX,STX,Seagate Technology Holdings PLC,US,Technology,0.18185,BKVD2N4,EQ.STOCK,2026-07-31
CRWD,CRWD,Crowdstrike Holdings Inc,US,Technology,0.18034,BJJP138,EQ.STOCK,2026-07-31
MCD,MCD,McDonald's Corp,US,Consumer Discretionary,0.17979,2550707,EQ.STOCK,2026-07-31
PEP,PEP,PepsiCo Inc,US,Consumer Staples,0.17975,2681511,EQ.STOCK,2026-07-31
ANET,ANET,Arista Networks Inc,US,Telecommunications,0.17691,BL9XPM3,EQ.STOCK,2026-07-31
WDC,WDC,Western Digital Corp,US,Technology,0.176,2954699,EQ.STOCK,2026-07-31
SAP.DE,SAP,SAP SE,DE,Technology,0.17573,4846288,EQ.STOCK,2026-07-31
ALV.DE,ALV,Allianz SE,DE,Financials,0.17566,5231485,EQ.STOCK,2026-07-31
ABT,ABT,Abbott Laboratories,US,Health Care,0.17329,2002305,EQ.STOCK,2026-07-31
NEE,NEE,NextEra Energy Inc,US,Utilities,0.17227,2328915,EQ.STOCK,2026-07-31
SU.PA,SU,Schneider Electric SE,FR,Industrials,0.17217,4834108,EQ.STOCK,2026-07-31
AXP,AXP,American Express Co,US,Industrials,0.17169,2026082,EQ.STOCK,2026-07-31
ADI,ADI,Analog Devices Inc,US,Technology,0.17097,2032067,EQ.STOCK,2026-07-31
SNDK,SNDK,Sandisk Corp,US,Technology,0.16729,BSNPZV3,EQ.STOCK,2026-07-31
C,C,Citigroup Inc,US,Financials,0.16621,2297907,EQ.STOCK,2026-07-31
SCHW,SCHW,Charles Schwab Corp/The,US,Financials,0.16443,2779397,EQ.STOCK,2026-07-31
TJX,TJX,TJX Cos Inc/The,US,Consumer Discretionary,0.16379,2989301,EQ.STOCK,2026-07-31
UNP,UNP,Union Pacific Corp,US,Industrials,0.16367,2914734,EQ.STOCK,2026-07-31
DIS,DIS,Walt Disney Co/The,US,Consumer Discretionary,0.16275,2270726,EQ.STOCK,2026-07-31
TTE.PA,TTE,TotalEnergies SE,FR,Energy,0.15884,B15C557,EQ.STOCK,2026-07-31
RR/.L,RR/,Rolls-Royce Holdings PLC,GB,Industrials,0.15736,B63H849,EQ.STOCK,2026-07-31
BLK,BLK,BlackRock Funding Inc/DE,US,Financials,0.15733,BMZBBT7,EQ.STOCK,2026-07-31
BRK-A,BRK/A,Berkshire Hathaway Inc,US,Financials,0.15606,2093666,EQ.STOCK,2026-07-31
WELL,WELL,Welltower Inc,US,Real Estate,0.15603,BYVYHH4,EQ.REIT,2026-07-31
BA,BA,Boeing Co/The,US,Industrials,0.15511,2108601,EQ.STOCK,2026-07-31
ETN,ETN,Eaton Corp PLC,US,Industrials,0.15506,B8KQN82,EQ.STOCK,2026-07-31
GILD,GILD,Gilead Sciences Inc,US,Health Care,0.15496,2369174,EQ.STOCK,2026-07-31
8035.T,8035,Tokyo Electron Ltd,JP,Technology,0.15441,6895675,EQ.STOCK,2026-07-31
MRVL,MRVL,Marvell Technology Inc,US,Technology,0.15404,BNKJSM5,EQ.STOCK,2026-07-31
UBSG.SW,UBSG,UBS Group AG,CH,Financials,0.15385,BRJL176,EQ.STOCK,2026-07-31
BBVA.MC,BBVA,Banco Bilbao Vizcaya Argentaria SA,ES,Financials,0.15078,5501906,EQ.STOCK,2026-07-31
T,T,AT&T Inc,US,Telecommunications,0.1501,2831811,EQ.STOCK,2026-07-31
2454.TW,2454,MediaTek Inc,TW,Technology,0.14998,6372480,EQ.STOCK,2026-07-31
IBE.MC,IBE,Iberdrola SA,ES,Utilities,0.14981,B288C92,EQ.STOCK,2026-07-31
8316.T,8316,Sumitomo Mitsui Financial Group Inc,JP,Financials,0.14978,6563024,EQ.STOCK,2026-07-31
QCOM,QCOM,QUALCOMM Inc,US,Technology,0.14834,2714923,EQ.STOCK,2026-07-31
ABBN.SW,ABBN,ABB Ltd,CH,Industrials,0.1452,7108899,EQ.STOCK,2026-07-31
CRM,CRM,Salesforce Inc,US,Technology,0.14401,2310525,EQ.STOCK,2026-07-31
BKNG,BKNG,Booking Holdings Inc,US,Consumer Discretionary,0.14332,BDRXDB4,EQ.STOCK,2026-07-31
NOVOB.CO,NOVOB,Novo Nordisk A/S,DK,Health Care,0.14329,BP6KMJ1,EQ.STOCK,2026-07-31
6857.T,6857,Advantest Corp,JP,Technology,0.14204,6870490,EQ.STOCK,2026-07-31
COP,COP,ConocoPhillips,US,Energy,0.14067,2685717,EQ.STOCK,2026-07-31
6501.T,6501,Hitachi Ltd,JP,Industrials,0.13791,6429104,EQ.STOCK,2026-07-31
DE,DE,Deere & Co,US,Industrials,0.1366,2261203,EQ.STOCK,2026-07-31
6758.T,6758,Sony Group Corp,JP,Consumer Discretionary,0.13453,6821506,EQ.STOCK,2026-07-31
PFE,PFE,Pfizer Inc,US,Health Care,0.13431,2684703,EQ.STOCK,2026-07-31
UCG.MI,UCG,UniCredit SpA,IT,Financials,0.13278,BYMXPS7,EQ.STOCK,2026-07-31
UBER,UBER,Uber Technologies Inc,US,Consumer Discretionary,0.13081,BK6N347,EQ.STOCK,2026-07-31
AIR.PA,AIR,Airbus SE,FR,Industrials,0.13025,4012250,EQ.STOCK,2026-07-31
SAF.PA,SAF,Safran SA,FR,Industrials,0.12891,B058TZ6,EQ.STOCK,2026-07-31
SHOP.TO,SHOP,Shopify Inc,CA,Technology,0.12808,BX865C7,EQ.STOCK,2026-07-31
MC.PA,MC,LVMH Moet Hennessy Louis Vuitton SE,FR,Consumer Discretionary,0.12797,4061412,EQ.STOCK,2026-07-31
BMY,BMY,Bristol-Myers Squibb Co,US,Health Care,0.1268,2126335,EQ.STOCK,2026-07-31
PLD,PLD,Prologis Inc,US,Real Estate,0.12674,B44WZD7,EQ.REIT,2026-07-31
CVS,CVS,CVS Health Corp,US,Consumer Staples,0.12604,2577609,EQ.STOCK,2026-07-31
ULVR.L,ULVR,Unilever PLC,GB,Consumer Staples,0.12528,BVZK7T9,EQ.STOCK,2026-07-31
COF,COF,Capital One Financial Corp,US,Industrials,0.12121,2654461,EQ.STOCK,2026-07-31
ENR.DE,ENR,Siemens Energy AG,DE,Energy,0.12082,BMTVQK9,EQ.STOCK,2026-07-31
BMO.TO,BMO,Bank of Montreal,CA,Financials,0.11981,2076009,EQ.STOCK,2026-07-31
CFR.SW,CFR,Cie Financiere Richemont SA,CH,Consumer Discretionary,0.11937,BCRWZ18,EQ.STOCK,2026-07-31
BATS.L,BATS,British American Tobacco PLC,GB,Consumer Staples,0.11931,0287580,EQ.STOCK,2026-07-31
9984.T,9984,SoftBank Group Corp,JP,Telecommunications,0.11902,6770620,EQ.STOCK,2026-07-31
BNP.PA,BNP,BNP Paribas SA,FR,Financials,0.11866,7309681,EQ.STOCK,2026-07-31
PGR,PGR,Progressive Corp/The,US,Financials,0.11809,2705024,EQ.STOCK,2026-07-31
SPGI,SPGI,S&P Global Inc,US,Financials,0.11723,BYV2325,EQ.STOCK,2026-07-31
ISRG,ISRG,Intuitive Surgical Inc,US,Health Care,0.11709,2871301,EQ.STOCK,2026-07-31
DELL,DELL,Dell Technologies Inc,US,Technology,0.11675,BHKD3S6,EQ.STOCK,2026-07-31
PH,PH,Parker-Hannifin Corp,US,Industrials,0.11657,2671501,EQ.STOCK,2026-07-31
8411.T,8411,Mizuho Financial Group Inc,JP,Financials,0.11594,6591014,EQ.STOCK,2026-07-31
DHR,DHR,Danaher Corp,US,Health Care,0.11421,2250870,EQ.STOCK,2026-07-31
VRTX,VRTX,Vertex Pharmaceuticals Inc,US,Health Care,0.11414,2931034,EQ.STOCK,2026-07-31
CB,CB,Chubb Ltd,US,Financials,0.114,B3BQMF6,EQ.STOCK,2026-07-31
SBUX,SBUX,Starbucks Corp,US,Consumer Discretionary,0.11376,2842255,EQ.STOCK,2026-07-31
BP/.L,BP/,BP PLC,GB,Energy,0.1121,0798059,EQ.STOCK,2026-07-31
LMT,LMT,Lockheed Martin Corp,US,Industrials,0.11199,2522096,EQ.STOCK,2026-07-31
LOW,LOW,Lowe's Cos Inc,US,Consumer Discretionary,0.11185,2536763,EQ.STOCK,2026-07-31
NOW,NOW,ServiceNow Inc,US,Technology,0.11061,B80NXX8,EQ.STOCK,2026-07-31
ENB.TO,ENB,Enbridge Inc,CA,Energy,0.10998,2466149,EQ.STOCK,2026-07-31
ISP.MI,ISP,Intesa Sanpaolo SpA,IT,Financials,0.10852,4076836,EQ.STOCK,2026-07-31
MO,MO,Altria Group Inc,US,Consumer Staples,0.10726,2692632,EQ.STOCK,2026-07-31
SYK,SYK,Stryker Corp,US,Health Care,0.10669,2853688,EQ.STOCK,2026-07-31
DBS.SI,DBS,DBS Group Holdings Ltd,SG,Financials,0.10631,6175203,EQ.STOCK,2026-07-31
ZURN.SW,ZURN,Zurich Insurance Group AG,CH,Financials,0.10563,5983816,EQ.STOCK,2026-07-31
HWM,HWM,Howmet Aerospace Inc,US,Industrials,0.10557,BKLJ8V2,EQ.STOCK,2026-07-31
GLW,GLW,Corning Inc,US,Technology,0.10372,2224701,EQ.STOCK,2026-07-31
CM.TO,CM,Canadian Imperial Bank of Commerce,CA,Financials,0.10317,2170525,EQ.STOCK,2026-07-31
MDT,MDT,Medtronic PLC,US,Health Care,0.10275,BTN1Y11,EQ.STOCK,2026-07-31
005935.KS,005935,Samsung Electronics Co Ltd,KR,Telecommunications,0.10237,6773812,EQ.PREF,2026-07-31
6098.T,6098,Recruit Holdings Co Ltd,JP,Industrials,0.10226,BQRRZ00,EQ.STOCK,2026-07-31
0939.HK,939,China Construction Bank Corp,HK,Financials,0.10081,B0LMTQ3,EQ.STOCK,2026-07-31
MCK,MCK,McKesson Corp,US,Consumer Staples,0.10058,2378534,EQ.STOCK,2026-07-31
ADP,ADP,Automatic Data Processing Inc,US,Industrials,0.10028,2065308,EQ.STOCK,2026-07-31
BNS.TO,BNS,Bank of Nova Scotia/The,CA,Financials,0.09992,2076281,EQ.STOCK,2026-07-31
1299.HK,1299,AIA Group Ltd,HK,Financials,0.09979,B4TX8S1,EQ.STOCK,2026-07-31
BNY,BNY,Bank of New York Mellon Corp/The,US,Financials,0.09897,B1Z77F6,EQ.STOCK,2026-07-31
DTE.DE,DTE,Deutsche Telekom AG,DE,Telecommunications,0.09879,5842359,EQ.STOCK,2026-07-31
SO,SO,Southern Co/The,US,Utilities,0.0982,2829601,EQ.STOCK,2026-07-31
285A.T,285A,Kioxia Holdings Corp,JP,Technology,0.0976,BMGYJ02,EQ.STOCK,2026-07-31
ADBE,ADBE,Adobe Inc,US,Technology,0.09758,2008154,EQ.STOCK,2026-07-31
TT,TT,Trane Technologies PLC,US,Industrials,0.09698,BK9ZQ96,EQ.STOCK,2026-07-31
NEM,NEM,Newmont Corp,US,Basic Materials,0.09667,2636607,EQ.STOCK,2026-07-31
GSK.L,GSK,GSK PLC,GB,Health Care,0.09653,BN7SWP6,EQ.STOCK,2026-07-31
INGA.AS,INGA,ING Groep NV,NL,Financials,0.09593,BZ57390,EQ.STOCK,2026-07-31
ACN,ACN,Accenture PLC,US,Industrials,0.09588,B4BNMY3,EQ.STOCK,2026-07-31
FTNT,FTNT,Fortinet Inc,US,Technology,0.09547,B5B2106,EQ.STOCK,2026-07-31
CNQ.TO,CNQ,Canadian Natural Resources Ltd,CA,Energy,0.09471,2171573,EQ.STOCK,2026-07-31
EQIX,EQIX,Equinix Inc,US,Real Estate,0.09444,BVLZX12,EQ.REIT,2026-07-31
RIO.L,RIO,Rio Tinto PLC,GB,Basic Materials,0.09356,0718875,EQ.STOCK,2026-07-31
2317.TW,2317,Hon Hai Precision Industry Co Ltd,TW,Technology,0.09323,6438564,EQ.STOCK,2026-07-31
SNOW,SNOW,Snowflake Inc,US,Technology,0.09311,BN134B7,EQ.STOCK,2026-07-31
PWR,PWR,Quanta Services Inc,US,Industrials,0.09298,2150204,EQ.STOCK,2026-07-31
PNC,PNC,PNC Financial Services Group Inc/The,US,Financials,0.09297,2692665,EQ.STOCK,2026-07-31
GD,GD,General Dynamics Corp,US,Industrials,0.09233,2365161,EQ.STOCK,2026-07-31
8058.T,8058,Mitsubishi Corp,JP,Industrials,0.09216,6596785,EQ.STOCK,2026-07-31
CME,CME,CME Group Inc,US,Financials,0.09176,2965839,EQ.STOCK,2026-07-31
BX,BX,Blackstone Inc,US,Financials,0.09112,BKF2SL7,EQ.STOCK,2026-07-31
DUK,DUK,Duke Energy Corp,US,Utilities,0.09089,B7VD3F2,EQ.STOCK,2026-07-31
USB,USB,US Bancorp,US,Financials,0.09026,2736035,EQ.STOCK,2026-07-31
APP,APP,AppLovin Corp,US,Technology,0.09012,BMV3LG4,EQ.STOCK,2026-07-31
RELIANCE.NS,RELIANCE,Reliance Industries Ltd,IN,Energy,0.09001,6099626,EQ.STOCK,2026-07-31
CSX,CSX,CSX Corp,US,Industrials,0.08945,2160753,EQ.STOCK,2026-07-31
CDNS,CDNS,Cadence Design Systems Inc,US,Technology,0.08926,2302232,EQ.STOCK,2026-07-31
MPC,MPC,Marathon Petroleum Corp,US,Energy,0.08913,B3K3L40,EQ.STOCK,2026-07-31
2308.TW,2308,Delta Electronics Inc,TW,Industrials,0.08894,6260734,EQ.STOCK,2026-07-31
HDFCB.NS,HDFCB,HDFC Bank Ltd,IN,Financials,0.08891,BK1N461,EQ.STOCK,2026-07-31
IFX.DE,IFX,Infineon Technologies AG,DE,Technology,0.08888,5889505,EQ.STOCK,2026-07-31
BARC.L,BARC,Barclays PLC,GB,Financials,0.08811,3134865,EQ.STOCK,2026-07-31
VLO,VLO,Valero Energy Corp,US,Energy,0.08803,2041364,EQ.STOCK,2026-07-31
SAN.PA,SAN,Sanofi SA,FR,Health Care,0.08776,5671735,EQ.STOCK,2026-07-31
VRT,VRT,Vertiv Holdings Co,US,Technology,0.08758,BL3LWS8,EQ.STOCK,2026-07-31
MMM,MMM,3M Co,US,Industrials,0.08727,2595708,EQ.STOCK,2026-07-31
8766.T,8766,Tokio Marine Holdings Inc,JP,Financials,0.0869,6513126,EQ.STOCK,2026-07-31
MRSH,MRSH,Marsh & McLennan Cos Inc,US,Financials,0.08673,2567741,EQ.STOCK,2026-07-31
FCX,FCX,Freeport-McMoRan Inc,US,Basic Materials,0.08668,2352118,EQ.STOCK,2026-07-31
6861.T,6861,Keyence Corp,JP,Industrials,0.08631,6490995,EQ.STOCK,2026-07-31
JCI,JCI,Johnson Controls International plc,US,Industrials,0.08573,BY7QL61,EQ.STOCK,2026-07-31
LLOY.L,LLOY,Lloyds Banking Group PLC,GB,Financials,0.08524,0870612,EQ.STOCK,2026-07-31
WBC.AX,WBC,Westpac Banking Corp,AU,Financials,0.0846,6076146,EQ.STOCK,2026-07-31
INTU,INTU,Intuit Inc,US,Technology,0.08405,2459020,EQ.STOCK,2026-07-31
NET,NET,Cloudflare Inc,US,Technology,0.08375,BJXC5M2,EQ.STOCK,2026-07-31
BN.TO,BN,Brookfield Corp,CA,Financials,0.08366,BPCPYT4,EQ.STOCK,2026-07-31
DDOG,DDOG,Datadog Inc,US,Technology,0.08304,BKT9Y49,EQ.STOCK,2026-07-31
WMB,WMB,Williams Cos Inc/The,US,Energy,0.08273,2967181,EQ.STOCK,2026-07-31
CMCSA,CMCSA,Comcast Corp,US,Telecommunications,0.08262,2044545,EQ.STOCK,2026-07-31
MELI,MELI,MercadoLibre Inc,US,Consumer Discretionary,0.08261,B23X1H3,EQ.STOCK,2026-07-31
NAB.AX,NAB,National Australia Bank Ltd,AU,Financials,0.08259,6624608,EQ.STOCK,2026-07-31
ENEL.MI,ENEL,Enel SpA,IT,Utilities,0.08253,7144569,EQ.STOCK,2026-07-31
ICE,ICE,Intercontinental Exchange Inc,US,Financials,0.08204,BFSSDS9,EQ.STOCK,2026-07-31
CMI,CMI,Cummins Inc,US,Industrials,0.08172,2240202,EQ.STOCK,2026-07-31
PSX,PSX,Phillips 66,US,Energy,0.08171,B78C4Y8,EQ.STOCK,2026-07-31
9983.T,9983,Fast Retailing Co Ltd,JP,Consumer Discretionary,0.08157,6332439,EQ.STOCK,2026-07-31
CEG,CEG,Constellation Energy Corp,US,Utilities,0.08041,BMH4FS1,EQ.STOCK,2026-07-31
WM,WM,Waste Management Inc,US,Utilities,0.07967,2937667,EQ.STOCK,2026-07-31
TMUS,TMUS,T-Mobile US Inc,US,Telecommunications,0.07956,B94Q9V0,EQ.STOCK,2026-07-31
BA/.L,BA/,BAE Systems PLC,GB,Industrials,0.07936,0263494,EQ.STOCK,2026-07-31
EOG,EOG,EOG Resources Inc,US,Energy,0.07862,2318024,EQ.STOCK,2026-07-31
SU.TO,SU,Suncor Energy Inc,CA,Energy,0.0785,B3NB1P2,EQ.STOCK,2026-07-31
EMR,EMR,Emerson Electric Co,US,Industrials,0.07841,2313405,EQ.STOCK,2026-07-31
AMT,AMT,American Tower Corp,US,Real Estate,0.07789,B7FBFL2,EQ.REIT,2026-07-31
MAR,MAR,Marriott International Inc/MD,US,Consumer Discretionary,0.0778,2210614,EQ.STOCK,2026-07-31
8001.T,8001,ITOCHU Corp,JP,Industrials,0.07712,6467803,EQ.STOCK,2026-07-31
CP.TO,CP,Canadian Pacific Kansas City Ltd,CA,Industrials,0.07687,BMBQR09,EQ.STOCK,2026-07-31
CS.PA,CS,AXA SA,FR,Financials,0.07634,7088429,EQ.STOCK,2026-07-31
ABI.BR,ABI,Anheuser-Busch InBev SA/NV,BE,Consumer Staples,0.07614,BYYHL23,EQ.STOCK,2026-07-31
MDLZ,MDLZ,Mondelez International Inc,US,Consumer Staples,0.07604,B8CKK03,EQ.STOCK,2026-07-31
GM,GM,General Motors Co,US,Consumer Discretionary,0.07599,B665KZ5,EQ.STOCK,2026-07-31
SHW,SHW,Sherwin-Williams Co/The,US,Industrials,0.07565,2804211,EQ.STOCK,2026-07-31
ANZ.AX,ANZ,ANZ Group Holdings Ltd,AU,Financials,0.07553,6065586,EQ.STOCK,2026-07-31
RCL,RCL,Royal Caribbean Cruises Ltd,US,Consumer Discretionary,0.07544,2754907,EQ.STOCK,2026-07-31
ROST,ROST,Ross Stores Inc,US,Consumer Discretionary,0.07517,2746711,EQ.STOCK,2026-07-31
MUV2.DE,MUV2,Muenchener Rueckversicherungs-Gesellschaft AG in Muenchen,DE,Financials,0.07492,5294121,EQ.STOCK,2026-07-31
HON,HON,Honeywell International Inc,US,Industrials,0.07485,BN7RHC5,EQ.STOCK,2026-07-31
6981.T,6981,Murata Manufacturing Co Ltd,JP,Technology,0.07484,6610403,EQ.STOCK,2026-07-31
SPOT,SPOT,Spotify Technology SA,US,Consumer Discretionary,0.07404,BFZ1K46,EQ.STOCK,2026-07-31
ICICIBC.NS,ICICIBC,ICICI Bank Ltd,IN,Financials,0.07386,BSZ2BY7,EQ.STOCK,2026-07-31
8031.T,8031,Mitsui & Co Ltd,JP,Industrials,0.07348,6597302,EQ.STOCK,2026-07-31
NG/.L,NG/,National Grid PLC,GB,Utilities,0.07323,BDR05C0,EQ.STOCK,2026-07-31
UPS,UPS,United Parcel Service Inc,US,Industrials,0.07315,2517382,EQ.STOCK,2026-07-31
1398.HK,1398,Industrial & Commercial Bank of China Ltd,HK,Financials,0.07307,B1G1QD8,EQ.STOCK,2026-07-31
TRV,TRV,Travelers Cos Inc/The,US,Financials,0.07288,2769503,EQ.STOCK,2026-07-31
ITW,ITW,Illinois Tool Works Inc,US,Industrials,0.0728,2457552,EQ.STOCK,2026-07-31
GLEN.L,GLEN,Glencore PLC,GB,Basic Materials,0.07267,B4T3BW6,EQ.STOCK,2026-07-31
REGN,REGN,Regeneron Pharmaceuticals Inc,US,Health Care,0.0725,2730190,EQ.STOCK,2026-07-31
AON,AON,Aon PLC,US,Financials,0.07222,BLP1HW5,EQ.STOCK,2026-07-31
NWG.L,NWG,NatWest Group PLC,GB,Financials,0.07217,BM8PJY7,EQ.STOCK,2026-07-31
6503.T,6503,Mitsubishi Electric Corp,JP,Industrials,0.07183,6597045,EQ.STOCK,2026-07-31
NSC,NSC,Norfolk Southern Corp,US,Industrials,0.07163,2641894,EQ.STOCK,2026-07-31
SLB,SLB,SLB Ltd,US,Energy,0.07161,2779201,EQ.STOCK,2026-07-31
MFC.TO,MFC,Manulife Financial Corp,CA,Financials,0.07079,2492519,EQ.STOCK,2026-07-31
ORLY,ORLY,O'Reilly Automotive Inc,US,Consumer Discretionary,0.07061,B65LWX6,EQ.STOCK,2026-07-31
7011.T,7011,Mitsubishi Heavy Industries Ltd,JP,Industrials,0.07052,6597067,EQ.STOCK,2026-07-31
SNPS,SNPS,Synopsys Inc,US,Technology,0.07034,2867719,EQ.STOCK,2026-07-31
AEM.TO,AEM,Agnico Eagle Mines Ltd,CA,Basic Materials,0.06999,2009823,EQ.STOCK,2026-07-31
OCBC.SI,OCBC,Oversea-Chinese Banking Corp Ltd,SG,Financials,0.06976,B0F9V20,EQ.STOCK,2026-07-31
MCO,MCO,Moody's Corp,US,Financials,0.0697,2252058,EQ.STOCK,2026-07-31
CL,CL,Colgate-Palmolive Co,US,Consumer Staples,0.0694,2209106,EQ.STOCK,2026-07-31
SPG,SPG,Simon Property Group Inc,US,Real Estate,0.06921,2812452,EQ.REIT,2026-07-31
MSI,MSI,Motorola Solutions Inc,US,Telecommunications,0.06914,B5BKPQ4,EQ.STOCK,2026-07-31
ELV,ELV,Elevance Health Inc,US,Health Care,0.06904,BSPHGL4,EQ.STOCK,2026-07-31
CI,CI,Cigna Group/The,US,Health Care,0.06891,BHJ0775,EQ.STOCK,2026-07-31
NOC,NOC,Northrop Grumman Corp,US,Industrials,0.06851,2648806,EQ.STOCK,2026-07-31
DASH,DASH,DoorDash Inc,US,Technology,0.06839,BN13P03,EQ.STOCK,2026-07-31
HLT,HLT,Hilton Worldwide Holdings Inc,US,Consumer Discretionary,0.06794,BYVMW06,EQ.STOCK,2026-07-31
CNR.TO,CNR,Canadian National Railway Co,CA,Industrials,0.06693,2180632,EQ.STOCK,2026-07-31
ITX.MC,ITX,Industria de Diseno Textil SA,ES,Consumer Discretionary,0.06668,BP9DL90,EQ.STOCK,2026-07-31
WES.AX,WES,Wesfarmers Ltd,AU,Consumer Discretionary,0.06641,6948836,EQ.STOCK,2026-07-31
CTAS,CTAS,Cintas Corp,US,Industrials,0.06594,2197137,EQ.STOCK,2026-07-31
TDG,TDG,TransDigm Group Inc,US,Industrials,0.06576,B11FJK3,EQ.STOCK,2026-07-31
MPWR,MPWR,Monolithic Power Systems Inc,US,Technology,0.06575,B01Z7J1,EQ.STOCK,2026-07-31
BSX,BSX,Boston Scientific Corp,US,Health Care,0.06495,2113434,EQ.STOCK,2026-07-31
DG.PA,DG,Vinci SA,FR,Industrials,0.06479,B1XH026,EQ.STOCK,2026-07-31
TGT,TGT,Target Corp,US,Consumer Discretionary,0.0645,2259101,EQ.STOCK,2026-07-31
DLR,DLR,Digital Realty Trust Inc,US,Real Estate,0.0644,B03GQS4,EQ.REIT,2026-07-31
PCAR,PCAR,PACCAR Inc,US,Industrials,0.06429,2665861,EQ.STOCK,2026-07-31
ECL,ECL,Ecolab Inc,US,Basic Materials,0.06427,2304227,EQ.STOCK,2026-07-31
TRP.TO,TRP,TC Energy Corp,CA,Energy,0.06417,BJMY6G0,EQ.STOCK,2026-07-31
URI,URI,United Rentals Inc,US,Industrials,0.06407,2134781,EQ.STOCK,2026-07-31
ALL,ALL,Allstate Corp/The,US,Financials,0.06405,2019952,EQ.STOCK,2026-07-31
AEP,AEP,American Electric Power Co Inc,US,Utilities,0.06395,2026242,EQ.STOCK,2026-07-31
4063.T,4063,Shin-Etsu Chemical Co Ltd,JP,Basic Materials,0.06371,6804585,EQ.STOCK,2026-07-31
KKR,KKR,KKR & Co Inc,US,Financials,0.06364,BG1FRR1,EQ.STOCK,2026-07-31
PDD,PDD,PDD Holdings Inc,US,Technology,0.06334,BYVW0F7,EQ.DRCPT,2026-07-31
402340.KS,402340,SK Square Co Ltd,KR,Technology,0.06267,BMG3GS6,EQ.STOCK,2026-07-31
MNST,MNST,Monster Beverage Corp,US,Consumer Staples,0.06236,BZ07BW4,EQ.STOCK,2026-07-31
0388.HK,388,Hong Kong Exchanges & Clearing Ltd,HK,Financials,0.06208,6267359,EQ.STOCK,2026-07-31
HOOD,HOOD,Robinhood Markets Inc,US,Financials,0.06203,BP0TQN6,EQ.STOCK,2026-07-31
HONA,HONA,Honeywell Aerospace Inc,US,Industrials,0.06152,BN7RHB4,EQ.STOCK,2026-07-31
AJG,AJG,Arthur J Gallagher & Co,US,Financials,0.06151,2359506,EQ.STOCK,2026-07-31
3690.HK,3690,Meituan,HK,Technology,0.06149,BGJW376,EQ.STOCK,2026-07-31
APD,APD,Air Products and Chemicals Inc,US,Basic Materials,0.06143,2011602,EQ.STOCK,2026-07-31
FDX,FDX,FedEx Corp,US,Industrials,0.06138,2142784,EQ.STOCK,2026-07-31
TFC,TFC,Truist Financial Corp,US,Financials,0.06124,BKP7287,EQ.STOCK,2026-07-31
CRH,CRH,CRH PLC,US,Industrials,0.06103,B01ZKD6,EQ.STOCK,2026-07-31
1810.HK,1810,Xiaomi Corp,HK,Telecommunications,0.06098,BG0ZMJ9,EQ.STOCK,2026-07-31
HPE,HPE,Hewlett Packard Enterprise Co,US,Technology,0.06028,BYVYWS0,EQ.STOCK,2026-07-31
AI.PA,AI,Air Liquide SA,FR,Basic Materials,0.06019,B1YXBJ7,EQ.STOCK,2026-07-31
WBD,WBD,Warner Bros Discovery Inc,US,Consumer Discretionary,0.06013,BM8JYX3,EQ.STOCK,2026-07-31
TEL,TEL,TE Connectivity PLC,US,Technology,0.0601,BRC3N84,EQ.STOCK,2026-07-31
DBK.DE,DBK,Deutsche Bank AG,DE,Financials,0.05986,5750355,EQ.STOCK,2026-07-31
ABNB,ABNB,Airbnb Inc,US,Consumer Discretionary,0.05982,BMGYYH4,EQ.STOCK,2026-07-31
NDA.HE,NDA,Nordea Bank Abp,FI,Financials,0.05941,BFM0SV9,EQ.STOCK,2026-07-31
KMI,KMI,Kinder Morgan Inc,US,Energy,0.05921,B3NQ4P8,EQ.STOCK,2026-07-31
BHARTI.NS,BHARTI,Bharti Airtel Ltd,IN,Telecommunications,0.0591,6442327,EQ.STOCK,2026-07-31
REL.L,REL,RELX PLC,GB,Technology,0.0591,B2B0DG9,EQ.STOCK,2026-07-31
GLE.PA,GLE,Societe Generale SA,FR,Financials,0.05893,5966516,EQ.STOCK,2026-07-31
BKR,BKR,Baker Hughes Co,US,Energy,0.05839,BDHLTQ5,EQ.STOCK,2026-07-31
ABX.TO,ABX,Barrick Mining Corp,CA,Basic Materials,0.05813,BNM23Q1,EQ.STOCK,2026-07-31
HCA,HCA,HCA Healthcare Inc,US,Health Care,0.0579,B4MGBG6,EQ.STOCK,2026-07-31
DHL.DE,DHL,Deutsche Post AG,DE,Industrials,0.05771,4617859,EQ.STOCK,2026-07-31
FIX,FIX,Comfort Systems USA Inc,US,Industrials,0.05765,2036047,EQ.STOCK,2026-07-31
RMS.PA,RMS,Hermes International SCA,FR,Consumer Discretionary,0.05711,5253973,EQ.STOCK,2026-07-31
MQG.AX,MQG,Macquarie Group Ltd,AU,Financials,0.05708,B28YTC2,EQ.STOCK,2026-07-31
6752.T,6752,Panasonic Holdings Corp,JP,Consumer Discretionary,0.05691,6572707,EQ.STOCK,2026-07-31
D,D,Dominion Energy Inc,US,Utilities,0.05686,2542049,EQ.STOCK,2026-07-31
TER,TER,Teradyne Inc,US,Technology,0.05614,2884183,EQ.STOCK,2026-07-31
RHM.DE,RHM,Rheinmetall AG,DE,Industrials,0.056,5334588,EQ.STOCK,2026-07-31
GWW,GWW,WW Grainger Inc,US,Industrials,0.05597,2380863,EQ.STOCK,2026-07-31
3711.TW,3711,ASE Technology Holding Co Ltd,TW,Technology,0.05553,BFXZDY1,EQ.STOCK,2026-07-31
O,O,Realty Income Corp,US,Real Estate,0.05505,2724193,EQ.REIT,2026-07-31
KEYS,KEYS,Keysight Technologies Inc,US,Industrials,0.05502,BQZJ0Q9,EQ.STOCK,2026-07-31
NXPI,NXPI,NXP Semiconductors NV,US,Technology,0.0549,B505PN7,EQ.STOCK,2026-07-31
COR,COR,Cencora Inc,US,Consumer Staples,0.0548,2795393,EQ.STOCK,2026-07-31
OKE,OKE,ONEOK Inc,US,Energy,0.05468,2130109,EQ.STOCK,2026-07-31
VOLVB.ST,VOLVB,Volvo AB,SE,Industrials,0.0543,B1QH830,EQ.STOCK,2026-07-31
TRGP,TRGP,Targa Resources Corp,US,Energy,0.05429,B55PZY3,EQ.STOCK,2026-07-31
SPCX,SPCX,Space Exploration Technologies Corp,US,Telecommunications,0.05418,BXCVG25,EQ.STOCK,2026-07-31
NUE,NUE,Nucor Corp,US,Basic Materials,0.05409,2651086,EQ.STOCK,2026-07-31
F,F,Ford Motor Co,US,Consumer Discretionary,0.05318,2615468,EQ.STOCK,2026-07-31
AME,AME,AMETEK Inc,US,Industrials,0.05297,2089212,EQ.STOCK,2026-07-31
BAYN.DE,BAYN,Bayer AG,DE,Health Care,0.05287,5069211,EQ.STOCK,2026-07-31
LNG,LNG,Cheniere Energy Inc,US,Energy,0.05266,2654364,EQ.STOCK,2026-07-31
SRE,SRE,Sempra,US,Utilities,0.05264,2138158,EQ.STOCK,2026-07-31
4502.T,4502,Takeda Pharmaceutical Co Ltd,JP,Health Care,0.05259,6870445,EQ.STOCK,2026-07-31
PRX.AS,PRX,Prosus NV,NL,Technology,0.05248,BJDS7L3,EQ.STOCK,2026-07-31
LSEG.L,LSEG,London Stock Exchange Group PLC,GB,Financials,0.05228,B0SWJX3,EQ.STOCK,2026-07-31
DB1.DE,DB1,Deutsche Boerse AG,DE,Financials,0.05188,7021963,EQ.STOCK,2026-07-31
ROK,ROK,Rockwell Automation Inc,US,Industrials,0.05166,2754060,EQ.STOCK,2026-07-31
FAST,FAST,Fastenal Co,US,Basic Materials,0.05164,2332262,EQ.STOCK,2026-07-31
PSA,PSA,Public Storage,US,Real Estate,0.05146,2852533,EQ.REIT,2026-07-31
STAN.L,STAN,Standard Chartered PLC,GB,Financials,0.05143,0408284,EQ.STOCK,2026-07-31
AFL,AFL,Aflac Inc,US,Financials,0.05114,2026361,EQ.STOCK,2026-07-31
CAH,CAH,Cardinal Health Inc,US,Consumer Staples,0.05113,2175672,EQ.STOCK,2026-07-31
CIEN,CIEN,Ciena Corp,US,Telecommunications,0.05066,B1FLZ21,EQ.STOCK,2026-07-31
APO,APO,Apollo Global Management Inc,US,Financials,0.05061,BN44JF6,EQ.STOCK,2026-07-31
7741.T,7741,Hoya Corp,JP,Health Care,0.0505,6441506,EQ.STOCK,2026-07-31
CPG.L,CPG,Compass Group PLC,GB,Consumer Discretionary,0.05044,BD6K457,EQ.STOCK,2026-07-31
EL.PA,EL,EssilorLuxottica SA,FR,Health Care,0.0504,7212477,EQ.STOCK,2026-07-31
DVN,DVN,Devon Energy Corp,US,Energy,0.05014,2480677,EQ.STOCK,2026-07-31
CTVA,CTVA,Corteva Inc,US,Consumer Staples,0.05011,BK73B42,EQ.STOCK,2026-07-31
BAS.DE,BAS,BASF SE,DE,Basic Materials,0.04988,5086577,EQ.STOCK,2026-07-31
ENI.MI,ENI,Eni SpA,IT,Energy,0.04978,7145056,EQ.STOCK,2026-07-31
ARGX.BR,ARGX,Argenx SE,BE,Health Care,0.04967,BNHKYX4,EQ.STOCK,2026-07-31
AAL.L,AAL,Anglo American PLC,GB,Basic Materials,0.04959,BTK05J6,EQ.STOCK,2026-07-31
MET,MET,MetLife Inc,US,Financials,0.04958,2573209,EQ.STOCK,2026-07-31
3988.HK,3988,Bank of China Ltd,HK,Financials,0.04929,B154564,EQ.STOCK,2026-07-31
OR.PA,OR,L'Oreal SA,FR,Consumer Discretionary,0.04917,4057808,EQ.STOCK,2026-07-31
VALE3.SA,VALE3,Vale SA,BR,Basic Materials,0.04909,2196286,EQ.STOCK,2026-07-31
LHX,LHX,L3Harris Technologies Inc,US,Industrials,0.049,BK9DTN5,EQ.STOCK,2026-07-31
CABK.MC,CABK,CaixaBank SA,ES,Financials,0.04877,B283W97,EQ.STOCK,2026-07-31
EA,EA,Electronic Arts Inc,US,Consumer Discretionary,0.04866,2310194,EQ.STOCK,2026-07-31
EBAY,EBAY,eBay Inc,US,Consumer Discretionary,0.04864,2293819,EQ.STOCK,2026-07-31
VST,VST,Vistra Corp,US,Utilities,0.04802,BZ8VJQ8,EQ.STOCK,2026-07-31
STT,STT,State Street Corp,US,Financials,0.04801,2842040,EQ.STOCK,2026-07-31
9433.T,9433,KDDI Corp,JP,Telecommunications,0.04785,6248990,EQ.STOCK,2026-07-31
BN.PA,BN,Danone SA,FR,Consumer Staples,0.04785,B1Y9TB3,EQ.STOCK,2026-07-31
AMP,AMP,Ameriprise Financial Inc,US,Financials,0.04751,B0J7D57,EQ.STOCK,2026-07-31
WAB,WAB,Westinghouse Air Brake Technologies Corp,US,Industrials,0.04748,2955733,EQ.STOCK,2026-07-31
AZO,AZO,AutoZone Inc,US,Consumer Discretionary,0.04737,2065955,EQ.STOCK,2026-07-31
WPM.TO,WPM,Wheaton Precious Metals Corp,CA,Basic Materials,0.04737,BF13KN5,EQ.STOCK,2026-07-31
2914.T,2914,Japan Tobacco Inc,JP,Consumer Staples,0.04726,6474535,EQ.STOCK,2026-07-31
7974.T,7974,Nintendo Co Ltd,JP,Consumer Discretionary,0.04704,6639550,EQ.STOCK,2026-07-31
9999.HK,9999,NetEase Inc,HK,Consumer Discretionary,0.04701,BM93SF4,EQ.STOCK,2026-07-31
NKE,NKE,NIKE Inc,US,Consumer Discretionary,0.04696,2640147,EQ.STOCK,2026-07-31
CARR,CARR,Carrier Global Corp,US,Industrials,0.04684,BK4N0D7,EQ.STOCK,2026-07-31
2318.HK,2318,Ping An Insurance Group Co of China Ltd,HK,Financials,0.04682,B01FLR7,EQ.STOCK,2026-07-31
FITB,FITB,Fifth Third Bancorp,US,Financials,0.04677,2336747,EQ.STOCK,2026-07-31
DGE.L,DGE,Diageo PLC,GB,Consumer Staples,0.04656,0237400,EQ.STOCK,2026-07-31
RWE.DE,RWE,RWE AG,DE,Utilities,0.04656,4768962,EQ.STOCK,2026-07-31
ADSK,ADSK,Autodesk Inc,US,Technology,0.04645,2065159,EQ.STOCK,2026-07-31
ATD.TO,ATD,Alimentation Couche-Tard Inc,CA,Consumer Discretionary,0.04622,BL56KN2,EQ.STOCK,2026-07-31
LONN.SW,LONN,Lonza Group AG,CH,Health Care,0.04616,7333378,EQ.STOCK,2026-07-31
EW,EW,Edwards Lifesciences Corp,US,Health Care,0.04583,2567116,EQ.STOCK,2026-07-31
XEL,XEL,Xcel Energy Inc,US,Utilities,0.04578,2614807,EQ.STOCK,2026-07-31
SREN.SW,SREN,Swiss Re AG,CH,Financials,0.04567,B545MG5,EQ.STOCK,2026-07-31
8002.T,8002,Marubeni Corp,JP,Industrials,0.04557,6569464,EQ.STOCK,2026-07-31
CMG,CMG,Chipotle Mexican Grill Inc,US,Consumer Discretionary,0.04547,B0X7DZ3,EQ.STOCK,2026-07-31
ETR,ETR,Entergy Corp,US,Utilities,0.04522,2317087,EQ.STOCK,2026-07-31
NOKIA.HE,NOKIA,Nokia Oyj,FI,Telecommunications,0.04514,5902941,EQ.STOCK,2026-07-31
NU,NU,NU Holdings Ltd/Cayman Islands,US,Financials,0.04512,BN6NP19,EQ.STOCK,2026-07-31
ALAB,ALAB,Astera Labs Inc,US,Technology,0.04489,BMTQ7V2,EQ.STOCK,2026-07-31
GRMN,GRMN,Garmin Ltd,US,Consumer Discretionary,0.04468,B3Z5T14,EQ.STOCK,2026-07-31
8591.T,8591,ORIX Corp,JP,Financials,0.04459,6661144,EQ.STOCK,2026-07-31
2303.TW,2303,United Microelectronics Corp,TW,Technology,0.04444,6916628,EQ.STOCK,2026-07-31
RIO.AX,RIO,Rio Tinto Ltd,AU,Basic Materials,0.04442,6220103,EQ.STOCK,2026-07-31
EOAN.DE,EOAN,E.ON SE,DE,Utilities,0.04431,4942904,EQ.STOCK,2026-07-31
G.MI,G,Generali,IT,Financials,0.04415,4056719,EQ.STOCK,2026-07-31
RJHI.SR,RJHI,Al Rajhi Bank,SA,Financials,0.04406,B12LZH9,EQ.STOCK,2026-07-31
EXC,EXC,Exelon Corp,US,Utilities,0.04404,2670519,EQ.STOCK,2026-07-31
ITUB4.SA,ITUB4,Itau Unibanco Holding SA,BR,Financials,0.04389,B037HR3,EQ.PREF,2026-07-31
BDX,BDX,Becton Dickinson & Co,US,Health Care,0.04387,2087807,EQ.STOCK,2026-07-31
COHR,COHR,Coherent Corp,US,Technology,0.04376,BNG8Z81,EQ.STOCK,2026-07-31
INVEB.ST,INVEB,Investor AB,SE,Financials,0.04363,BMV7PQ4,EQ.STOCK,2026-07-31
INVEA.ST,INVEA,Investor AB,SE,Financials,0.04338,BMV7PN1,EQ.STOCK,2026-07-31
RKT.L,RKT,Reckitt Benckiser Group PLC,GB,Consumer Staples,0.04331,BSZBP53,EQ.STOCK,2026-07-31
009150.KS,009150,Samsung Electro-Mechanics Co Ltd,KR,Technology,0.04289,6771689,EQ.STOCK,2026-07-31
HUM,HUM,Humana Inc,US,Health Care,0.04278,2445063,EQ.STOCK,2026-07-31
SLF.TO,SLF,Sun Life Financial Inc,CA,Financials,0.04249,2566124,EQ.STOCK,2026-07-31
IDXX,IDXX,IDEXX Laboratories Inc,US,Health Care,0.04236,2459202,EQ.STOCK,2026-07-31
ATCOB.ST,ATCOB,Atlas Copco AB,SE,Industrials,0.04215,BLDBN52,EQ.STOCK,2026-07-31
VTR,VTR,Ventas Inc,US,Real Estate,0.04204,2927925,EQ.REIT,2026-07-31
ASM.AS,ASM,ASM International NV,NL,Technology,0.04184,5165294,EQ.STOCK,2026-07-31
6367.T,6367,Daikin Industries Ltd,JP,Industrials,0.04179,6250724,EQ.STOCK,2026-07-31
HOLN.SW,HOLN,Holcim AG,CH,Industrials,0.04175,7110753,EQ.STOCK,2026-07-31
RACE.MI,RACE,Ferrari NV,IT,Consumer Discretionary,0.04162,BD6G507,EQ.STOCK,2026-07-31
TTWO,TTWO,Take-Two Interactive Software Inc,US,Consumer Discretionary,0.04141,2122117,EQ.STOCK,2026-07-31
SGO.PA,SGO,Cie de Saint-Gobain SA,FR,Industrials,0.0414,7380482,EQ.STOCK,2026-07-31
1211.HK,1211,BYD Co Ltd,HK,Consumer Discretionary,0.04137,6536651,EQ.STOCK,2026-07-31
CVNA,CVNA,Carvana Co,US,Consumer Discretionary,0.04133,BYQHPG3,EQ.STOCK,2026-07-31
FERG,FERG,Ferguson Enterprises Inc,US,Industrials,0.04123,BS6VHW3,EQ.STOCK,2026-07-31
8750.T,8750,Daiichi Life Group Inc,JP,Financials,0.04117,B601QS4,EQ.STOCK,2026-07-31
TSCO.L,TSCO,Tesco PLC,GB,Consumer Staples,0.04104,BLGZ986,EQ.STOCK,2026-07-31
CBRE,CBRE,CBRE Group Inc,US,Real Estate,0.04094,B6WVMH3,EQ.STOCK,2026-07-31
WDS.AX,WDS,Woodside Energy Group Ltd,AU,Energy,0.0406,BMGT167,EQ.STOCK,2026-07-31
CSU.TO,CSU,Constellation Software Inc/Canada,CA,Technology,0.04059,B15C4L6,EQ.STOCK,2026-07-31
AIG,AIG,American International Group Inc,US,Financials,0.04049,2027342,EQ.STOCK,2026-07-31
WCN.TO,WCN,Waste Connections Inc,CA,Utilities,0.04033,BYQFRK5,EQ.STOCK,2026-07-31
CSL.AX,CSL,CSL Ltd,AU,Health Care,0.04029,6185495,EQ.STOCK,2026-07-31
PRU,PRU,Prudential Financial Inc,US,Financials,0.04016,2819118,EQ.STOCK,2026-07-31
CVE.TO,CVE,Cenovus Energy Inc,CA,Energy,0.04007,B57FG04,EQ.STOCK,2026-07-31
HLN.L,HLN,Haleon PLC,GB,Health Care,0.03997,BMX86B7,EQ.STOCK,2026-07-31
GMG.AX,GMG,Goodman Group,AU,Real Estate,0.03995,B03FYZ4,EQ.REIT,2026-07-31
YUM,YUM,Yum! Brands Inc,US,Consumer Discretionary,0.03973,2098876,EQ.STOCK,2026-07-31
5803.T,5803,Fujikura Ltd,JP,Industrials,0.03954,6356707,EQ.STOCK,2026-07-31
IQV,IQV,IQVIA Holdings Inc,US,Health Care,0.03943,BDR73G1,EQ.STOCK,2026-07-31
FLEX,FLEX,Flex Ltd,US,Technology,0.0394,2353058,EQ.STOCK,2026-07-31
OXY,OXY,Occidental Petroleum Corp,US,Energy,0.03937,2655408,EQ.STOCK,2026-07-31
INFO.NS,INFO,Infosys Ltd,IN,Technology,0.03934,6205122,EQ.STOCK,2026-07-31
NDAQ,NDAQ,Nasdaq Inc,US,Financials,0.03931,2965107,EQ.STOCK,2026-07-31
2383.TW,2383,Elite Material Co Ltd,TW,Technology,0.03924,6316121,EQ.STOCK,2026-07-31
ORA.PA,ORA,Orange SA,FR,Telecommunications,0.03916,5176177,EQ.STOCK,2026-07-31
FANG,FANG,Diamondback Energy Inc,US,Energy,0.03899,B7Y8YR3,EQ.STOCK,2026-07-31
ROP,ROP,Roper Technologies Inc,US,Technology,0.03896,2749602,EQ.STOCK,2026-07-31
DSV.CO,DSV,DSV A/S,DK,Industrials,0.03893,B1WT5G2,EQ.STOCK,2026-07-31
105560.KS,105560,KB Financial Group Inc,KR,Financials,0.03885,B3DF0Y6,EQ.STOCK,2026-07-31
KDP,KDP,Keurig Dr Pepper Inc,US,Consumer Staples,0.03868,BD3W133,EQ.STOCK,2026-07-31
PETR3.SA,PETR3,Petroleo Brasileiro SA,BR,Energy,0.03865,2682365,EQ.STOCK,2026-07-31
9618.HK,9618,JD.com Inc,HK,Consumer Discretionary,0.03864,BKPQZT6,EQ.STOCK,2026-07-31
MSCI,MSCI,MSCI Inc,US,Financials,0.03853,B2972D2,EQ.STOCK,2026-07-31
9434.T,9434,SoftBank Corp,JP,Telecommunications,0.03827,BF5M0K5,EQ.STOCK,2026-07-31
FNV.TO,FNV,Franco-Nevada Corp,CA,Basic Materials,0.03822,B29NF31,EQ.STOCK,2026-07-31
NPN.JO,NPN,Naspers Ltd,ZA,Technology,0.0382,BV2FFX7,EQ.STOCK,2026-07-31
6954.T,6954,FANUC Corp,JP,Industrials,0.03811,6356934,EQ.STOCK,2026-07-31
GALD.SW,GALD,Galderma Group AG,CH,Health Care,0.03803,BRC2T72,EQ.STOCK,2026-07-31
MBG.DE,MBG,Mercedes-Benz Group AG,DE,Consumer Discretionary,0.03801,5529027,EQ.STOCK,2026-07-31
RSG,RSG,Republic Services Inc,US,Utilities,0.03798,2262530,EQ.STOCK,2026-07-31
AXON,AXON,Axon Enterprise Inc,US,Industrials,0.03785,BDT5S35,EQ.STOCK,2026-07-31
PRY.MI,PRY,Prysmian SpA,IT,Industrials,0.03785,B1W4V69,EQ.STOCK,2026-07-31
7267.T,7267,Honda Motor Co Ltd,JP,Consumer Discretionary,0.03749,6435145,EQ.STOCK,2026-07-31
ED,ED,Consolidated Edison Inc,US,Utilities,0.03743,2216850,EQ.STOCK,2026-07-31
5802.T,5802,Sumitomo Electric Industries Ltd,JP,Consumer Discretionary,0.03742,6858708,EQ.STOCK,2026-07-31
ODFL,ODFL,Old Dominion Freight Line Inc,US,Industrials,0.03742,2656423,EQ.STOCK,2026-07-31
UOB.SI,UOB,United Overseas Bank Ltd,SG,Financials,0.0374,6916781,EQ.STOCK,2026-07-31
SYY,SYY,Sysco Corp,US,Consumer Staples,0.03736,2868165,EQ.STOCK,2026-07-31
MCHP,MCHP,Microchip Technology Inc,US,Technology,0.0372,2592174,EQ.STOCK,2026-07-31
XYZ,XYZ,Block Inc,US,Industrials,0.03715,BYNZGK1,EQ.STOCK,2026-07-31
8053.T,8053,Sumitomo Corp,JP,Industrials,0.03714,6858946,EQ.STOCK,2026-07-31
LR.PA,LR,Legrand SA,FR,Industrials,0.03714,B11ZRK9,EQ.STOCK,2026-07-31
ARAMCO.SR,ARAMCO,Saudi Arabian Oil Co,SA,Energy,0.03701,BJTM270,EQ.STOCK,2026-07-31
A,A,Agilent Technologies Inc,US,Health Care,0.037,2520153,EQ.STOCK,2026-07-31
SIKA.SW,SIKA,Sika AG,CH,Industrials,0.03693,BF2DSG3,EQ.STOCK,2026-07-31
IBKR,IBKR,Interactive Brokers Group Inc,US,Financials,0.03689,B1WT4X2,EQ.STOCK,2026-07-31
SAND.ST,SAND,Sandvik AB,SE,Industrials,0.0368,B1VQ252,EQ.STOCK,2026-07-31
6701.T,6701,NEC Corp,JP,Technology,0.03677,6640400,EQ.STOCK,2026-07-31
8725.T,8725,MS&AD Insurance Group Holdings Inc,JP,Financials,0.03668,B2Q4CS1,EQ.STOCK,2026-07-31
8630.T,8630,Sompo Holdings Inc,JP,Financials,0.03613,B62G7K6,EQ.STOCK,2026-07-31
6301.T,6301,Komatsu Ltd,JP,Industrials,0.03606,6496584,EQ.STOCK,2026-07-31
PYPL,PYPL,PayPal Holdings Inc,US,Industrials,0.03605,BYW36M8,EQ.STOCK,2026-07-31
SSE.L,SSE,SSE PLC,GB,Utilities,0.03604,0790873,EQ.STOCK,2026-07-31
ADM,ADM,Archer-Daniels-Midland Co,US,Consumer Staples,0.03576,2047317,EQ.STOCK,2026-07-31
PAYX,PAYX,Paychex Inc,US,Industrials,0.03564,2674458,EQ.STOCK,2026-07-31
2891.TW,2891,CTBC Financial Holding Co Ltd,TW,Financials,0.03555,6527666,EQ.STOCK,2026-07-31
PRU.L,PRU,Prudential PLC,GB,Financials,0.0355,0709954,EQ.STOCK,2026-07-31
DANSKE.CO,DANSKE,Danske Bank A/S,DK,Financials,0.03549,4588825,EQ.STOCK,2026-07-31
DHI,DHI,DR Horton Inc,US,Consumer Discretionary,0.03539,2250687,EQ.STOCK,2026-07-31
EME,EME,EMCOR Group Inc,US,Industrials,0.03538,2474164,EQ.STOCK,2026-07-31
KVUE,KVUE,Kenvue Inc,US,Consumer Staples,0.03536,BQ84ZQ6,EQ.STOCK,2026-07-31
CLS.TO,CLS,Celestica Inc,CA,Technology,0.03534,BSCB6L9,EQ.STOCK,2026-07-31
6702.T,6702,Fujitsu Ltd,JP,Technology,0.03532,6356945,EQ.STOCK,2026-07-31
ANG.JO,ANG,Anglogold Ashanti Plc,ZA,Basic Materials,0.03527,BRF6FX9,EQ.STOCK,2026-07-31
PEG,PEG,Public Service Enterprise Group Inc,US,Utilities,0.03525,2707677,EQ.STOCK,2026-07-31
TEVA.TA,TEVA,Teva Pharmaceutical Industries Ltd,IL,Health Care,0.03515,6882172,EQ.STOCK,2026-07-31
HIG,HIG,Hartford Financial Services Group Inc/The,US,Financials,0.03513,2476193,EQ.STOCK,2026-07-31
FFH.TO,FFH,Fairfax Financial Holdings Ltd,CA,Financials,0.03509,2566351,EQ.STOCK,2026-07-31
6762.T,6762,TDK Corp,JP,Industrials,0.03504,6869302,EQ.STOCK,2026-07-31
III.L,III,3i Group PLC,GB,Financials,0.03497,B1YW440,EQ.STOCK,2026-07-31
PCG,PCG,PG&E Corp,US,Utilities,0.03485,2689560,EQ.STOCK,2026-07-31
WAT,WAT,Waters Corp,US,Health Care,0.03485,2937689,EQ.STOCK,2026-07-31
CCO.TO,CCO,Cameco Corp,CA,Basic Materials,0.03467,2166160,EQ.STOCK,2026-07-31
LUMI.TA,LUMI,Bank Leumi Le-Israel BM,IL,Financials,0.03429,6076425,EQ.STOCK,2026-07-31
005380.KS,005380,Hyundai Motor Co,KR,Consumer Discretionary,0.03428,6451055,EQ.STOCK,2026-07-31
NTRA,NTRA,Natera Inc,US,Health Care,0.03426,BYQRG48,EQ.STOCK,2026-07-31
ASSAB.ST,ASSAB,Assa Abloy AB,SE,Industrials,0.0342,BYPC1T4,EQ.STOCK,2026-07-31
EBS.VI,EBS,Erste Group Bank AG,AT,Financials,0.03412,5289837,EQ.STOCK,2026-07-31
GMEXICOB.MX,GMEXICOB,Grupo Mexico SAB de CV,MX,Basic Materials,0.03407,2643674,EQ.STOCK,2026-07-31
4578.T,4578,Otsuka Holdings Co Ltd,JP,Health Care,0.03404,B5LTM93,EQ.STOCK,2026-07-31
DOL.TO,DOL,Dollarama Inc,CA,Consumer Discretionary,0.03397,B4TP9G2,EQ.STOCK,2026-07-31
MTB,MTB,M&T Bank Corp,US,Financials,0.0339,2340168,EQ.STOCK,2026-07-31
STMMI.MI,STMMI,STMicroelectronics NV,IT,Technology,0.03386,5962343,EQ.STOCK,2026-07-31
POW.TO,POW,Power Corp of Canada,CA,Financials,0.03379,2697701,EQ.STOCK,2026-07-31
IFC.TO,IFC,Intact Financial Corp,CA,Financials,0.03363,B04YJV1,EQ.STOCK,2026-07-31
ATCOA.ST,ATCOA,Atlas Copco AB,SE,Industrials,0.03347,BLDBN41,EQ.STOCK,2026-07-31
KMB,KMB,Kimberly-Clark Corp,US,Consumer Staples,0.03335,2491839,EQ.STOCK,2026-07-31
IRM,IRM,Iron Mountain Inc,US,Real Estate,0.03329,BVFTF03,EQ.REIT,2026-07-31
STLD,STLD,Steel Dynamics Inc,US,Basic Materials,0.03315,2849472,EQ.STOCK,2026-07-31
CCL,CCL,Carnival Corp Ltd,US,Consumer Discretionary,0.03301,BVV7RC7,EQ.STOCK,2026-07-31
CCI,CCI,Crown Castle Inc,US,Real Estate,0.03287,BTGQCX1,EQ.REIT,2026-07-31
RKLB,RKLB,Rocket Lab Corp,US,Industrials,0.03283,BT6C8Z3,EQ.STOCK,2026-07-31
ACGL,ACGL,Arch Capital Group Ltd,US,Financials,0.03282,2740542,EQ.STOCK,2026-07-31
VMC,VMC,Vulcan Materials Co,US,Industrials,0.03282,2931205,EQ.STOCK,2026-07-31
FER.MC,FER,Ferrovial NV,ES,Industrials,0.03258,BRS7CF0,EQ.STOCK,2026-07-31
7182.T,7182,Japan Post Bank Co Ltd,JP,Financials,0.03254,BYT8165,EQ.STOCK,2026-07-31
AD.AS,AD,Koninklijke Ahold Delhaize NV,NL,Consumer Staples,0.03254,BD0Q398,EQ.STOCK,2026-07-31
6723.T,6723,Renesas Electronics Corp,JP,Technology,0.03235,6635677,EQ.STOCK,2026-07-31
ON,ON,ON Semiconductor Corp,US,Technology,0.03228,2583576,EQ.STOCK,2026-07-31
HBAN,HBAN,Huntington Bancshares Inc/OH,US,Financials,0.03222,2445966,EQ.STOCK,2026-07-31
BAF.NS,BAF,Bajaj Finance Ltd,IN,Financials,0.0322,BTFGH15,EQ.STOCK,2026-07-31
SDZ.SW,SDZ,Sandoz Group AG,CH,Health Care,0.03212,BLPLD38,EQ.STOCK,2026-07-31
OTP.BD,OTP,OTP Bank Nyrt,HU,Financials,0.03211,7320154,EQ.STOCK,2026-07-31
MM.NS,MM,Mahindra & Mahindra Ltd,IN,Consumer Discretionary,0.03198,6100186,EQ.STOCK,2026-07-31
AIRB.PA,AIRB,Air Liquide SA,FR,Basic Materials,0.03197,B1YW1V6,EQ.STOCK,2026-07-31
REP.MC,REP,Repsol SA,ES,Energy,0.03196,5669354,EQ.STOCK,2026-07-31
KR,KR,Kroger Co/The,US,Consumer Staples,0.0319,2497406,EQ.STOCK,2026-07-31
NTR.TO,NTR,Nutrien Ltd,CA,Basic Materials,0.03179,BDRJLN0,EQ.STOCK,2026-07-31
ZTS,ZTS,Zoetis Inc,US,Health Care,0.03178,B95WG16,EQ.STOCK,2026-07-31
EQT,EQT,EQT Corp,US,Energy,0.03171,2319414,EQ.STOCK,2026-07-31
EXPE,EXPE,Expedia Group Inc,US,Consumer Discretionary,0.03171,B748CK2,EQ.STOCK,2026-07-31
EXR,EXR,Extra Space Storage Inc,US,Real Estate,0.0317,B02HWR9,EQ.REIT,2026-07-31
WDAY,WDAY,Workday Inc,US,Technology,0.03169,B8K6ZD1,EQ.STOCK,2026-07-31
COIN,COIN,Coinbase Global Inc,US,Financials,0.03166,BMC9P69,EQ.STOCK,2026-07-31
MTD,MTD,Mettler-Toledo International Inc,US,Industrials,0.03148,2126249,EQ.STOCK,2026-07-31
EXPN.L,EXPN,Experian PLC,GB,Industrials,0.03132,B19NLV4,EQ.STOCK,2026-07-31
POLI.TA,POLI,Bank Hapoalim BM,IL,Financials,0.03117,6075808,EQ.STOCK,2026-07-31
GFNORTEO.MX,GFNORTEO,Grupo Financiero Banorte SAB de CV,MX,Financials,0.03114,2421041,EQ.STOCK,2026-07-31
NTRS,NTRS,Northern Trust Corp,US,Financials,0.03103,2648668,EQ.STOCK,2026-07-31
PETR4.SA,PETR4,Petroleo Brasileiro SA,BR,Energy,0.031,2684532,EQ.PREF,2026-07-31
2882.TW,2882,Cathay Financial Holding Co Ltd,TW,Financials,0.03092,6425663,EQ.STOCK,2026-07-31
ALC.SW,ALC,Alcon AG,CH,Health Care,0.03092,BJT1GR5,EQ.STOCK,2026-07-31
WOW.AX,WOW,Woolworths Group Ltd,AU,Consumer Staples,0.03091,6981239,EQ.STOCK,2026-07-31
WEC,WEC,WEC Energy Group Inc,US,Utilities,0.03085,BYY8XK8,EQ.STOCK,2026-07-31
KBC.BR,KBC,KBC Group NV,BE,Financials,0.0307,4497749,EQ.STOCK,2026-07-31
6971.T,6971,Kyocera Corp,JP,Technology,0.03069,6499260,EQ.STOCK,2026-07-31
ENGI.PA,ENGI,Engie SA,FR,Utilities,0.03061,B0C2CQ3,EQ.STOCK,2026-07-31
SLHN.SW,SLHN,Swiss Life Holding AG,CH,Financials,0.03061,7437805,EQ.STOCK,2026-07-31
2881.TW,2881,Fubon Financial Holding Co Ltd,TW,Financials,0.03046,6411673,EQ.STOCK,2026-07-31
TDY,TDY,Teledyne Technologies Inc,US,Industrials,0.03038,2503477,EQ.STOCK,2026-07-31
CBOE,CBOE,Cboe Global Markets Inc,US,Financials,0.03032,B5834C5,EQ.STOCK,2026-07-31
DXCM,DXCM,Dexcom Inc,US,Health Care,0.03023,B0796X4,EQ.STOCK,2026-07-31
IR,IR,Ingersoll Rand Inc,US,Industrials,0.0302,BL5GZ82,EQ.STOCK,2026-07-31
TCL.AX,TCL,Transurban Group,AU,Industrials,0.02982,6200882,EQ.STOCK,2026-07-31
SWEDA.ST,SWEDA,Swedbank AB,SE,Financials,0.02974,4846523,EQ.STOCK,2026-07-31
MSTR,MSTR,Strategy Inc,US,Technology,0.02964,2974329,EQ.STOCK,2026-07-31
ILMN,ILMN,Illumina Inc,US,Health Care,0.02961,2613990,EQ.STOCK,2026-07-31
RMD,RMD,ResMed Inc,US,Health Care,0.02954,2732903,EQ.STOCK,2026-07-31
WTW,WTW,Willis Towers Watson PLC,US,Financials,0.02953,BDB6Q21,EQ.STOCK,2026-07-31
BIIB,BIIB,Biogen Inc,US,Health Care,0.02947,2455965,EQ.STOCK,2026-07-31
NTAP,NTAP,NetApp Inc,US,Technology,0.02939,2630643,EQ.STOCK,2026-07-31
055550.KS,055550,Shinhan Financial Group Co Ltd,KR,Financials,0.02938,6397502,EQ.STOCK,2026-07-31
CFG,CFG,Citizens Financial Group Inc,US,Financials,0.0293,BQRX1X3,EQ.STOCK,2026-07-31
8015.T,8015,Toyota Tsusho Corp,JP,Industrials,0.02924,6900580,EQ.STOCK,2026-07-31
UCB.BR,UCB,UCB SA,BE,Health Care,0.02924,5596991,EQ.STOCK,2026-07-31
MLM,MLM,Martin Marietta Materials Inc,US,Industrials,0.0292,2572079,EQ.STOCK,2026-07-31
FTS.TO,FTS,Fortis Inc/Canada,CA,Utilities,0.02909,2347200,EQ.STOCK,2026-07-31
2887.TW,2887,TS Financial Holding Co Ltd,TW,Financials,0.02904,6451680,EQ.STOCK,2026-07-31
CNC,CNC,Centene Corp,US,Health Care,0.02901,2807061,EQ.STOCK,2026-07-31
9888.HK,9888,Baidu Inc,HK,Technology,0.029,B0J2D41,EQ.STOCK,2026-07-31
GEHC,GEHC,GE HealthCare Technologies Inc,US,Health Care,0.02895,BL6JPG8,EQ.STOCK,2026-07-31
2345.TW,2345,Accton Technology Corp,TW,Telecommunications,0.02891,6005214,EQ.STOCK,2026-07-31
5108.T,5108,Bridgestone Corp,JP,Consumer Discretionary,0.02884,6132101,EQ.STOCK,2026-07-31
4901.T,4901,FUJIFILM Holdings Corp,JP,Technology,0.0287,6356525,EQ.STOCK,2026-07-31
6146.T,6146,Disco Corp,JP,Technology,0.02862,6270948,EQ.STOCK,2026-07-31
SNB.SR,SNB,Saudi National Bank/The,SA,Financials,0.02856,BSHYYN1,EQ.STOCK,2026-07-31
RF,RF,Regions Financial Corp,US,Financials,0.02851,B01R311,EQ.STOCK,2026-07-31
8308.T,8308,Resona Holdings Inc,JP,Financials,0.0285,6421553,EQ.STOCK,2026-07-31
MT.AS,MT,ArcelorMittal SA,NL,Basic Materials,0.02843,BYPBS67,EQ.STOCK,2026-07-31
CBK.DE,CBK,Commerzbank AG,DE,Financials,0.02836,B90LKT4,EQ.STOCK,2026-07-31
ADS.DE,ADS,adidas AG,DE,Consumer Discretionary,0.02832,4031976,EQ.STOCK,2026-07-31
FSR.JO,FSR,FirstRand Ltd,ZA,Financials,0.0283,6606996,EQ.STOCK,2026-07-31
GIVN.SW,GIVN,Givaudan SA,CH,Basic Materials,0.02827,5980613,EQ.STOCK,2026-07-31
VEEV,VEEV,Veeva Systems Inc,US,Health Care,0.02822,BFH3N85,EQ.STOCK,2026-07-31
9961.HK,9961,Trip.com Group Ltd,HK,Consumer Discretionary,0.02815,BNYK8H9,EQ.STOCK,2026-07-31
3382.T,3382,Seven & i Holdings Co Ltd,JP,Consumer Staples,0.02813,B0FS5D6,EQ.STOCK,2026-07-31
8309.T,8309,Sumitomo Mitsui Trust Group Inc,JP,Financials,0.02812,6431897,EQ.STOCK,2026-07-31
VOD.L,VOD,Vodafone Group PLC,GB,Telecommunications,0.02802,BH4HKS3,EQ.STOCK,2026-07-31
TECK/B.TO,TECK/B,Teck Resources Ltd,CA,Basic Materials,0.02797,2879327,EQ.STOCK,2026-07-31
DTE,DTE,DTE Energy Co,US,Utilities,0.02796,2280220,EQ.STOCK,2026-07-31
SEBA.ST,SEBA,Skandinaviska Enskilda Banken AB,SE,Financials,0.02788,4813345,EQ.STOCK,2026-07-31
IMB.L,IMB,Imperial Brands PLC,GB,Consumer Staples,0.02782,0454492,EQ.STOCK,2026-07-31
LT.NS,LT,Larsen & Toubro Ltd,IN,Industrials,0.02779,B0166K8,EQ.STOCK,2026-07-31
0001.HK,1,CK Hutchison Holdings Ltd,HK,Industrials,0.02775,BW9P816,EQ.STOCK,2026-07-31
EQNR.OL,EQNR,Equinor ASA,NO,Energy,0.02773,7133608,EQ.STOCK,2026-07-31
3037.TW,3037,Unimicron Technology Corp,TW,Technology,0.02767,6137720,EQ.STOCK,2026-07-31
AEE,AEE,Ameren Corp,US,Utilities,0.02763,2050832,EQ.STOCK,2026-07-31
ADYEN.AS,ADYEN,Adyen NV,NL,Industrials,0.02758,BZ1HM42,EQ.STOCK,2026-07-31
4519.T,4519,Chugai Pharmaceutical Co Ltd,JP,Health Care,0.02753,6196408,EQ.STOCK,2026-07-31
4568.T,4568,Daiichi Sankyo Co Ltd,JP,Health Care,0.02751,B0J7D91,EQ.STOCK,2026-07-31
SYF,SYF,Synchrony Financial,US,Technology,0.02719,BP96PS6,EQ.STOCK,2026-07-31
AXSB.NS,AXSB,Axis Bank Ltd,IN,Financials,0.02713,BPFJHC7,EQ.STOCK,2026-07-31
FISV,FISV,Fiserv Inc,US,Industrials,0.0271,2342034,EQ.STOCK,2026-07-31
0992.HK,992,Lenovo Group Ltd,HK,Technology,0.02704,6218089,EQ.STOCK,2026-07-31
GFI.JO,GFI,Gold Fields Ltd,ZA,Basic Materials,0.027,6280215,EQ.STOCK,2026-07-31
TWLO,TWLO,Twilio Inc,US,Technology,0.027,BD6P5Q0,EQ.STOCK,2026-07-31
SUNB.L,SUNB,Sunbelt Rentals Holdings Inc,GB,Industrials,0.02678,BW5TBS0,EQ.STOCK,2026-07-31
ERICB.ST,ERICB,Telefonaktiebolaget LM Ericsson,SE,Telecommunications,0.02674,5959378,EQ.STOCK,2026-07-31
K.TO,K,Kinross Gold Corp,CA,Basic Materials,0.02659,B03Z841,EQ.STOCK,2026-07-31
DTG.DE,DTG,Daimler Truck Holding AG,DE,Industrials,0.02658,BP6VLQ4,EQ.STOCK,2026-07-31
Q,Q,Qnity Electronics Inc,US,Technology,0.0265,BW1P234,EQ.STOCK,2026-07-31
8802.T,8802,Mitsubishi Estate Co Ltd,JP,Real Estate,0.02648,6596729,EQ.STOCK,2026-07-31
8604.T,8604,Nomura Holdings Inc,JP,Financials,0.02638,6643108,EQ.STOCK,2026-07-31
AV/.L,AV/,Aviva PLC,GB,Financials,0.02635,BPQY8M8,EQ.STOCK,2026-07-31
2628.HK,2628,China Life Insurance Co Ltd,HK,Financials,0.02627,6718976,EQ.STOCK,2026-07-31
1303.TW,1303,Nan Ya Plastics Corp,TW,Basic Materials,0.02624,6621580,EQ.STOCK,2026-07-31
XYL,XYL,Xylem Inc/NY,US,Industrials,0.02623,B3P2CN8,EQ.STOCK,2026-07-31
KFH.KW,KFH,Kuwait Finance House KSCP,KW,Financials,0.02622,6503138,EQ.STOCK,2026-07-31
2885.TW,2885,Yuanta Financial Holding Co Ltd,TW,Financials,0.0262,6424110,EQ.STOCK,2026-07-31
WSM,WSM,Williams-Sonoma Inc,US,Consumer Discretionary,0.02617,2967589,EQ.STOCK,2026-07-31
BAP,BAP,Credicorp Ltd,US,Financials,0.02611,2232878,EQ.STOCK,2026-07-31
CNP,CNP,CenterPoint Energy Inc,US,Utilities,0.02611,2440637,EQ.STOCK,2026-07-31
PKO.WA,PKO,Powszechna Kasa Oszczednosci Bank Polski SA,PL,Financials,0.02611,B03NGS5,EQ.STOCK,2026-07-31
BAMI.MI,BAMI,Banco BPM SpA,IT,Financials,0.02608,BYMD5K9,EQ.STOCK,2026-07-31
2802.T,2802,Ajinomoto Co Inc,JP,Consumer Staples,0.02599,6010906,EQ.STOCK,2026-07-31
PPL.TO,PPL,Pembina Pipeline Corp,CA,Energy,0.02595,B4PT2P8,EQ.STOCK,2026-07-31
LPLA,LPLA,LPL Financial Holdings Inc,US,Financials,0.0259,B75JX34,EQ.STOCK,2026-07-31
CTSH,CTSH,Cognizant Technology Solutions Corp,US,Technology,0.02583,2257019,EQ.STOCK,2026-07-31
ML.PA,ML,Cie Generale des Etablissements Michelin SCA,FR,Consumer Discretionary,0.02577,BPBPJ01,EQ.STOCK,2026-07-31
6178.T,6178,Japan Post Holdings Co Ltd,JP,Financials,0.02575,BYT8143,EQ.STOCK,2026-07-31
EIX,EIX,Edison International,US,Utilities,0.02572,2829515,EQ.STOCK,2026-07-31
ALNY,ALNY,Alnylam Pharmaceuticals Inc,US,Health Care,0.02567,B00FWN1,EQ.STOCK,2026-07-31
HAL,HAL,Halliburton Co,US,Energy,0.02564,2405302,EQ.STOCK,2026-07-31
9432.T,9432,NTT Inc,JP,Telecommunications,0.0256,6641373,EQ.STOCK,2026-07-31
DG,DG,Dollar General Corp,US,Consumer Discretionary,0.02557,B5B1S13,EQ.STOCK,2026-07-31
2388.HK,2388,BOC Hong Kong Holdings Ltd,HK,Financials,0.02551,6536112,EQ.STOCK,2026-07-31
HSY,HSY,Hershey Co/The,US,Consumer Staples,0.02551,2422806,EQ.STOCK,2026-07-31
FE,FE,FirstEnergy Corp,US,Utilities,0.0255,2100920,EQ.STOCK,2026-07-31
AMS.MC,AMS,Amadeus IT Group SA,ES,Technology,0.02549,B3MSM28,EQ.STOCK,2026-07-31
0857.HK,857,PetroChina Co Ltd,HK,Energy,0.02548,6226576,EQ.STOCK,2026-07-31
ABN.AS,ABN,ABN AMRO Bank NV,NL,Financials,0.02546,BYQP136,EQ.DRCPT,2026-07-31
LYV,LYV,Live Nation Entertainment Inc,US,Consumer Discretionary,0.02545,B0T7YX2,EQ.STOCK,2026-07-31
4503.T,4503,Astellas Pharma Inc,JP,Health Care,0.0254,6985383,EQ.STOCK,2026-07-31
DOV,DOV,Dover Corp,US,Industrials,0.0254,2278407,EQ.STOCK,2026-07-31
VWS.CO,VWS,Vestas Wind Systems A/S,DK,Energy,0.0254,BN4MYF5,EQ.STOCK,2026-07-31
CPRT,CPRT,Copart Inc,US,Consumer Discretionary,0.02538,2208073,EQ.STOCK,2026-07-31
8801.T,8801,Mitsui Fudosan Co Ltd,JP,Real Estate,0.02535,6597603,EQ.STOCK,2026-07-31
PHM,PHM,PulteGroup Inc,US,Consumer Discretionary,0.02521,2708841,EQ.STOCK,2026-07-31
NRG,NRG,NRG Energy Inc,US,Utilities,0.02519,2212922,EQ.STOCK,2026-07-31
OTIS,OTIS,Otis Worldwide Corp,US,Industrials,0.02512,BK531S8,EQ.STOCK,2026-07-31
DGX,DGX,Quest Diagnostics Inc,US,Health Care,0.02506,2702791,EQ.STOCK,2026-07-31
BMPS.MI,BMPS,Banca Monte dei Paschi di Siena SpA,IT,Financials,0.02496,BK93RS6,EQ.STOCK,2026-07-31
ATO,ATO,Atmos Energy Corp,US,Utilities,0.02487,2315359,EQ.STOCK,2026-07-31
PPL,PPL,PPL Corp,US,Utilities,0.02485,2680905,EQ.STOCK,2026-07-31
AVB,AVB,AvalonBay Communities Inc,US,Real Estate,0.02482,2131179,EQ.REIT,2026-07-31
QBE.AX,QBE,QBE Insurance Group Ltd,AU,Financials,0.0248,6715740,EQ.STOCK,2026-07-31
SAMPO.HE,SAMPO,Sampo Oyj,FI,Financials,0.02473,BMXX645,EQ.STOCK,2026-07-31
MDB,MDB,MongoDB Inc,US,Technology,0.02471,BF2FJ99,EQ.STOCK,2026-07-31
ES,ES,Eversource Energy,US,Utilities,0.02469,BVVN4Q8,EQ.STOCK,2026-07-31
ST.SI,ST,Singapore Telecommunications Ltd,SG,Telecommunications,0.02464,B02PY11,EQ.STOCK,2026-07-31
ALL.AX,ALL,Aristocrat Leisure Ltd,AU,Consumer Discretionary,0.02462,6253983,EQ.STOCK,2026-07-31
CHD,CHD,Church & Dwight Co Inc,US,Consumer Staples,0.0246,2195841,EQ.STOCK,2026-07-31
PPG,PPG,PPG Industries Inc,US,Industrials,0.02453,2698470,EQ.STOCK,2026-07-31
VRSK,VRSK,Verisk Analytics Inc,US,Industrials,0.02449,B4P9W92,EQ.STOCK,2026-07-31
CINF,CINF,Cincinnati Financial Corp,US,Financials,0.02444,2196888,EQ.STOCK,2026-07-31
HUBB,HUBB,Hubbell Inc,US,Industrials,0.02437,BDFG6S3,EQ.STOCK,2026-07-31
L.TO,L,Loblaw Cos Ltd,CA,Consumer Staples,0.02437,2521800,EQ.STOCK,2026-07-31
LDO.MI,LDO,Leonardo SpA,IT,Industrials,0.02436,B0DJNG0,EQ.STOCK,2026-07-31
PKG,PKG,Packaging Corp of America,US,Industrials,0.02434,2504566,EQ.STOCK,2026-07-31
VIE.PA,VIE,Veolia Environnement SA,FR,Utilities,0.02432,4031879,EQ.STOCK,2026-07-31
1288.HK,1288,Agricultural Bank of China Ltd,HK,Financials,0.02431,B60LZR6,EQ.STOCK,2026-07-31
SBK.JO,SBK,Standard Bank Group Ltd,ZA,Financials,0.0243,B030GJ7,EQ.STOCK,2026-07-31
4062.T,4062,Ibiden Co Ltd,JP,Technology,0.02423,6456102,EQ.STOCK,2026-07-31
AWK,AWK,American Water Works Co Inc,US,Utilities,0.02422,B2R3PV1,EQ.STOCK,2026-07-31
CPAY,CPAY,Corpay Inc,US,Industrials,0.02422,BMX5GK7,EQ.STOCK,2026-07-31
FICO,FICO,Fair Isaac Corp,US,Industrials,0.02419,2330299,EQ.STOCK,2026-07-31
FAB.AE,FAB,First Abu Dhabi Bank PJSC,AE,Financials,0.02418,6624471,EQ.STOCK,2026-07-31
300750.SZ,300750,Contemporary Amperex Technology Co Ltd,CN,Industrials,0.02416,BHQPSY7,EQ.STOCK,2026-07-31
HPQ,HPQ,HP Inc,US,Technology,0.02406,BYX4D52,EQ.STOCK,2026-07-31
AIBG.IR,AIBG,AIB Group PLC,IE,Financials,0.02403,BF0L353,EQ.STOCK,2026-07-31
QSR.TO,QSR,Restaurant Brands International Inc,CA,Consumer Discretionary,0.02403,BTF8CF0,EQ.STOCK,2026-07-31
TSEM.TA,TSEM,Tower Semiconductor Ltd,IL,Technology,0.02395,6320605,EQ.STOCK,2026-07-31
NXT.L,NXT,Next PLC,GB,Consumer Discretionary,0.02393,3208986,EQ.STOCK,2026-07-31
WST,WST,West Pharmaceutical Services Inc,US,Health Care,0.02392,2950482,EQ.STOCK,2026-07-31
LH,LH,Labcorp Holdings Inc,US,Health Care,0.02391,BSBK800,EQ.STOCK,2026-07-31
RJF,RJF,Raymond James Financial Inc,US,Financials,0.02391,2718992,EQ.STOCK,2026-07-31
FFIV,FFIV,F5 Inc,US,Technology,0.02388,2427599,EQ.STOCK,2026-07-31
BPE.MI,BPE,BPER Banca SPA,IT,Financials,0.02377,4116099,EQ.STOCK,2026-07-31
DRI,DRI,Darden Restaurants Inc,US,Consumer Discretionary,0.02372,2289874,EQ.STOCK,2026-07-31
HEIA.AS,HEIA,Heineken NV,NL,Consumer Staples,0.0237,7792559,EQ.STOCK,2026-07-31
HO.PA,HO,Thales SA,FR,Industrials,0.02365,4162791,EQ.STOCK,2026-07-31
DLTR,DLTR,Dollar Tree Inc,US,Consumer Discretionary,0.02359,2272476,EQ.STOCK,2026-07-31
ZM,ZM,Zoom Video Communications Inc,US,Technology,0.02359,BGSP7M9,EQ.STOCK,2026-07-31
2899.HK,2899,Zijin Mining Group Co Ltd,HK,Basic Materials,0.02358,6725299,EQ.STOCK,2026-07-31
CRWV,CRWV,Coreweave Inc,US,Technology,0.02355,BTTRKN7,EQ.STOCK,2026-07-31
086790.KS,086790,Hana Financial Group Inc,KR,Financials,0.02351,B0RNRF5,EQ.STOCK,2026-07-31
DELTA/F.BK,DELTA/F,Delta Electronics Thailand PCL,TH,Technology,0.02347,BRJS8G5,EQ.FSH,2026-07-31
NBK.KW,NBK,National Bank of Kuwait SAKP,KW,Financials,0.02328,6889526,EQ.STOCK,2026-07-31
TCS.NS,TCS,Tata Consultancy Services Ltd,IN,Technology,0.02322,B01NPJ1,EQ.STOCK,2026-07-31
AMRZ.SW,AMRZ,Amrize Ltd,CH,Industrials,0.0232,BVBMCR2,EQ.STOCK,2026-07-31
TPL,TPL,Texas Pacific Land Corp,US,Energy,0.0232,BM99VY2,EQ.STOCK,2026-07-31
7269.T,7269,Suzuki Motor Corp,JP,Consumer Discretionary,0.02319,6865504,EQ.STOCK,2026-07-31
VLTO,VLTO,Veralto Corp,US,Industrials,0.02318,BPGMZQ5,EQ.STOCK,2026-07-31
5020.T,5020,ENEOS Holdings Inc,JP,Energy,0.0231,B627LW9,EQ.STOCK,2026-07-31
OMC,OMC,Omnicom Group Inc,US,Consumer Discretionary,0.02309,2279303,EQ.STOCK,2026-07-31
IHG.L,IHG,InterContinental Hotels Group PLC,GB,Consumer Discretionary,0.02293,BHJYC05,EQ.STOCK,2026-07-31
PKN.WA,PKN,ORLEN SA,PL,Energy,0.02293,5810066,EQ.STOCK,2026-07-31
TROW,TROW,T Rowe Price Group Inc,US,Financials,0.0229,2702337,EQ.STOCK,2026-07-31
EQR,EQR,Equity Residential,US,Real Estate,0.02289,2319157,EQ.REIT,2026-07-31
PUB.PA,PUB,Publicis Groupe SA,FR,Consumer Discretionary,0.02287,4380429,EQ.STOCK,2026-07-31
3968.HK,3968,China Merchants Bank Co Ltd,HK,Financials,0.02276,B1DYPZ5,EQ.STOCK,2026-07-31
CPI.JO,CPI,Capitec Bank Holdings Ltd,ZA,Financials,0.02262,6440859,EQ.STOCK,2026-07-31
P,P,Everpure Inc,US,Technology,0.02261,BYZ62T3,EQ.STOCK,2026-07-31
OKTA,OKTA,Okta Inc,US,Technology,0.02259,BDFZSP1,EQ.STOCK,2026-07-31
DNB.OL,DNB,DNB Bank ASA,NO,Financials,0.02254,BNG7113,EQ.STOCK,2026-07-31
CMS,CMS,CMS Energy Corp,US,Utilities,0.02251,2219224,EQ.STOCK,2026-07-31
BURL,BURL,Burlington Stores Inc,US,Consumer Discretionary,0.02248,BF311Y5,EQ.STOCK,2026-07-31
ACS.MC,ACS,ACS Actividades de Construccion y Servicios SA,ES,Industrials,0.02245,B01FLQ6,EQ.STOCK,2026-07-31
ARES,ARES,Ares Management Corp,US,Financials,0.02234,BF14BT1,EQ.STOCK,2026-07-31
HEI.DE,HEI,Heidelberg Materials AG,DE,Industrials,0.02234,5120679,EQ.STOCK,2026-07-31
KHC,KHC,Kraft Heinz Co/The,US,Consumer Staples,0.02232,BYRY499,EQ.STOCK,2026-07-31
VRSN,VRSN,VeriSign Inc,US,Technology,0.02231,2142922,EQ.STOCK,2026-07-31
6273.T,6273,SMC Corp,JP,Industrials,0.02224,6763965,EQ.STOCK,2026-07-31
0669.HK,669,Techtronic Industries Co Ltd,HK,Industrials,0.02217,B0190C7,EQ.STOCK,2026-07-31
BMW.DE,BMW,Bayerische Motoren Werke AG,DE,Consumer Discretionary,0.02216,5756029,EQ.STOCK,2026-07-31
FIS,FIS,Fidelity National Information Services Inc,US,Industrials,0.02216,2769796,EQ.STOCK,2026-07-31
COL.AX,COL,Coles Group Ltd,AU,Consumer Staples,0.02215,BYWR0T5,EQ.STOCK,2026-07-31
NN.AS,NN,NN Group NV,NL,Financials,0.02213,BNG8PQ9,EQ.STOCK,2026-07-31
HEXAB.ST,HEXAB,Hexagon AB,SE,Technology,0.02204,BNZFHC1,EQ.STOCK,2026-07-31
JBHT,JBHT,JB Hunt Transport Services Inc,US,Industrials,0.02196,2445416,EQ.STOCK,2026-07-31
NSISB.CO,NSISB,Novonesis (Novozymes) B,DK,Health Care,0.02193,B798FW0,EQ.STOCK,2026-07-31
PFG,PFG,Principal Financial Group Inc,US,Financials,0.02193,2803014,EQ.STOCK,2026-07-31
RPRX,RPRX,Royalty Pharma PLC,US,Health Care,0.02193,BMVP7Y0,EQ.STOCK,2026-07-31
9020.T,9020,East Japan Railway Co,JP,Industrials,0.02191,6298542,EQ.STOCK,2026-07-31
FEMSAUBD.MX,FEMSAUBD,Fomento Economico Mexicano SAB de CV,MX,Consumer Staples,0.02183,2242059,EQ.STOCK,2026-07-31
SW,SW,Smurfit Westrock PLC,US,Industrials,0.02182,BRK49M5,EQ.STOCK,2026-07-31
4661.T,4661,Oriental Land Co Ltd/Japan,JP,Consumer Discretionary,0.0218,6648891,EQ.STOCK,2026-07-31
RBLX,RBLX,ROBLOX Corp,US,Consumer Discretionary,0.0218,BMWBC20,EQ.STOCK,2026-07-31
6902.T,6902,Denso Corp,JP,Consumer Discretionary,0.02178,6640381,EQ.STOCK,2026-07-31
KMB.NS,KMB,Kotak Mahindra Bank Ltd,IN,Financials,0.02173,BNBX1W7,EQ.STOCK,2026-07-31
SAABB.ST,SAABB,Saab AB,SE,Industrials,0.02165,BPXZH27,EQ.STOCK,2026-07-31
MTX.DE,MTX,MTU Aero Engines AG,DE,Industrials,0.02162,B09DHL9,EQ.STOCK,2026-07-31
NI,NI,NiSource Inc,US,Utilities,0.02157,2645409,EQ.STOCK,2026-07-31
2886.TW,2886,Mega Financial Holding Co Ltd,TW,Financials,0.02154,6444066,EQ.STOCK,2026-07-31
BBD/B.TO,BBD/B,Bombardier Inc,CA,Industrials,0.02154,BN33PL2,EQ.STOCK,2026-07-31
ULTA,ULTA,Ulta Beauty Inc,US,Consumer Discretionary,0.02151,B28TS42,EQ.STOCK,2026-07-31
EAND.AE,EAND,Emirates Telecommunications Group Co PJSC,AE,Telecommunications,0.02146,6322173,EQ.STOCK,2026-07-31
000270.KS,000270,Kia Corp,KR,Consumer Discretionary,0.02141,6490928,EQ.STOCK,2026-07-31
4452.T,4452,Kao Corp,JP,Consumer Staples,0.0214,6483809,EQ.STOCK,2026-07-31
STC.SR,STC,Saudi Telecom Co,SA,Telecommunications,0.0214,B12M7Q5,EQ.STOCK,2026-07-31
2382.TW,2382,Quanta Computer Inc,TW,Technology,0.02137,6141011,EQ.STOCK,2026-07-31
7751.T,7751,Canon Inc,JP,Technology,0.02129,6172323,EQ.STOCK,2026-07-31
AENA.MC,AENA,Aena SME SA,ES,Industrials,0.02129,BTMKJR0,EQ.STOCK,2026-07-31
068270.KS,068270,Celltrion Inc,KR,Health Care,0.02127,B0C5YV1,EQ.STOCK,2026-07-31
EXE,EXE,Expand Energy Corp,US,Energy,0.02126,BMZ5LZ5,EQ.STOCK,2026-07-31
BBDC4.SA,BBDC4,Banco Bradesco SA,BR,Financials,0.02124,B00FM53,EQ.PREF,2026-07-31
0016.HK,16,Sun Hung Kai Properties Ltd,HK,Real Estate,0.02121,6859927,EQ.STOCK,2026-07-31
KER.PA,KER,Kering SA,FR,Consumer Discretionary,0.0211,5505072,EQ.STOCK,2026-07-31
012450.KS,012450,Hanwha Aerospace Co Ltd,KR,Industrials,0.02108,6772671,EQ.STOCK,2026-07-31
CCEP.L,CCEP,Coca-Cola Europacific Partners PLC,GB,Consumer Staples,0.02108,BDCPN04,EQ.STOCK,2026-07-31
FWONK,FWONK,Liberty Media Corp-Liberty Formula One,US,Consumer Discretionary,0.02104,BPLYVN5,EQ.STOCK,2026-07-31
2327.TW,2327,Yageo Corp,TW,Technology,0.021,6984380,EQ.STOCK,2026-07-31
STE,STE,STERIS PLC,US,Health Care,0.02099,BFY8C75,EQ.STOCK,2026-07-31
KEY,KEY,KeyCorp,US,Financials,0.02084,2490911,EQ.STOCK,2026-07-31
AMCR,AMCR,Amcor PLC,US,Industrials,0.02083,BV7DQ55,EQ.STOCK,2026-07-31
PHIA.AS,PHIA,Koninklijke Philips NV,NL,Health Care,0.02081,5986622,EQ.STOCK,2026-07-31
EXPD,EXPD,Expeditors International of Washington Inc,US,Industrials,0.02077,2325507,EQ.STOCK,2026-07-31
8267.T,8267,Aeon Co Ltd,JP,Consumer Staples,0.02071,6480048,EQ.STOCK,2026-07-31
LGEN.L,LGEN,Legal & General Group PLC,GB,Financials,0.02069,0560399,EQ.STOCK,2026-07-31
3231.TW,3231,Wistron Corp,TW,Technology,0.02067,6672481,EQ.STOCK,2026-07-31
SUNP.NS,SUNP,Sun Pharmaceutical Industries Ltd,IN,Health Care,0.02066,6582483,EQ.STOCK,2026-07-31
9022.T,9022,Central Japan Railway Co,JP,Industrials,0.02064,6183552,EQ.STOCK,2026-07-31
BIRG.IR,BIRG,Bank of Ireland Group PLC,IE,Financials,0.02055,BD1RP61,EQ.STOCK,2026-07-31
DOW,DOW,Dow Inc,US,Industrials,0.02053,BHXCF84,EQ.STOCK,2026-07-31
MAADEN.SR,MAADEN,Saudi Arabian Mining Co,SA,Basic Materials,0.02047,B3C8VY3,EQ.STOCK,2026-07-31
GEBN.SW,GEBN,Geberit AG,CH,Industrials,0.02038,B1WGG93,EQ.STOCK,2026-07-31
INCY,INCY,Incyte Corp,US,Health Care,0.02032,2471950,EQ.STOCK,2026-07-31
035420.KS,035420,NAVER Corp,KR,Technology,0.02023,6560393,EQ.STOCK,2026-07-31
SOFI,SOFI,SoFi Technologies Inc,US,Financials,0.02021,BM8J4C2,EQ.STOCK,2026-07-31
2890.TW,2890,SinoPac Financial Holdings Co Ltd,TW,Financials,0.02019,6525875,EQ.STOCK,2026-07-31
HBAN.SW,HBAN,Helvetia Baloise Holding AG,CH,Financials,0.02012,BK6QWF0,EQ.STOCK,2026-07-31
IP,IP,International Paper Co,US,Basic Materials,0.02012,2465254,EQ.STOCK,2026-07-31
028260.KS,028260,Samsung C&T Corp,KR,Industrials,0.02009,BSXN8K7,EQ.STOCK,2026-07-31
BRO,BRO,Brown & Brown Inc,US,Financials,0.02009,2692687,EQ.STOCK,2026-07-31
DSFIR.AS,DSFIR,DSM-Firmenich AG,NL,Consumer Staples,0.02002,BPCPSD6,EQ.STOCK,2026-07-31
MKL,MKL,Markel Group Inc,US,Financials,0.01997,2566436,EQ.STOCK,2026-07-31
MSIL.NS,MSIL,Maruti Suzuki India Ltd,IN,Consumer Discretionary,0.01997,6633712,EQ.STOCK,2026-07-31
AMXB.MX,AMXB,America Movil SAB de CV,MX,Telecommunications,0.01993,BMVRB77,EQ.STOCK,2026-07-31
2269.HK,2269,Wuxi Biologics Cayman Inc,HK,Health Care,0.01991,BL6B9P1,EQ.STOCK,2026-07-31
2360.TW,2360,Chroma ATE Inc,TW,Industrials,0.01988,6212100,EQ.STOCK,2026-07-31
FRE.DE,FRE,Fresenius SE & Co KGaA,DE,Health Care,0.01987,4352097,EQ.STOCK,2026-07-31
INSM,INSM,Insmed Inc,US,Health Care,0.01987,2614487,EQ.STOCK,2026-07-31
FSLR,FSLR,First Solar Inc,US,Energy,0.01985,B1HMF22,EQ.STOCK,2026-07-31
MTN.JO,MTN,MTN Group Ltd,ZA,Telecommunications,0.01984,6563206,EQ.STOCK,2026-07-31
MRK.DE,MRK,Merck KGaA,DE,Health Care,0.01982,4741844,EQ.STOCK,2026-07-31
034020.KS,034020,Doosan Enerbility Co Ltd,KR,Industrials,0.0198,6294670,EQ.STOCK,2026-07-31
MG.TO,MG,Magna International Inc,CA,Consumer Discretionary,0.01979,2554475,EQ.STOCK,2026-07-31
CPNG,CPNG,Coupang Inc,US,Consumer Discretionary,0.01978,BNYHDF3,EQ.STOCK,2026-07-31
4543.T,4543,Terumo Corp,JP,Health Care,0.01974,6885074,EQ.STOCK,2026-07-31
TNB.KL,TNB,Tenaga Nasional Bhd,MY,Utilities,0.0197,6904612,EQ.STOCK,2026-07-31
MAY.KL,MAY,Malayan Banking Bhd,MY,Financials,0.01965,6556325,EQ.STOCK,2026-07-31
QNBK.QA,QNBK,Qatar National Bank QPSC,QA,Financials,0.01952,6148197,EQ.STOCK,2026-07-31
9735.T,9735,Secom Co Ltd,JP,Industrials,0.01947,6791591,EQ.STOCK,2026-07-31
HEI-A,HEI/A,HEICO Corp,US,Industrials,0.01946,2237561,EQ.STOCK,2026-07-31
ESLT.TA,ESLT,Elbit Systems Ltd,IL,Industrials,0.01942,6308913,EQ.STOCK,2026-07-31
2884.TW,2884,E.Sun Financial Holding Co Ltd,TW,Financials,0.01938,6433912,EQ.STOCK,2026-07-31
5401.T,5401,Nippon Steel Corp,JP,Basic Materials,0.01937,6642569,EQ.STOCK,2026-07-31
PBK.KL,PBK,Public Bank Bhd,MY,Financials,0.01936,B012W42,EQ.STOCK,2026-07-31
2503.T,2503,Kirin Holdings Co Ltd,JP,Consumer Staples,0.01934,6493745,EQ.STOCK,2026-07-31
CDW,CDW,CDW Corp/DE,US,Technology,0.01932,BBM5MD6,EQ.STOCK,2026-07-31
VICI,VICI,VICI Properties Inc,US,Real Estate,0.01931,BYWH073,EQ.REIT,2026-07-31
RBA.TO,RBA,RB Global Inc,CA,Consumer Discretionary,0.01927,BMWGTH9,EQ.STOCK,2026-07-31
VACN.SW,VACN,VAT Group AG,CH,Industrials,0.01922,BYZWMR9,EQ.STOCK,2026-07-31
EFX,EFX,Equifax Inc,US,Industrials,0.0192,2319146,EQ.STOCK,2026-07-31
HLMA.L,HLMA,Halma PLC,GB,Industrials,0.01915,0405207,EQ.STOCK,2026-07-31
3017.TW,3017,Asia Vital Components Co Ltd,TW,Technology,0.01901,6544892,EQ.STOCK,2026-07-31
TTAN.NS,TTAN,Titan Co Ltd,IN,Consumer Discretionary,0.01901,6139340,EQ.STOCK,2026-07-31
ZBH,ZBH,Zimmer Biomet Holdings Inc,US,Health Care,0.01901,2783815,EQ.STOCK,2026-07-31
IFF,IFF,International Flavors & Fragrances Inc,US,Basic Materials,0.019,2464165,EQ.STOCK,2026-07-31
1088.HK,1088,China Shenhua Energy Co Ltd,HK,Energy,0.01899,B09N7M0,EQ.STOCK,2026-07-31
EMAAR.AE,EMAAR,Emaar Properties PJSC,AE,Real Estate,0.01896,B01RM25,EQ.STOCK,2026-07-31
012330.KS,012330,Hyundai Mobis Co Ltd,KR,Consumer Discretionary,0.01895,6449544,EQ.STOCK,2026-07-31
EL,EL,Estee Lauder Cos Inc/The,US,Consumer Discretionary,0.01885,2320524,EQ.STOCK,2026-07-31
FMG.AX,FMG,Fortescue Ltd,AU,Basic Materials,0.01885,6086253,EQ.STOCK,2026-07-31
SNA,SNA,Snap-on Inc,US,Industrials,0.01879,2818740,EQ.STOCK,2026-07-31
ALFA.ST,ALFA,Alfa Laval AB,SE,Industrials,0.01873,7332687,EQ.STOCK,2026-07-31
2328.HK,2328,PICC Property & Casualty Co Ltd,HK,Financials,0.01861,6706250,EQ.STOCK,2026-07-31
6160.HK,6160,BeOne Medicines Ltd,HK,Health Care,0.01861,BVDKGC7,EQ.STOCK,2026-07-31
CAP.PA,CAP,Capgemini SE,FR,Technology,0.01856,4163437,EQ.STOCK,2026-07-31
7936.T,7936,Asics Corp,JP,Consumer Discretionary,0.01853,6057378,EQ.STOCK,2026-07-31
BALL,BALL,Ball Corp,US,Industrials,0.01852,2073022,EQ.STOCK,2026-07-31
HUVR.NS,HUVR,Hindustan Unilever Ltd,IN,Consumer Staples,0.0185,6261674,EQ.STOCK,2026-07-31
VAL.JO,VAL,Valterra Platinum Ltd,ZA,Basic Materials,0.01838,6761000,EQ.STOCK,2026-07-31
EVRG,EVRG,Evergy Inc,US,Utilities,0.01835,BFMXGR0,EQ.STOCK,2026-07-31
DD,DD,DuPont de Nemours Inc,US,Industrials,0.01833,BW60F13,EQ.STOCK,2026-07-31
FTV,FTV,Fortive Corp,US,Industrials,0.01826,BYT3MK1,EQ.STOCK,2026-07-31
EQT.ST,EQT,EQT AB,SE,Financials,0.01825,BJ7W9K4,EQ.STOCK,2026-07-31
FM.TO,FM,First Quantum Minerals Ltd,CA,Basic Materials,0.01824,2347608,EQ.STOCK,2026-07-31
GIS,GIS,General Mills Inc,US,Consumer Staples,0.01822,2367026,EQ.STOCK,2026-07-31
STO.AX,STO,Santos Ltd,AU,Energy,0.01818,6776703,EQ.STOCK,2026-07-31
9101.T,9101,Nippon Yusen KK,JP,Industrials,0.01814,6643960,EQ.STOCK,2026-07-31
ICT.PS,ICT,International Container Terminal Services Inc,PH,Industrials,0.01808,6455819,EQ.STOCK,2026-07-31
032830.KS,032830,Samsung Life Insurance Co Ltd,KR,Financials,0.01797,B12C0T9,EQ.STOCK,2026-07-31
WCP.TO,WCP,Whitecap Resources Inc,CA,Energy,0.01797,B418WK4,EQ.STOCK,2026-07-31
GMAB.CO,GMAB,Genmab A/S,DK,Health Care,0.01792,4595739,EQ.STOCK,2026-07-31
SGSN.SW,SGSN,SGS SA,CH,Industrials,0.01792,BMBQHZ4,EQ.STOCK,2026-07-31
1925.T,1925,Daiwa House Industry Co Ltd,JP,Consumer Discretionary,0.0179,6251363,EQ.STOCK,2026-07-31
2412.TW,2412,Chunghwa Telecom Co Ltd,TW,Telecommunications,0.01784,6287841,EQ.STOCK,2026-07-31
FCNCA,FCNCA,First Citizens BancShares Inc/NC,US,Financials,0.01782,2355582,EQ.STOCK,2026-07-31
SBAC,SBAC,SBA Communications Corp,US,Real Estate,0.01781,BZ6TS23,EQ.REIT,2026-07-31
1605.T,1605,Inpex Corp,JP,Energy,0.01778,B10RB15,EQ.STOCK,2026-07-31
INVH,INVH,Invitation Homes Inc,US,Real Estate,0.01778,BD81GW9,EQ.REIT,2026-07-31
BESI.AS,BESI,BE Semiconductor Industries NV,NL,Technology,0.01775,BG0SCK9,EQ.STOCK,2026-07-31
9987.HK,9987,Yum China Holdings Inc,HK,Consumer Discretionary,0.01773,BN2BD13,EQ.STOCK,2026-07-31
8795.T,8795,T&D Holdings Inc,JP,Financials,0.01772,6744294,EQ.STOCK,2026-07-31
BBCA.JK,BBCA,Bank Central Asia Tbk PT,ID,Financials,0.01771,B01C1P6,EQ.STOCK,2026-07-31
CEMEXCPO.MX,CEMEXCPO,Cemex SAB de CV,MX,Industrials,0.01771,2406457,EQ.STOCK,2026-07-31
NST.AX,NST,Northern Star Resources Ltd,AU,Basic Materials,0.01766,6717456,EQ.STOCK,2026-07-31
SCMN.SW,SCMN,Swisscom AG,CH,Telecommunications,0.01766,5533976,EQ.STOCK,2026-07-31
IMO.TO,IMO,Imperial Oil Ltd,CA,Energy,0.01765,2454241,EQ.STOCK,2026-07-31
PAAS.TO,PAAS,Pan American Silver Corp,CA,Basic Materials,0.01751,2669272,EQ.STOCK,2026-07-31
6361.T,6361,Ebara Corp,JP,Industrials,0.0175,6302700,EQ.STOCK,2026-07-31
ESSITYB.ST,ESSITYB,Essity AB,SE,Consumer Staples,0.01749,BF1K7P7,EQ.STOCK,2026-07-31
RDDT,RDDT,Reddit Inc,US,Technology,0.01749,BMVNLY2,EQ.STOCK,2026-07-31
SAB.MC,SAB,Banco de Sabadell SA,ES,Financials,0.01748,B1X8QN2,EQ.STOCK,2026-07-31
NTPC.NS,NTPC,NTPC Ltd,IN,Utilities,0.01739,B037HF1,EQ.STOCK,2026-07-31
LOGN.SW,LOGN,Logitech International SA,CH,Technology,0.01737,B18ZRK2,EQ.STOCK,2026-07-31
3407.T,3407,Asahi Kasei Corp,JP,Basic Materials,0.01727,6054603,EQ.STOCK,2026-07-31
HNR1.DE,HNR1,Hannover Rueck SE,DE,Financials,0.01727,4511809,EQ.STOCK,2026-07-31
LNT,LNT,Alliant Energy Corp,US,Utilities,0.01724,2973821,EQ.STOCK,2026-07-31
BXB.AX,BXB,Brambles Ltd,AU,Industrials,0.01723,B1FJ0C0,EQ.STOCK,2026-07-31
8601.T,8601,Daiwa Securities Group Inc,JP,Financials,0.01719,6251448,EQ.STOCK,2026-07-31
0002.HK,2,CLP Holdings Ltd,HK,Utilities,0.01714,6097017,EQ.STOCK,2026-07-31
KPN.AS,KPN,Koninklijke KPN NV,NL,Telecommunications,0.01713,5956078,EQ.STOCK,2026-07-31
6326.T,6326,Kubota Corp,JP,Industrials,0.01711,6497509,EQ.STOCK,2026-07-31
STZ,STZ,Constellation Brands Inc,US,Consumer Staples,0.0171,2170473,EQ.STOCK,2026-07-31
PGHN.SW,PGHN,Partners Group Holding AG,CH,Financials,0.01706,B119QG0,EQ.STOCK,2026-07-31
BAM.TO,BAM,Brookfield Asset Management Ltd,CA,Financials,0.01702,BPCPYH2,EQ.STOCK,2026-07-31
WY,WY,Weyerhaeuser Co,US,Real Estate,0.01701,2958936,EQ.REIT,2026-07-31
7832.T,7832,Bandai Namco Holdings Inc,JP,Consumer Discretionary,0.01698,B0JDQD4,EQ.STOCK,2026-07-31
WKL.AS,WKL,Wolters Kluwer NV,NL,Industrials,0.01696,5671519,EQ.STOCK,2026-07-31
KNEBV.HE,KNEBV,Kone Oyj,FI,Industrials,0.01695,B09M9D2,EQ.STOCK,2026-07-31
8697.T,8697,Japan Exchange Group Inc,JP,Financials,0.01694,6743882,EQ.STOCK,2026-07-31
ESS,ESS,Essex Property Trust Inc,US,Real Estate,0.01689,2316619,EQ.REIT,2026-07-31
AXIA3.SA,AXIA3,Axia Energia SA,BR,Utilities,0.01686,BV9B624,EQ.STOCK,2026-07-31
ACA.PA,ACA,Credit Agricole SA,FR,Financials,0.01685,7262610,EQ.STOCK,2026-07-31
BAER.SW,BAER,Julius Baer Group Ltd,CH,Financials,0.01685,B4R2R50,EQ.STOCK,2026-07-31
BR,BR,Broadridge Financial Solutions Inc,US,Financials,0.0168,B1VP7R6,EQ.STOCK,2026-07-31
RO.SW,RO,Roche Holding AG,CH,Health Care,0.0168,7108918,EQ.STOCK,2026-07-31
SHBA.ST,SHBA,Svenska Handelsbanken AB,SE,Financials,0.01679,BXDZ9Q1,EQ.STOCK,2026-07-31
6920.T,6920,Lasertec Corp,JP,Technology,0.01677,6506267,EQ.STOCK,2026-07-31
1801.HK,1801,Innovent Biologics Inc,HK,Health Care,0.01676,BGR6KX5,EQ.STOCK,2026-07-31
2883.TW,2883,KGI Financial Holding Co Ltd,TW,Financials,0.01675,6431756,EQ.STOCK,2026-07-31
CLNX.MC,CLNX,Cellnex Telecom SA,ES,Telecommunications,0.01669,BX90C05,EQ.STOCK,2026-07-31
NVR,NVR,NVR Inc,US,Consumer Discretionary,0.01668,2637785,EQ.STOCK,2026-07-31
TEAM,TEAM,Atlassian Corp,US,Technology,0.01662,BQ1PC76,EQ.STOCK,2026-07-31
SBIN.NS,SBIN,State Bank of India,IN,Financials,0.0166,BSQCB24,EQ.STOCK,2026-07-31
9502.T,9502,Chubu Electric Power Co Inc,JP,Utilities,0.01659,6195609,EQ.STOCK,2026-07-31
WRT1V.HE,WRT1V,Wartsila OYJ Abp,FI,Industrials,0.01659,4525189,EQ.STOCK,2026-07-31
TEF.MC,TEF,Telefonica SA,ES,Telecommunications,0.01655,5732524,EQ.STOCK,2026-07-31
MDLN,MDLN,Medline Inc,US,Health Care,0.01646,BNBV4B1,EQ.STOCK,2026-07-31
EMIRATES.AE,EMIRATES,Emirates NBD Bank PJSC,AE,Financials,0.01643,B28PFX8,EQ.STOCK,2026-07-31
UTCEM.NS,UTCEM,UltraTech Cement Ltd,IN,Industrials,0.01643,B01GZF6,EQ.STOCK,2026-07-31
316140.KS,316140,Woori Financial Group Inc,KR,Financials,0.0164,BGHWH98,EQ.STOCK,2026-07-31
GPC,GPC,Genuine Parts Co,US,Consumer Discretionary,0.01635,2367480,EQ.STOCK,2026-07-31
TIT.MI,TIT,Telecom Italia SpA/Milano,IT,Telecommunications,0.01635,BXNT952,EQ.STOCK,2026-07-31
TOU.TO,TOU,Tourmaline Oil Corp,CA,Energy,0.01635,B3QJ0H8,EQ.STOCK,2026-07-31
INF.L,INF,Informa PLC,GB,Consumer Discretionary,0.01634,BMJ6DW5,EQ.STOCK,2026-07-31
1812.T,1812,Kajima Corp,JP,Industrials,0.01631,6481320,EQ.STOCK,2026-07-31
J,J,Jacobs Solutions Inc,US,Industrials,0.01629,BNGC0D3,EQ.STOCK,2026-07-31
SSNC,SSNC,SS&C Technologies Holdings Inc,US,Technology,0.01629,B58YSC6,EQ.STOCK,2026-07-31
1024.HK,1024,Kuaishou Technology,HK,Technology,0.01628,BLC90T0,EQ.STOCK,2026-07-31
0823.HK,823,Link REIT,HK,Real Estate,0.01619,B0PB4M7,EQ.REIT,2026-07-31
VNA.DE,VNA,Vonovia SE,DE,Real Estate,0.01619,BBJPFY1,EQ.STOCK,2026-07-31
034730.KS,034730,SK Inc,KR,Energy,0.01613,B39Z8L3,EQ.STOCK,2026-07-31
2502.T,2502,Asahi Group Holdings Ltd,JP,Consumer Staples,0.01612,6054409,EQ.STOCK,2026-07-31
ANTO.L,ANTO,Antofagasta PLC,GB,Basic Materials,0.01606,0045614,EQ.STOCK,2026-07-31
BBY,BBY,Best Buy Co Inc,US,Consumer Discretionary,0.01606,2094670,EQ.STOCK,2026-07-31
DAL,DAL,Delta Air Lines Inc,US,Consumer Discretionary,0.01606,B1W9D46,EQ.STOCK,2026-07-31
005490.KS,005490,POSCO Holdings Inc,KR,Basic Materials,0.01604,6693233,EQ.STOCK,2026-07-31
VOW3.DE,VOW3,Volkswagen AG,DE,Consumer Discretionary,0.01603,5497168,EQ.PREF,2026-07-31
TATA.NS,TATA,Tata Steel Ltd,IN,Basic Materials,0.01601,BPQWCZ3,EQ.STOCK,2026-07-31
UMG.AS,UMG,Universal Music Group NV,NL,Consumer Discretionary,0.01599,BNZGVV1,EQ.STOCK,2026-07-31
LEN,LEN,Lennar Corp,US,Consumer Discretionary,0.01594,2511920,EQ.STOCK,2026-07-31
TRN.MI,TRN,Terna - Rete Elettrica Nazionale,IT,Utilities,0.01591,B01BN57,EQ.STOCK,2026-07-31
PWGR.NS,PWGR,Power Grid Corp of India Ltd,IN,Utilities,0.01587,B233HS6,EQ.STOCK,2026-07-31
KIM,KIM,Kimco Realty Corp,US,Real Estate,0.01584,2491594,EQ.REIT,2026-07-31
SHFL.NS,SHFL,Shriram Finance Ltd,IN,Financials,0.01583,BS4DBX0,EQ.STOCK,2026-07-31
6594.T,6594,NIDEC CORP,JP,Industrials,0.0158,6640682,EQ.STOCK,2026-07-31
PTC,PTC,PTC Inc,US,Technology,0.01577,B95N910,EQ.STOCK,2026-07-31
FLUT,FLUT,Flutter Entertainment PLC,US,Consumer Discretionary,0.01571,BWZMZF4,EQ.STOCK,2026-07-31
CPU.AX,CPU,Computershare Ltd,AU,Financials,0.0157,6180412,EQ.STOCK,2026-07-31
DSY.PA,DSY,Dassault Systemes SE,FR,Technology,0.0157,BM8H5Y5,EQ.STOCK,2026-07-31
WSP.TO,WSP,WSP Global Inc,CA,Industrials,0.01569,BHR3R21,EQ.STOCK,2026-07-31
ETERNAL.NS,ETERNAL,Zomato Ltd,IN,Technology,0.01567,BL6P210,EQ.STOCK,2026-07-31
TSCO,TSCO,Tractor Supply Co,US,Consumer Discretionary,0.01565,2900335,EQ.STOCK,2026-07-31
FBK.MI,FBK,FinecoBank Banca Fineco SpA,IT,Financials,0.01559,BNGN9Z1,EQ.STOCK,2026-07-31
DPLM.L,DPLM,Diploma PLC,GB,Industrials,0.01558,0182663,EQ.STOCK,2026-07-31
GPN,GPN,Global Payments Inc,US,Industrials,0.01557,2712013,EQ.STOCK,2026-07-31
SGX.SI,SGX,Singapore Exchange Ltd,SG,Financials,0.01552,6303866,EQ.STOCK,2026-07-31
0175.HK,175,Geely Automobile Holdings Ltd,HK,Consumer Discretionary,0.01544,6531827,EQ.STOCK,2026-07-31
B3SA3.SA,B3SA3,B3 SA - Brasil Bolsa Balcao,BR,Financials,0.01543,BG36ZK1,EQ.STOCK,2026-07-31
GWO.TO,GWO,Great-West Lifeco Inc,CA,Financials,0.01541,2384951,EQ.STOCK,2026-07-31
SUI,SUI,Sun Communities Inc,US,Real Estate,0.01541,2860257,EQ.REIT,2026-07-31
ALLE,ALLE,Allegion plc,US,Industrials,0.0154,BFRT3W7,EQ.STOCK,2026-07-31
SCCO,SCCO,Southern Copper Corp,US,Basic Materials,0.01539,2823777,EQ.STOCK,2026-07-31
2357.TW,2357,Asustek Computer Inc,TW,Technology,0.01537,6051046,EQ.STOCK,2026-07-31
LYB,LYB,LyondellBasell Industries NV,US,Basic Materials,0.01533,B3SPXZ3,EQ.STOCK,2026-07-31
WPC,WPC,WP Carey Inc,US,Real Estate,0.01532,B826YT8,EQ.REIT,2026-07-31
LUN.TO,LUN,Lundin Mining Corp,CA,Basic Materials,0.01528,2866857,EQ.STOCK,2026-07-31
6988.T,6988,Nitto Denko Corp,JP,Basic Materials,0.01525,6641801,EQ.STOCK,2026-07-31
RI.PA,RI,Pernod Ricard SA,FR,Consumer Staples,0.01525,4682329,EQ.STOCK,2026-07-31
EUROB.AT,EUROB,Eurobank SA,GR,Financials,0.01524,BW9DW63,EQ.STOCK,2026-07-31
KEP.SI,KEP,Keppel Ltd,SG,Utilities,0.01524,B1VQ5C0,EQ.STOCK,2026-07-31
HNDL.NS,HNDL,Hindalco Industries Ltd,IN,Basic Materials,0.01523,B0GWF48,EQ.STOCK,2026-07-31
L,L,Loews Corp,US,Financials,0.01523,2523022,EQ.STOCK,2026-07-31
033780.KS,033780,KT&G Corp,KR,Consumer Staples,0.0152,6175076,EQ.STOCK,2026-07-31
EDP.LS,EDP,EDP SA,PT,Utilities,0.0152,4103596,EQ.STOCK,2026-07-31
EG,EG,Everest Group Ltd,US,Financials,0.01514,2556868,EQ.STOCK,2026-07-31
BT/A.L,BT/A,BT Group PLC,GB,Telecommunications,0.01511,3091357,EQ.STOCK,2026-07-31
CIMB.KL,CIMB,CIMB Group Holdings Bhd,MY,Financials,0.01511,6075745,EQ.STOCK,2026-07-31
600519.SS,600519,Kweichow Moutai Co Ltd,CN,Consumer Staples,0.0151,BP3R2F1,EQ.STOCK,2026-07-31
BHE.NS,BHE,Bharat Electronics Ltd,IN,Industrials,0.0151,BF1THH6,EQ.STOCK,2026-07-31
SGRO.L,SGRO,Segro PLC,GB,Real Estate,0.01509,B5ZN1N8,EQ.REIT,2026-07-31
1802.T,1802,Obayashi Corp,JP,Industrials,0.01503,6656407,EQ.STOCK,2026-07-31
9531.T,9531,Tokyo Gas Co Ltd,JP,Utilities,0.01501,6895448,EQ.STOCK,2026-07-31
S32.AX,S32,South32 Ltd,AU,Basic Materials,0.015,BWSW5D9,EQ.STOCK,2026-07-31
TSN,TSN,Tyson Foods Inc,US,Consumer Staples,0.01498,2909730,EQ.STOCK,2026-07-31
1113.HK,1113,CK Asset Holdings Ltd,HK,Real Estate,0.01494,BYZQ077,EQ.STOCK,2026-07-31
FPH.NZ,FPH,Fisher & Paykel Healthcare Corp Ltd,NZ,Health Care,0.01494,6340250,EQ.STOCK,2026-07-31
0386.HK,386,China Petroleum & Chemical Corp,HK,Energy,0.01491,6291819,EQ.STOCK,2026-07-31
JHX.AX,JHX,James Hardie Industries PLC,AU,Industrials,0.01491,B60QWJ2,EQ.DRCPT,2026-07-31
IEX,IEX,IDEX Corp,US,Industrials,0.0149,2456612,EQ.STOCK,2026-07-31
2880.TW,2880,Hua Nan Financial Holdings Co Ltd,TW,Financials,0.01489,6411877,EQ.STOCK,2026-07-31
MAA,MAA,Mid-America Apartment Communities Inc,US,Real Estate,0.01489,2589132,EQ.REIT,2026-07-31
6383.T,6383,Daifuku Co Ltd,JP,Industrials,0.01487,6250025,EQ.STOCK,2026-07-31
TRMB,TRMB,Trimble Inc,US,Industrials,0.01487,2903958,EQ.STOCK,2026-07-31
7013.T,7013,IHI Corp,JP,Industrials,0.01486,6466985,EQ.STOCK,2026-07-31
ZS,ZS,Zscaler Inc,US,Technology,0.01486,BZ00V34,EQ.STOCK,2026-07-31
WALMEX*.MX,WALMEX*,Wal-Mart de Mexico SAB de CV,MX,Consumer Discretionary,0.01485,BW1YVH8,EQ.STOCK,2026-07-31
9503.T,9503,Kansai Electric Power Co Inc/The,JP,Utilities,0.01483,6483489,EQ.STOCK,2026-07-31
GIB/A.TO,GIB/A,CGI Inc,CA,Technology,0.01482,BJ2L575,EQ.STOCK,2026-07-31
QIBK.QA,QIBK,Qatar Islamic Bank QPSC,QA,Financials,0.01482,6713982,EQ.STOCK,2026-07-31
8830.T,8830,Sumitomo Realty & Development Co Ltd,JP,Real Estate,0.01481,6858902,EQ.STOCK,2026-07-31
EVN.AX,EVN,Evolution Mining Ltd,AU,Basic Materials,0.01478,B3X0F91,EQ.STOCK,2026-07-31
TIH.TO,TIH,Toromont Industries Ltd,CA,Industrials,0.01478,2897103,EQ.STOCK,2026-07-31
LVS,LVS,Las Vegas Sands Corp,US,Consumer Discretionary,0.01477,B02T2J7,EQ.STOCK,2026-07-31
STMN.SW,STMN,Straumann Holding AG,CH,Health Care,0.01474,BQ7ZV06,EQ.STOCK,2026-07-31
TXT,TXT,Textron Inc,US,Industrials,0.01474,2885937,EQ.STOCK,2026-07-31
COO,COO,Cooper Cos Inc/The,US,Health Care,0.01466,BQPDXR3,EQ.STOCK,2026-07-31
PTT/F.BK,PTT/F,PTT PCL,TH,Energy,0.01466,BD0BDJ3,EQ.FSH,2026-07-31
006400.KS,006400,Samsung SDI Co Ltd,KR,Industrials,0.01465,6771645,EQ.STOCK,2026-07-31
SHL.DE,SHL,Siemens Healthineers AG,DE,Health Care,0.01463,BD594Y4,EQ.STOCK,2026-07-31
TPEIR.AT,TPEIR,Piraeus Bank SA,GR,Financials,0.01459,BVLKBV3,EQ.STOCK,2026-07-31
4307.T,4307,Nomura Research Institute Ltd,JP,Technology,0.01456,6390921,EQ.STOCK,2026-07-31
TRU,TRU,TransUnion,US,Industrials,0.01455,BYMWL86,EQ.STOCK,2026-07-31
BOL.ST,BOL,Boliden AB,SE,Basic Materials,0.01442,BPYTZ57,EQ.STOCK,2026-07-31
HCLT.NS,HCLT,HCL Technologies Ltd,IN,Technology,0.0143,6294896,EQ.STOCK,2026-07-31
SUN.AX,SUN,Suncorp Group Ltd,AU,Financials,0.01429,6585084,EQ.STOCK,2026-07-31
FDXF,FDXF,Fedex Freight Holding Co Inc,US,Industrials,0.01428,BVSVT37,EQ.STOCK,2026-07-31
HEI,HEI,HEICO Corp,US,Industrials,0.01425,2419217,EQ.STOCK,2026-07-31
MNG.L,MNG,M&G PLC,GB,Financials,0.01423,BKFB1C6,EQ.STOCK,2026-07-31
NESTE.HE,NESTE,Neste Oyj,FI,Energy,0.01422,B06YV46,EQ.STOCK,2026-07-31
6669.TW,6669,Wiwynn Corp,TW,Technology,0.01416,BF4QXG5,EQ.STOCK,2026-07-31
SMCI,SMCI,Super Micro Computer Inc,US,Technology,0.01415,BRC3N73,EQ.STOCK,2026-07-31
IAG.AX,IAG,Insurance Australia Group Ltd,AU,Financials,0.01413,6271026,EQ.STOCK,2026-07-31
2344.TW,2344,Winbond Electronics Corp,TW,Technology,0.01411,6966515,EQ.STOCK,2026-07-31
ARX.TO,ARX,ARC Resources Ltd,CA,Energy,0.01409,B6463M8,EQ.STOCK,2026-07-31
CARLB.CO,CARLB,Carlsberg AS,DK,Consumer Staples,0.01407,4169219,EQ.STOCK,2026-07-31
WRB,WRB,W R Berkley Corp,US,Financials,0.01399,2093644,EQ.STOCK,2026-07-31
PINS,PINS,Pinterest Inc,US,Technology,0.01398,BJ2Z0H2,EQ.STOCK,2026-07-31
SCHP.SW,SCHP,Schindler Holding AG,CH,Industrials,0.01391,B11TCY0,EQ.STOCK,2026-07-31
SBSP3.SA,SBSP3,Cia de Saneamento Basico do Estado de Sao Paulo SABESP,BR,Utilities,0.0139,B1YCHL8,EQ.STOCK,2026-07-31
2020.HK,2020,ANTA Sports Products Ltd,HK,Consumer Discretionary,0.01387,B1YVKN8,EQ.STOCK,2026-07-31
9104.T,9104,Mitsui OSK Lines Ltd,JP,Industrials,0.01383,6597584,EQ.STOCK,2026-07-31
DECK,DECK,Deckers Outdoor Corp,US,Consumer Discretionary,0.01383,2267278,EQ.STOCK,2026-07-31
1216.TW,1216,Uni-President Enterprises Corp,TW,Consumer Staples,0.01381,6700393,EQ.STOCK,2026-07-31
EMA.TO,EMA,Emera Inc,CA,Utilities,0.01381,2650050,EQ.STOCK,2026-07-31
LDOS,LDOS,Leidos Holdings Inc,US,Technology,0.0138,BDV82B8,EQ.STOCK,2026-07-31
4188.T,4188,Mitsubishi Chemical Group Corp,JP,Basic Materials,0.01377,B0JQTJ0,EQ.STOCK,2026-07-31
AGS.BR,AGS,Ageas SA/NV,BE,Financials,0.01377,B86S2N0,EQ.STOCK,2026-07-31
9532.T,9532,Osaka Gas Co Ltd,JP,Utilities,0.01375,6661768,EQ.STOCK,2026-07-31
5016.T,5016,JX Advanced Metals Corp,JP,Basic Materials,0.01372,6543770,EQ.STOCK,2026-07-31
7532.T,7532,Pan Pacific International Holdings Corp,JP,Consumer Discretionary,0.01372,6269861,EQ.STOCK,2026-07-31
KSP.IR,KSP,Kingspan Group PLC,IE,Industrials,0.01368,4491235,EQ.STOCK,2026-07-31
2892.TW,2892,First Financial Holding Co Ltd,TW,Financials,0.01365,6580119,EQ.STOCK,2026-07-31
NTGY.MC,NTGY,Naturgy Energy Group SA,ES,Utilities,0.01364,5650422,EQ.STOCK,2026-07-31
1928.T,1928,Sekisui House Ltd,JP,Consumer Discretionary,0.01361,6793906,EQ.STOCK,2026-07-31
000810.KS,000810,Samsung Fire & Marine Insurance Co Ltd,KR,Financials,0.01358,6155250,EQ.STOCK,2026-07-31
TYL,TYL,Tyler Technologies Inc,US,Technology,0.01356,2909644,EQ.STOCK,2026-07-31
KYGA.IR,KYGA,Kerry Group PLC,IE,Consumer Staples,0.01354,4519579,EQ.STOCK,2026-07-31
7453.T,7453,Ryohin Keikaku Co Ltd,JP,Consumer Discretionary,0.01352,6758455,EQ.STOCK,2026-07-31
1109.HK,1109,China Resources Land Ltd,HK,Real Estate,0.01351,6193766,EQ.STOCK,2026-07-31
URW.PA,URW,Unibail-Rodamco-Westfield,FR,Real Estate,0.01351,BF2PQ09,EQ.REIT,2026-07-31
PHOE.TA,PHOE,Phoenix Financial Ltd,IL,Financials,0.01345,6460590,EQ.STOCK,2026-07-31
AKRBP.OL,AKRBP,Aker BP ASA,NO,Energy,0.01344,B1L95G3,EQ.STOCK,2026-07-31
APNT.NS,APNT,Asian Paints Ltd,IN,Industrials,0.01339,BCRWL65,EQ.STOCK,2026-07-31
7186.T,7186,Yokohama Financial Group Inc,JP,Financials,0.01336,BD97JW7,EQ.STOCK,2026-07-31
ETE.AT,ETE,National Bank of Greece SA,GR,Financials,0.01336,BG087C6,EQ.STOCK,2026-07-31
WEGE3.SA,WEGE3,WEG SA,BR,Industrials,0.01335,2945422,EQ.STOCK,2026-07-31
SN/.L,SN/,Smith & Nephew PLC,GB,Health Care,0.01331,0922320,EQ.STOCK,2026-07-31
8331.T,8331,Chiba Bank Ltd/The,JP,Financials,0.0133,6190563,EQ.STOCK,2026-07-31
AKZA.AS,AKZA,Akzo Nobel NV,NL,Basic Materials,0.01329,BJ2KSG2,EQ.STOCK,2026-07-31
STE.SI,STE,Singapore Technologies Engineering Ltd,SG,Industrials,0.01326,6043214,EQ.STOCK,2026-07-31
9992.HK,9992,Pop Mart International Group Ltd,HK,Consumer Discretionary,0.01324,BN6PP37,EQ.STOCK,2026-07-31
7733.T,7733,Olympus Corp,JP,Health Care,0.01319,6658801,EQ.STOCK,2026-07-31
TELIA.ST,TELIA,Telia Co AB,SE,Telecommunications,0.01318,5978384,EQ.STOCK,2026-07-31
FNF,FNF,Fidelity National Financial Inc,US,Financials,0.01316,BNBRDD4,EQ.STOCK,2026-07-31
RIVN,RIVN,Rivian Automotive Inc,US,Consumer Discretionary,0.01316,BL98841,EQ.STOCK,2026-07-31
GEN,GEN,Gen Digital Inc,US,Technology,0.01302,BJN4XN5,EQ.STOCK,2026-07-31
IAG.TO,IAG,iA Financial Corp Inc,CA,Financials,0.01302,BJ2ZH37,EQ.STOCK,2026-07-31
SDLF.L,SDLF,Standard Life PLC,GB,Financials,0.013,BGXQNP2,EQ.STOCK,2026-07-31
ENX.PA,ENX,Euronext NV,FR,Financials,0.01298,BNBNSG0,EQ.STOCK,2026-07-31
601899.SS,601899,Zijin Mining Group Co Ltd,CN,Basic Materials,0.01297,BP3R400,EQ.STOCK,2026-07-31
ITSA4.SA,ITSA4,Itausa SA,BR,Financials,0.01295,2458771,EQ.PREF,2026-07-31
SOON.SW,SOON,Sonova Holding AG,CH,Health Care,0.01287,7156036,EQ.STOCK,2026-07-31
3402.T,3402,Toray Industries Inc,JP,Basic Materials,0.01285,6897143,EQ.STOCK,2026-07-31
4507.T,4507,Shionogi & Co Ltd,JP,Health Care,0.0128,6804682,EQ.STOCK,2026-07-31
JM.SI,JM,Jardine Matheson Holdings Ltd,SG,Industrials,0.0128,6472119,EQ.STOCK,2026-07-31
ENLT.TA,ENLT,Enlight Renewable Energy Ltd,IL,Utilities,0.01279,6767677,EQ.STOCK,2026-07-31
ADVANC/F.BK,ADVANC/F,Advanced Info Service PCL,TH,Telecommunications,0.01277,6412591,EQ.FSH,2026-07-31
SABIC.SR,SABIC,Saudi Basic Industries Corp,SA,Basic Materials,0.01276,B1324D0,EQ.STOCK,2026-07-31
EPIB.ST,EPIB,Epiroc AB,SE,Industrials,0.01274,BMD58W3,EQ.STOCK,2026-07-31
TRI.TO,TRI,Thomson Reuters Corp,CA,Technology,0.01274,BVFC8Q9,EQ.STOCK,2026-07-31
ADM.L,ADM,Admiral Group PLC,GB,Financials,0.0127,B02J639,EQ.STOCK,2026-07-31
2057.HK,2057,ZTO Express Cayman Inc,HK,Industrials,0.01268,BMZ1C83,EQ.STOCK,2026-07-31
3750.HK,3750,Contemporary Amperex Technology Co Ltd,HK,Industrials,0.01265,BT9QPW8,EQ.STOCK,2026-07-31
ADCB.AE,ADCB,Abu Dhabi Commercial Bank PJSC,AE,Financials,0.01264,6545464,EQ.STOCK,2026-07-31
7735.T,7735,SCREEN Holdings Co Ltd,JP,Technology,0.01262,6251028,EQ.STOCK,2026-07-31
BPAC11.SA,BPAC11,Banco BTG Pactual SA,BR,Financials,0.01261,BZBZVC7,EQ.STOCK,2026-07-31
METSO.HE,METSO,Metso Oyj,FI,Industrials,0.01261,B1FN8X9,EQ.STOCK,2026-07-31
COAL.NS,COAL,Coal India Ltd,IN,Energy,0.01258,B4Z9XF5,EQ.STOCK,2026-07-31
7012.T,7012,Kawasaki Heavy Industries Ltd,JP,Industrials,0.01256,6484620,EQ.STOCK,2026-07-31
ORG.AX,ORG,Origin Energy Ltd,AU,Utilities,0.01255,6214861,EQ.STOCK,2026-07-31
4004.T,4004,Resonac Holdings Corp,JP,Basic Materials,0.01243,6805469,EQ.STOCK,2026-07-31
EQH,EQH,Equitable Holdings Inc,US,Financials,0.01242,BKRMR96,EQ.STOCK,2026-07-31
SGE.L,SGE,Sage Group PLC/The,GB,Technology,0.01241,B8C3BL0,EQ.STOCK,2026-07-31
UU/.L,UU/,United Utilities Group PLC,GB,Utilities,0.0124,B39J2M4,EQ.STOCK,2026-07-31
ADANI.NS,ADANI,Adani Power Ltd,IN,Utilities,0.01238,BV2DVP5,EQ.STOCK,2026-07-31
6841.T,6841,Yokogawa Electric Corp,JP,Industrials,0.01237,6986427,EQ.STOCK,2026-07-31
MKC,MKC,McCormick & Co Inc/MD,US,Consumer Staples,0.01236,2550161,EQ.STOCK,2026-07-31
9633.HK,9633,Nongfu Spring Co Ltd,HK,Consumer Staples,0.01232,BMGWW30,EQ.STOCK,2026-07-31
HUBS,HUBS,HubSpot Inc,US,Technology,0.01231,BR4T3B3,EQ.STOCK,2026-07-31
5831.T,5831,Shizuoka Financial Group Inc,JP,Financials,0.0123,BP38QJ6,EQ.STOCK,2026-07-31
MRU.TO,MRU,Metro Inc/CN,CA,Consumer Staples,0.01229,2583952,EQ.STOCK,2026-07-31
3481.TW,3481,Innolux Corp,TW,Technology,0.01226,B0CC0M5,EQ.STOCK,2026-07-31
KOG.OL,KOG,Kongsberg Gruppen ASA,NO,Industrials,0.01226,BSTRB82,EQ.STOCK,2026-07-31
EPIA.ST,EPIA,Epiroc AB,SE,Industrials,0.01223,BMD58R8,EQ.STOCK,2026-07-31
PST.MI,PST,Poste Italiane SpA,IT,Financials,0.01223,BYYN701,EQ.STOCK,2026-07-31
APTV,APTV,Aptiv Holdings Ltd,US,Consumer Discretionary,0.0122,BTDN8H1,EQ.STOCK,2026-07-31
BG.VI,BG,BAWAG Group AG,AT,Financials,0.01219,BZ1GZ06,EQ.STOCK,2026-07-31
7167.T,7167,Mebuki Financial Group Inc,JP,Financials,0.01211,BH0VTS2,EQ.STOCK,2026-07-31
009540.KS,009540,HD Korea Shipbuilding & Offshore Engineering Co Ltd,KR,Industrials,0.0121,6446620,EQ.STOCK,2026-07-31
5274.TW,5274,ASPEED Technology Inc,TW,Technology,0.0121,B80VKP3,EQ.STOCK,2026-07-31
207940.KS,207940,Samsung Biologics Co Ltd,KR,Health Care,0.01207,BYNJCV6,EQ.STOCK,2026-07-31
AGN.AS,AGN,Aegon Ltd,NL,Financials,0.01201,BPH0Y27,EQ.STOCK,2026-07-31
EIM.NS,EIM,Eicher Motors Ltd,IN,Consumer Discretionary,0.01201,BMW4CV8,EQ.STOCK,2026-07-31
KBANK/F.BK,KBANK/F,Kasikornbank PCL,TH,Financials,0.01197,6888794,EQ.FSH,2026-07-31
WN.TO,WN,George Weston Ltd,CA,Consumer Staples,0.01196,2956662,EQ.STOCK,2026-07-31
CHTR,CHTR,Charter Communications Inc,US,Telecommunications,0.01194,BZ6VT82,EQ.STOCK,2026-07-31
LULU,LULU,Lululemon Athletica Inc,US,Consumer Discretionary,0.01194,B23FN39,EQ.STOCK,2026-07-31
IMI.L,IMI,IMI PLC,GB,Industrials,0.01192,BGLP8L2,EQ.STOCK,2026-07-31
SCG.AX,SCG,Scentre Group,AU,Real Estate,0.0119,BLZH0Z7,EQ.REIT,2026-07-31
MONC.MI,MONC,Moncler SpA,IT,Consumer Discretionary,0.01188,BGLP232,EQ.STOCK,2026-07-31
ALA.TO,ALA,AltaGas Ltd,CA,Utilities,0.01187,B43WJC5,EQ.STOCK,2026-07-31
SY1.DE,SY1,Symrise AG,DE,Basic Materials,0.01185,B1JB4K8,EQ.STOCK,2026-07-31
SRG.MI,SRG,Snam SpA,IT,Energy,0.01184,7251470,EQ.STOCK,2026-07-31
2601.HK,2601,China Pacific Insurance Group Co Ltd,HK,Financials,0.01183,B2Q5H56,EQ.STOCK,2026-07-31
5713.T,5713,Sumitomo Metal Mining Co Ltd,JP,Basic Materials,0.01183,6858849,EQ.STOCK,2026-07-31
UPM.HE,UPM,UPM-Kymmene Oyj,FI,Basic Materials,0.01183,5051252,EQ.STOCK,2026-07-31
TFII.TO,TFII,TFI International Inc,CA,Industrials,0.01181,BDRXBF4,EQ.STOCK,2026-07-31
0267.HK,267,CITIC Ltd,HK,Industrials,0.0118,6196152,EQ.STOCK,2026-07-31
AGI.TO,AGI,Alamos Gold Inc,CA,Basic Materials,0.0118,BZ3DNP6,EQ.STOCK,2026-07-31
NVMI.TA,NVMI,Nova Ltd,IL,Technology,0.0118,6534161,EQ.STOCK,2026-07-31
6479.T,6479,MINEBEA MITSUMI Inc,JP,Technology,0.01171,6642406,EQ.STOCK,2026-07-31
CA.PA,CA,Carrefour SA,FR,Consumer Staples,0.01171,5641567,EQ.STOCK,2026-07-31
ELE.MC,ELE,Endesa SA,ES,Utilities,0.01165,5271782,EQ.STOCK,2026-07-31
ADE.NS,ADE,Adani Enterprises Ltd,IN,Industrials,0.01164,B01VRK0,EQ.STOCK,2026-07-31
KGH.WA,KGH,KGHM Polska Miedz SA,PL,Basic Materials,0.01164,5263251,EQ.STOCK,2026-07-31
LISP.SW,LISP,Chocoladefabriken Lindt & Spruengli AG,CH,Consumer Staples,0.01164,5962280,EQ.STOCK,2026-07-31
VBBR3.SA,VBBR3,Vibra Energia SA,BR,Energy,0.01162,BPBLV81,EQ.STOCK,2026-07-31
2423.HK,2423,KE Holdings Inc,HK,Real Estate,0.01159,BN7SX97,EQ.STOCK,2026-07-31
PFCIBEST.CL,PFCIBEST,Grupo Cibest SA,CO,Financials,0.01153,BTPR2M4,EQ.PREF,2026-07-31
CCH.L,CCH,Coca-Cola HBC AG,GB,Consumer Staples,0.01146,B9895B7,EQ.STOCK,2026-07-31
PNR,PNR,Pentair PLC,US,Industrials,0.01146,BLS09M3,EQ.STOCK,2026-07-31
ACWA.SR,ACWA,ACWA Power Co,SA,Utilities,0.01145,BM8SKZ4,EQ.STOCK,2026-07-31
6223.TW,6223,MPI Corp,TW,Technology,0.01143,6574457,EQ.STOCK,2026-07-31
CEZ.PR,CEZ,CEZ AS,CZ,Utilities,0.01142,5624030,EQ.STOCK,2026-07-31
CNA.L,CNA,Centrica PLC,GB,Utilities,0.01141,B033F22,EQ.STOCK,2026-07-31
AVY,AVY,Avery Dennison Corp,US,Basic Materials,0.0114,2066408,EQ.STOCK,2026-07-31
GDDY,GDDY,GoDaddy Inc,US,Technology,0.0114,BWFRFC6,EQ.STOCK,2026-07-31
TLS.AX,TLS,Telstra Group Ltd,AU,Telecommunications,0.0114,6087289,EQ.STOCK,2026-07-31
ALE.WA,ALE,Allegro.eu SA,PL,Consumer Discretionary,0.01138,BMBQDF6,EQ.STOCK,2026-07-31
MOTHERSO.NS,MOTHERSO,Samvardhana Motherson International Ltd,IN,Consumer Discretionary,0.01137,6743990,EQ.STOCK,2026-07-31
KKC.NS,KKC,Cummins India Ltd,IN,Industrials,0.01132,6294863,EQ.STOCK,2026-07-31
SVT.L,SVT,Severn Trent PLC,GB,Utilities,0.0113,B1FH8J7,EQ.STOCK,2026-07-31
ITRK.L,ITRK,Intertek Group PLC,GB,Industrials,0.01129,3163836,EQ.STOCK,2026-07-31
STLAM.MI,STLAM,Stellantis NV,IT,Consumer Discretionary,0.01127,BMD8KX7,EQ.STOCK,2026-07-31
DSCT.TA,DSCT,Israel Discount Bank Ltd,IL,Financials,0.01125,6451271,EQ.STOCK,2026-07-31
FB.NS,FB,Federal Bank Ltd,IN,Financials,0.01123,BFT7KB7,EQ.STOCK,2026-07-31
600036.SS,600036,China Merchants Bank Co Ltd,CN,Financials,0.01122,BP3R273,EQ.STOCK,2026-07-31
BMRI.JK,BMRI,Bank Mandiri Persero Tbk PT,ID,Financials,0.01121,6651048,EQ.STOCK,2026-07-31
CG,CG,Carlyle Group Inc/The,US,Financials,0.01121,BKRTG56,EQ.STOCK,2026-07-31
WEIR.L,WEIR,Weir Group PLC,GB,Industrials,0.01117,0946580,EQ.STOCK,2026-07-31
ABEV3.SA,ABEV3,Ambev SA,BR,Consumer Staples,0.01115,BG7ZWY7,EQ.STOCK,2026-07-31
IT,IT,Gartner Inc,US,Technology,0.01113,2372763,EQ.STOCK,2026-07-31
NHY.OL,NHY,Norsk Hydro ASA,NO,Basic Materials,0.01113,B11HK39,EQ.STOCK,2026-07-31
ALPHA.AT,ALPHA,Alpha Bank SA,GR,Financials,0.01112,BTJZ707,EQ.STOCK,2026-07-31
ADSEZ.NS,ADSEZ,Adani Ports & Special Economic Zone Ltd,IN,Industrials,0.01106,B28XXH2,EQ.STOCK,2026-07-31
CSGP,CSGP,CoStar Group Inc,US,Real Estate,0.01105,2262864,EQ.STOCK,2026-07-31
BEAN.SW,BEAN,Belimo Holding AG,CH,Industrials,0.01104,BP0QDP8,EQ.STOCK,2026-07-31
0288.HK,288,WH Group Ltd,HK,Consumer Staples,0.01103,BLLHKZ1,EQ.STOCK,2026-07-31
BBRI.JK,BBRI,Bank Rakyat Indonesia Persero Tbk PT,ID,Financials,0.01099,6709099,EQ.STOCK,2026-07-31
5801.T,5801,Furukawa Electric Co Ltd,JP,Industrials,0.01097,6357562,EQ.STOCK,2026-07-31
GRASIM.NS,GRASIM,Grasim Industries Ltd,IN,Industrials,0.01092,BYQKH33,EQ.STOCK,2026-07-31
RTO.L,RTO,Rentokil Initial PLC,GB,Industrials,0.01092,B082RF1,EQ.STOCK,2026-07-31
8473.T,8473,SBI Holdings Inc,JP,Financials,0.01091,6309466,EQ.STOCK,2026-07-31
GIL.TO,GIL,Gildan Activewear Inc,CA,Consumer Discretionary,0.0109,2254645,EQ.STOCK,2026-07-31
ORSTED.CO,ORSTED,Orsted AS,DK,Utilities,0.01087,BYT16L4,EQ.STOCK,2026-07-31
LAND.L,LAND,Land Securities Group PLC,GB,Real Estate,0.01082,BYW0PQ6,EQ.REIT,2026-07-31
2408.TW,2408,Nanya Technology Corp,TW,Technology,0.0108,6283601,EQ.STOCK,2026-07-31
H.TO,H,Hydro One Ltd,CA,Utilities,0.01077,BYYXJY9,EQ.STOCK,2026-07-31
267260.KS,267260,HD Hyundai Electric Co Ltd,KR,Industrials,0.01074,BD4HFR9,EQ.STOCK,2026-07-31
8593.T,8593,Mitsubishi HC Capital Inc,JP,Financials,0.01073,6268976,EQ.STOCK,2026-07-31
HEN3.DE,HEN3,Henkel AG & Co KGaA,DE,Basic Materials,0.01072,5076705,EQ.PREF,2026-07-31
G1A.DE,G1A,GEA Group AG,DE,Industrials,0.01071,4557104,EQ.STOCK,2026-07-31
329180.KS,329180,HD Hyundai Heavy Industries Co Ltd,KR,Industrials,0.0107,BMDHSH4,EQ.STOCK,2026-07-31
066570.KS,066570,LG Electronics Inc,KR,Consumer Discretionary,0.01069,6520739,EQ.STOCK,2026-07-31
ALQ.AX,ALQ,ALS Ltd,AU,Industrials,0.01066,B86SZR5,EQ.STOCK,2026-07-31
EDV.L,EDV,Endeavour Mining PLC,GB,Basic Materials,0.0106,BL6K5J4,EQ.STOCK,2026-07-31
ORNBV.HE,ORNBV,Orion Oyj,FI,Health Care,0.01041,B17NY40,EQ.STOCK,2026-07-31
1179.HK,1179,H World Group Ltd,HK,Consumer Discretionary,0.0104,BMB5YK5,EQ.STOCK,2026-07-31
DPZ,DPZ,Domino's Pizza Inc,US,Consumer Discretionary,0.01039,B01SD70,EQ.STOCK,2026-07-31
3665.TW,3665,Bizlink Holding Inc,TW,Technology,0.01037,B5SG8Y4,EQ.STOCK,2026-07-31
KBX.DE,KBX,Knorr-Bremse AG,DE,Industrials,0.01035,BD2P9X9,EQ.STOCK,2026-07-31
DOCU,DOCU,DocuSign Inc,US,Technology,0.01032,BFYT7B7,EQ.STOCK,2026-07-31
SPSN.SW,SPSN,Swiss Prime Site AG,CH,Real Estate,0.01032,B083BH4,EQ.STOCK,2026-07-31
2059.TW,2059,King Slide Works Co Ltd,TW,Basic Materials,0.01031,B01H720,EQ.STOCK,2026-07-31
IAG.L,IAG,International Consolidated Airlines Group SA,GB,Consumer Discretionary,0.01029,B5M6XQ7,EQ.STOCK,2026-07-31
ATRL.TO,ATRL,AtkinsRealis Group Inc,CA,Industrials,0.01027,BRJNZ47,EQ.STOCK,2026-07-31
EMBJ3.SA,EMBJ3,Embraer SA,BR,Industrials,0.01023,BTRD974,EQ.STOCK,2026-07-31
SAFCO.SR,SAFCO,SABIC Agri-Nutrients Co,SA,Basic Materials,0.01023,B1323K0,EQ.STOCK,2026-07-31
9766.T,9766,Konami Group Corp,JP,Consumer Discretionary,0.01022,6496681,EQ.STOCK,2026-07-31
JKHY,JKHY,Jack Henry & Associates Inc,US,Industrials,0.01022,2469193,EQ.STOCK,2026-07-31
INDUC.ST,INDUC,Industrivarden AB,SE,Financials,0.01021,B1VSK54,EQ.STOCK,2026-07-31
KNIN.SW,KNIN,Kuehne + Nagel International AG,CH,Industrials,0.01021,B142S60,EQ.STOCK,2026-07-31
9697.T,9697,Capcom Co Ltd,JP,Consumer Discretionary,0.01019,6173694,EQ.STOCK,2026-07-31
CHKP,CHKP,Check Point Software Technologies Ltd,US,Technology,0.01018,2181334,EQ.STOCK,2026-07-31
FME.DE,FME,Fresenius Medical Care AG,DE,Health Care,0.01018,5129074,EQ.STOCK,2026-07-31
1347.HK,1347,Hua Hong Grace Semiconductor Ltd,HK,Technology,0.01016,BRB3857,EQ.STOCK,2026-07-31
MPL.AX,MPL,Medibank Pvt Ltd,AU,Financials,0.01014,BRTNNQ5,EQ.STOCK,2026-07-31
AC.PA,AC,Accor SA,FR,Consumer Discretionary,0.01013,5852842,EQ.STOCK,2026-07-31
LISN.SW,LISN,Chocoladefabriken Lindt & Spruengli AG,CH,Consumer Staples,0.01013,5962309,EQ.STOCK,2026-07-31
CICT.SI,CICT,CapitaLand Integrated Commercial Trust,SG,Real Estate,0.01012,6420129,EQ.REIT,2026-07-31
SMIN.L,SMIN,Smiths Group PLC,GB,Industrials,0.01012,B1WY233,EQ.STOCK,2026-07-31
PODD,PODD,Insulet Corp,US,Health Care,0.01011,B1XGNW4,EQ.STOCK,2026-07-31
6845.T,6845,Azbil Corp,JP,Industrials,0.0101,6985543,EQ.STOCK,2026-07-31
UNI.MI,UNI,Unipol Gruppo SpA,IT,Financials,0.01007,B7SF135,EQ.STOCK,2026-07-31
TATACONS.NS,TATACONS,Tata Consumer Products Ltd,IN,Consumer Staples,0.01001,6121488,EQ.STOCK,2026-07-31
0300.HK,300,Midea Group Co Ltd,HK,Consumer Discretionary,0.00999,BQB7ZL7,EQ.STOCK,2026-07-31
BIMAS.IS,BIMAS,BIM Birlesik Magazalar AS,TR,Consumer Staples,0.00997,B0D0006,EQ.STOCK,2026-07-31
CHC.AX,CHC,Charter Hall Group,AU,Real Estate,0.00997,B15F6S6,EQ.REIT,2026-07-31
HSX.L,HSX,Hiscox Ltd,GB,Financials,0.00997,BVZHXQ9,EQ.STOCK,2026-07-31
TPWR.NS,TPWR,Tata Power Co Ltd/The,IN,Utilities,0.00997,B6Z1L73,EQ.STOCK,2026-07-31
UAL,UAL,United Airlines Holdings Inc,US,Consumer Discretionary,0.00997,B4QG225,EQ.STOCK,2026-07-31
0006.HK,6,Power Assets Holdings Ltd,HK,Utilities,0.00996,6435327,EQ.STOCK,2026-07-31
3003.T,3003,Hulic Co Ltd,JP,Real Estate,0.00995,6805317,EQ.STOCK,2026-07-31
0003.HK,3,Hong Kong & China Gas Co Ltd,HK,Utilities,0.00991,6436557,EQ.STOCK,2026-07-31
INDIGO.NS,INDIGO,InterGlobe Aviation Ltd,IN,Consumer Discretionary,0.00991,BYYZ7D0,EQ.STOCK,2026-07-31
1378.HK,1378,China Hongqiao Group Ltd,HK,Basic Materials,0.0099,B44ZV94,EQ.STOCK,2026-07-31
7202.T,7202,Isuzu Motors Ltd,JP,Industrials,0.0099,6467104,EQ.STOCK,2026-07-31
FOXA,FOXA,Fox Corp,US,Consumer Discretionary,0.00989,BJJMGL2,EQ.STOCK,2026-07-31
HNAL.NS,HNAL,Hindustan Aeronautics Ltd,IN,Industrials,0.00989,BR56KD4,EQ.STOCK,2026-07-31
TECHM.NS,TECHM,Tech Mahindra Ltd,IN,Technology,0.00989,BWFGD63,EQ.STOCK,2026-07-31
BLND.L,BLND,British Land Co PLC/The,GB,Real Estate,0.00987,0136701,EQ.REIT,2026-07-31
7701.T,7701,Shimadzu Corp,JP,Industrials,0.00984,6804369,EQ.STOCK,2026-07-31
ROL,ROL,Rollins Inc,US,Consumer Discretionary,0.00984,2747305,EQ.STOCK,2026-07-31
TMCV.NS,TMCV,Tata Motors Ltd /new,IN,Industrials,0.00983,BSNRFT7,EQ.STOCK,2026-07-31
MKS.L,MKS,Marks & Spencer Group PLC,GB,Consumer Staples,0.00982,3127489,EQ.STOCK,2026-07-31
NWSA,NWSA,News Corp,US,Consumer Discretionary,0.00982,BBGVT40,EQ.STOCK,2026-07-31
SBRY.L,SBRY,J Sainsbury PLC,GB,Consumer Staples,0.00982,B019KW7,EQ.STOCK,2026-07-31
4684.T,4684,Obic Co Ltd,JP,Technology,0.00981,6136749,EQ.STOCK,2026-07-31
GPT.AX,GPT,GPT Group/The,AU,Real Estate,0.00981,6365866,EQ.REIT,2026-07-31
010140.KS,010140,Samsung Heavy Industries Co Ltd,KR,Industrials,0.00973,6772217,EQ.STOCK,2026-07-31
FGR.PA,FGR,Eiffage SA,FR,Industrials,0.0097,B13X013,EQ.STOCK,2026-07-31
IH.NS,IH,Indian Hotels Co Ltd/The,IN,Consumer Discretionary,0.00968,B1FRT61,EQ.STOCK,2026-07-31
3008.TW,3008,Largan Precision Co Ltd,TW,Technology,0.00967,6451668,EQ.STOCK,2026-07-31
IMP.JO,IMP,Impala Platinum Holdings Ltd,ZA,Basic Materials,0.00965,B1FFT76,EQ.STOCK,2026-07-31
ERF.PA,ERF,Eurofins Scientific SE,FR,Health Care,0.00963,BNDPYV1,EQ.STOCK,2026-07-31
PMAH.KL,PMAH,Press Metal Aluminium Holdings Bhd,MY,Basic Materials,0.00963,BF0J5S4,EQ.STOCK,2026-07-31
5706.T,5706,Mitsui Kinzoku Co Ltd,JP,Basic Materials,0.00961,6597346,EQ.STOCK,2026-07-31
5333.T,5333,NGK Corp,JP,Industrials,0.0096,6619507,EQ.STOCK,2026-07-31
MZTF.TA,MZTF,Mizrahi Tefahot Bank Ltd,IL,Financials,0.00959,6916703,EQ.STOCK,2026-07-31
FORTUM.HE,FORTUM,Fortum Oyj,FI,Utilities,0.00957,5579550,EQ.STOCK,2026-07-31
FOX,FOX,Fox Corp,US,Consumer Discretionary,0.00957,BJJMGY5,EQ.STOCK,2026-07-31
PRIO3.SA,PRIO3,PRIO SA/Brazil,BR,Energy,0.00957,BYY0144,EQ.STOCK,2026-07-31
4732.T,4732,USS Co Ltd,JP,Consumer Discretionary,0.00953,6171494,EQ.STOCK,2026-07-31
1093.HK,1093,CSPC Pharmaceutical Group Ltd,HK,Health Care,0.00951,6191997,EQ.STOCK,2026-07-31
APHS.NS,APHS,Apollo Hospitals Enterprise Ltd,IN,Health Care,0.0095,6273583,EQ.STOCK,2026-07-31
PEO.WA,PEO,Bank Polska Kasa Opieki SA,PL,Financials,0.00948,5473113,EQ.STOCK,2026-07-31
5880.TW,5880,Taiwan Cooperative Financial Holding Co Ltd,TW,Financials,0.00946,B73XCZ3,EQ.STOCK,2026-07-31
298040.KS,298040,Hyosung Heavy Industries Corp,KR,Technology,0.00945,BD83175,EQ.STOCK,2026-07-31
JSTL.NS,JSTL,JSW Steel Ltd,IN,Basic Materials,0.00945,BZBYJJ7,EQ.STOCK,2026-07-31
MRL.MC,MRL,Merlin Properties Socimi SA,ES,Real Estate,0.00943,BNGNB77,EQ.REIT,2026-07-31
HKL.SI,HKL,Hongkong Land Holdings Ltd,SG,Real Estate,0.00941,6434915,EQ.STOCK,2026-07-31
373220.KS,373220,LG Energy Solution Ltd,KR,Industrials,0.00938,BNSP8W5,EQ.STOCK,2026-07-31
9901.HK,9901,New Oriental Education & Technology Group Inc,HK,Consumer Discretionary,0.00935,BN4MKV3,EQ.STOCK,2026-07-31
BKT.MC,BKT,Bankinter SA,ES,Financials,0.00934,5474008,EQ.STOCK,2026-07-31
ITC.NS,ITC,ITC Ltd,IN,Consumer Staples,0.00934,B0JGGP5,EQ.STOCK,2026-07-31
GALP.LS,GALP,Galp Energia SGPS SA,PT,Energy,0.00926,B1FW751,EQ.STOCK,2026-07-31
KTB/F.BK,KTB/F,Krung Thai Bank PCL,TH,Financials,0.00925,6492838,EQ.FSH,2026-07-31
PSON.L,PSON,Pearson PLC,GB,Consumer Discretionary,0.00925,0677608,EQ.STOCK,2026-07-31
NEST.NS,NEST,Nestle India Ltd,IN,Consumer Staples,0.00924,BQB8GH3,EQ.STOCK,2026-07-31
ASRNL.AS,ASRNL,ASR Nederland NV,NL,Financials,0.00921,BD9PNF2,EQ.STOCK,2026-07-31
SCAB.ST,SCAB,Svenska Cellulosa AB SCA,SE,Basic Materials,0.00921,B1VVGZ5,EQ.STOCK,2026-07-31
VOLVA.ST,VOLVA,Volvo AB,SE,Industrials,0.00921,B1QH7Y4,EQ.STOCK,2026-07-31
6504.T,6504,Fuji Electric Co Ltd,JP,Industrials,0.0092,6356365,EQ.STOCK,2026-07-31
SQM/B.SN,SQM/B,Sociedad Quimica y Minera de Chile SA,CL,Basic Materials,0.0092,2718301,EQ.PREF,2026-07-31
PIDI.NS,PIDI,Pidilite Industries Ltd,IN,Basic Materials,0.00919,B0JJV59,EQ.STOCK,2026-07-31
4042.T,4042,Tosoh Corp,JP,Basic Materials,0.00918,6900289,EQ.STOCK,2026-07-31
300308.SZ,300308,Zhongji Innolight Co Ltd,CN,Telecommunications,0.00917,BFFJRM7,EQ.STOCK,2026-07-31
ALD.AX,ALD,Ampol Ltd,AU,Energy,0.00917,BM91201,EQ.STOCK,2026-07-31
9868.HK,9868,XPeng Inc,HK,Consumer Discretionary,0.00915,BP6FB33,EQ.STOCK,2026-07-31
6525.T,6525,Kokusai Electric Corp,JP,Technology,0.00913,BNGHNG2,EQ.STOCK,2026-07-31
BVI.PA,BVI,Bureau Veritas SA,FR,Industrials,0.00913,B28DTJ6,EQ.STOCK,2026-07-31
4911.T,4911,Shiseido Co Ltd,JP,Consumer Discretionary,0.0091,6805265,EQ.STOCK,2026-07-31
2301.TW,2301,Lite-On Technology Corp,TW,Technology,0.00909,6519481,EQ.STOCK,2026-07-31
7259.T,7259,Aisin Corp,JP,Consumer Discretionary,0.00908,6010702,EQ.STOCK,2026-07-31
010120.KS,010120,LS Electric Co Ltd,KR,Technology,0.00906,6378217,EQ.STOCK,2026-07-31
EQTL3.SA,EQTL3,Equatorial SA,BR,Utilities,0.00906,B128R96,EQ.STOCK,2026-07-31
RBI.VI,RBI,Raiffeisen Bank International AG,AT,Financials,0.00904,B0704T9,EQ.STOCK,2026-07-31
SOL.AX,SOL,Washington H Soul Pattinson & Co Ltd,AU,Energy,0.00903,6821807,EQ.STOCK,2026-07-31
SKAB.ST,SKAB,Skanska AB,SE,Industrials,0.00901,7142091,EQ.STOCK,2026-07-31
BCP.LS,BCP,Banco Comercial Portugues SA,PT,Financials,0.00898,BZCNN35,EQ.STOCK,2026-07-31
8354.T,8354,Fukuoka Financial Group Inc,JP,Financials,0.00897,B1TK1Y8,EQ.STOCK,2026-07-31
4612.T,4612,Nippon Paint Holdings Co Ltd,JP,Industrials,0.00895,6640507,EQ.STOCK,2026-07-31
PSPN.SW,PSPN,PSP Swiss Property AG,CH,Real Estate,0.00895,B012877,EQ.STOCK,2026-07-31
9866.HK,9866,NIO Inc,HK,Consumer Discretionary,0.00894,BPR9XV6,EQ.STOCK,2026-07-31
BHFC.NS,BHFC,Bharat Forge Ltd,IN,Basic Materials,0.00894,B0C1DM3,EQ.STOCK,2026-07-31
LYC.AX,LYC,Lynas Rare Earths Ltd,AU,Basic Materials,0.00892,6121176,EQ.STOCK,2026-07-31
6113.T,6113,Amada Co Ltd,JP,Industrials,0.0089,6022105,EQ.STOCK,2026-07-31
EDEN.PA,EDEN,Edenred SE,FR,Industrials,0.0089,B62G1B5,EQ.STOCK,2026-07-31
AIA.NZ,AIA,Auckland International Airport Ltd,NZ,Industrials,0.00889,BKX3XG2,EQ.STOCK,2026-07-31
IMG.TO,IMG,IAMGOLD Corp,CA,Basic Materials,0.00889,2446646,EQ.STOCK,2026-07-31
TEN.MI,TEN,Tenaris SA,IT,Energy,0.00889,BMHVLR3,EQ.STOCK,2026-07-31
3289.T,3289,Tokyu Fudosan Holdings Corp,JP,Real Estate,0.00888,BDC6LT2,EQ.STOCK,2026-07-31
7270.T,7270,Subaru Corp,JP,Consumer Discretionary,0.00886,6356406,EQ.STOCK,2026-07-31
2015.HK,2015,Li Auto Inc,HK,Consumer Discretionary,0.00884,BMW5M00,EQ.STOCK,2026-07-31
ALMARAI.SR,ALMARAI,Almarai Co JSC,SA,Consumer Staples,0.00884,B137VV2,EQ.STOCK,2026-07-31
9926.HK,9926,Akeso Inc,HK,Health Care,0.00883,BLFJ7Y1,EQ.STOCK,2026-07-31
CGPOWER.NS,CGPOWER,CG Power & Industrial Solutions Ltd,IN,Industrials,0.00882,B1B90H9,EQ.STOCK,2026-07-31
LPC.NS,LPC,Lupin Ltd,IN,Health Care,0.00882,6143761,EQ.STOCK,2026-07-31
196170.KS,196170,Alteogen Inc,KR,Health Care,0.00881,BSTJWN0,EQ.STOCK,2026-07-31
OMV.VI,OMV,OMV AG,AT,Energy,0.00881,4651459,EQ.STOCK,2026-07-31
1801.T,1801,Taisei Corp,JP,Industrials,0.00879,6870100,EQ.STOCK,2026-07-31
ASELS.IS,ASELS,Aselsan Elektronik Sanayi Ve Ticaret AS,TR,Industrials,0.00878,B03MP41,EQ.STOCK,2026-07-31
CAR.AX,CAR,CAR Group Ltd,AU,Technology,0.00878,BW0BGZ3,EQ.STOCK,2026-07-31
1658.HK,1658,Postal Savings Bank of China Co Ltd,HK,Financials,0.00877,BD8GL18,EQ.STOCK,2026-07-31
5201.T,5201,AGC Inc,JP,Industrials,0.00876,6055208,EQ.STOCK,2026-07-31
ANDR.VI,ANDR,ANDRITZ AG,AT,Industrials,0.00874,B1WVF68,EQ.STOCK,2026-07-31
BNZL.L,BNZL,Bunzl PLC,GB,Industrials,0.00874,B0744B3,EQ.STOCK,2026-07-31
6446.TW,6446,PharmaEssentia Corp,TW,Health Care,0.00873,BJTCKZ4,EQ.STOCK,2026-07-31
DSY.JO,DSY,Discovery Ltd,ZA,Financials,0.00872,6177878,EQ.STOCK,2026-07-31
JIOFIN.NS,JIOFIN,Jio Financial Services Ltd,IN,Financials,0.0087,BQPG2F3,EQ.STOCK,2026-07-31
SULAIMAN.SR,SULAIMAN,Dr Sulaiman Al Habib Medical Services Group Co,SA,Health Care,0.00868,BLGM738,EQ.STOCK,2026-07-31
ALINMA.SR,ALINMA,Alinma Bank,SA,Financials,0.00867,B39NWT3,EQ.STOCK,2026-07-31
SOBI.ST,SOBI,Swedish Orphan Biovitrum AB,SE,Health Care,0.00867,B1CC9H0,EQ.STOCK,2026-07-31
PLS.AX,PLS,PLS Group Ltd,AU,Basic Materials,0.00866,B2368L5,EQ.STOCK,2026-07-31
APA.AX,APA,APA Group,AU,Energy,0.00862,6247306,EQ.STOCK,2026-07-31
SSABB.ST,SSABB,SSAB AB,SE,Basic Materials,0.00862,B17H3F6,EQ.STOCK,2026-07-31
6690.HK,6690,Haier Smart Home Co Ltd,HK,Consumer Discretionary,0.00861,BLD4QD0,EQ.STOCK,2026-07-31
CLAR.SI,CLAR,CapitaLand Ascendas REIT,SG,Real Estate,0.00861,6563875,EQ.REIT,2026-07-31
EFN.TO,EFN,Element Fleet Management Corp,CA,Industrials,0.00861,B7FNMQ2,EQ.STOCK,2026-07-31
DSG.TO,DSG,Descartes Systems Group Inc/The,CA,Technology,0.00859,2141941,EQ.STOCK,2026-07-31
2379.TW,2379,Realtek Semiconductor Corp,TW,Technology,0.00858,6051422,EQ.STOCK,2026-07-31
ABG.JO,ABG,Absa Group Ltd,ZA,Financials,0.00858,BFX05H3,EQ.STOCK,2026-07-31
BMED.MI,BMED,Banca Mediolanum SpA,IT,Financials,0.00858,BYWP840,EQ.STOCK,2026-07-31
EN.PA,EN,Bouygues SA,FR,Industrials,0.00856,4002121,EQ.STOCK,2026-07-31
PNDORA.CO,PNDORA,Pandora A/S,DK,Consumer Discretionary,0.00856,B44XTX8,EQ.STOCK,2026-07-31
5411.T,5411,JFE Holdings Inc,JP,Basic Materials,0.00854,6543792,EQ.STOCK,2026-07-31
HEIO.AS,HEIO,Heineken Holding NV,NL,Consumer Staples,0.00853,B0CCH46,EQ.STOCK,2026-07-31
MICC.AS,MICC,Magnum Ice Cream Co NV/The,NL,Consumer Staples,0.00853,BSNMGT9,EQ.STOCK,2026-07-31
4021.T,4021,Nissan Chemical Corp,JP,Basic Materials,0.00852,6641588,EQ.STOCK,2026-07-31
WISE.L,WISE,Wise Group PLC,GB,Industrials,0.00852,BQKY081,EQ.STOCK,2026-07-31
TRP.NS,TRP,Torrent Pharmaceuticals Ltd,IN,Health Care,0.00851,B0XPSB8,EQ.STOCK,2026-07-31
6963.T,6963,Rohm Co Ltd,JP,Technology,0.0085,6747204,EQ.STOCK,2026-07-31
1519.HK,1519,J&T Global Express Ltd,HK,Industrials,0.00849,BRBTW19,EQ.STOCK,2026-07-31
6586.T,6586,Makita Corp,JP,Industrials,0.00849,6555805,EQ.STOCK,2026-07-31
2395.TW,2395,Advantech Co Ltd,TW,Technology,0.00848,6202673,EQ.STOCK,2026-07-31
HDFCAMC.NS,HDFCAMC,HDFC Asset Management Co Ltd,IN,Financials,0.00848,BG0R3M5,EQ.STOCK,2026-07-31
AUBANK.NS,AUBANK,AU Small Finance Bank Ltd,IN,Financials,0.00847,BF1YBK2,EQ.STOCK,2026-07-31
9021.T,9021,West Japan Railway Co,JP,Industrials,0.00846,6957995,EQ.STOCK,2026-07-31
EVO.ST,EVO,Evolution AB,SE,Consumer Discretionary,0.00846,BJXSCH4,EQ.STOCK,2026-07-31
7912.T,7912,Dai Nippon Printing Co Ltd,JP,Industrials,0.00845,6250906,EQ.STOCK,2026-07-31
CHILE.SN,CHILE,Banco de Chile,CL,Financials,0.00845,2100845,EQ.STOCK,2026-07-31
0027.HK,27,Galaxy Entertainment Group Ltd,HK,Consumer Discretionary,0.00844,6465874,EQ.STOCK,2026-07-31
CLI.SI,CLI,CapitaLand Investment Ltd/Singapore,SG,Real Estate,0.00844,BNHXFJ6,EQ.STOCK,2026-07-31
DLFU.NS,DLFU,DLF Ltd,IN,Real Estate,0.00844,B1YLCV0,EQ.STOCK,2026-07-31
SPIE.PA,SPIE,SPIE SA,FR,Industrials,0.00843,BYZFYS3,EQ.STOCK,2026-07-31
SIG.AX,SIG,Sigma Healthcare Ltd,AU,Consumer Staples,0.00841,BF13K02,EQ.STOCK,2026-07-31
TEL2B.ST,TEL2B,Tele2 AB,SE,Telecommunications,0.00841,B97C733,EQ.STOCK,2026-07-31
035720.KS,035720,Kakao Corp,KR,Technology,0.0084,6194037,EQ.STOCK,2026-07-31
8113.T,8113,Unicharm Corp,JP,Consumer Staples,0.0084,6911485,EQ.STOCK,2026-07-31
DHER.DE,DHER,Delivery Hero SE,DE,Consumer Discretionary,0.0084,BZCNB42,EQ.STOCK,2026-07-31
GAM.KL,GAM,Gamuda Bhd,MY,Industrials,0.00839,6359881,EQ.STOCK,2026-07-31
0788.HK,788,China Tower Corp Ltd,HK,Telecommunications,0.00837,BTVMCY5,EQ.STOCK,2026-07-31
4523.T,4523,Eisai Co Ltd,JP,Health Care,0.00834,6307200,EQ.STOCK,2026-07-31
BEZQ.TA,BEZQ,Bezeq The Israeli Telecommunication Corp Ltd,IL,Telecommunications,0.00831,6098032,EQ.STOCK,2026-07-31
ZAL.DE,ZAL,Zalando SE,DE,Consumer Discretionary,0.0083,BQV0SV7,EQ.STOCK,2026-07-31
HEN.DE,HEN,Henkel AG & Co KGaA,DE,Basic Materials,0.00829,5002465,EQ.STOCK,2026-07-31
MOWI.OL,MOWI,Mowi ASA,NO,Consumer Staples,0.00826,B02L486,EQ.STOCK,2026-07-31
600900.SS,600900,China Yangtze Power Co Ltd,CN,Utilities,0.00824,BP3R2M8,EQ.STOCK,2026-07-31
3443.TW,3443,Global Unichip Corp,TW,Technology,0.00823,B056381,EQ.STOCK,2026-07-31
REM.JO,REM,Remgro Ltd,ZA,Financials,0.00823,6290689,EQ.STOCK,2026-07-31
RIBL.SR,RIBL,Riyad Bank,SA,Financials,0.00822,B12LZW4,EQ.STOCK,2026-07-31
TLX.DE,TLX,Talanx AG,DE,Financials,0.00822,B8F0TD6,EQ.STOCK,2026-07-31
SKFB.ST,SKFB,SKF AB,SE,Basic Materials,0.00821,B1Q3J35,EQ.STOCK,2026-07-31
LPP.WA,LPP,LPP SA,PL,Consumer Discretionary,0.0082,7127979,EQ.STOCK,2026-07-31
HOT.DE,HOT,HOCHTIEF AG,DE,Industrials,0.00819,5108664,EQ.STOCK,2026-07-31
4528.T,4528,Ono Pharmaceutical Co Ltd,JP,Health Care,0.00818,6660107,EQ.STOCK,2026-07-31
6724.T,6724,Seiko Epson Corp,JP,Technology,0.00818,6616508,EQ.STOCK,2026-07-31
8951.T,8951,Nippon Building Fund Inc,JP,Real Estate,0.00817,6396800,EQ.REIT,2026-07-31
ABVX.PA,ABVX,Abivax SA,FR,Health Care,0.00816,BYZZ7S4,EQ.STOCK,2026-07-31
SHL.AX,SHL,Sonic Healthcare Ltd,AU,Health Care,0.00816,6821120,EQ.STOCK,2026-07-31
CIPLA.NS,CIPLA,Cipla Ltd/India,IN,Health Care,0.00815,B011108,EQ.STOCK,2026-07-31
GFL.TO,GFL,GFL Environmental Inc,CA,Utilities,0.00815,BKDT649,EQ.STOCK,2026-07-31
VMS.SI,VMS,Venture Corp Ltd,SG,Technology,0.00815,6927374,EQ.STOCK,2026-07-31
INDT.ST,INDT,Indutrade AB,SE,Industrials,0.00814,B0LDBX7,EQ.STOCK,2026-07-31
1301.TW,1301,Formosa Plastics Corp,TW,Industrials,0.00813,6348544,EQ.STOCK,2026-07-31
BSF.SR,BSF,Banque Saudi Fransi,SA,Financials,0.00813,B12LZT1,EQ.STOCK,2026-07-31
BSL.AX,BSL,BlueScope Steel Ltd,AU,Basic Materials,0.00811,6533232,EQ.STOCK,2026-07-31
TLV.RO,TLV,Banca Transilvania SA,RO,Financials,0.00809,5393307,EQ.STOCK,2026-07-31
MOL.BD,MOL,MOL Hungarian Oil & Gas PLC,HU,Energy,0.00808,BD5ZXH8,EQ.STOCK,2026-07-31
NED.JO,NED,Nedbank Group Ltd,ZA,Financials,0.00805,6628008,EQ.STOCK,2026-07-31
HARL.TA,HARL,Harel Insurance Investments & Financial Services Ltd,IL,Financials,0.00804,6410700,EQ.STOCK,2026-07-31
6506.T,6506,Yaskawa Electric Corp,JP,Industrials,0.00803,6986041,EQ.STOCK,2026-07-31
BEI.DE,BEI,Beiersdorf AG,DE,Consumer Staples,0.00802,5107401,EQ.STOCK,2026-07-31
HAR.JO,HAR,Harmony Gold Mining Co Ltd,ZA,Basic Materials,0.00801,6410562,EQ.STOCK,2026-07-31
5334.T,5334,Niterra Co Ltd,JP,Consumer Discretionary,0.008,6619604,EQ.STOCK,2026-07-31
GBLB.BR,GBLB,Groupe Bruxelles Lambert NV,BE,Financials,0.008,7097328,EQ.STOCK,2026-07-31
PZU.WA,PZU,Powszechny Zaklad Ubezpieczen SA,PL,Financials,0.008,B63DG21,EQ.STOCK,2026-07-31
RENT3.SA,RENT3,Localiza Rent a Car SA,BR,Consumer Discretionary,0.00799,B08K3S0,EQ.STOCK,2026-07-31
ACEM.NS,ACEM,Ambuja Cements Ltd,IN,Industrials,0.00797,B09QQ11,EQ.STOCK,2026-07-31
FALAB.SN,FALAB,Falabella SA,CL,Consumer Discretionary,0.00797,2771672,EQ.STOCK,2026-07-31
600030.SS,600030,CITIC Securities Co Ltd,CN,Financials,0.00796,BP3R2J5,EQ.STOCK,2026-07-31
CPALL/F.BK,CPALL/F,CP ALL PCL,TH,Consumer Staples,0.00795,B08YDF9,EQ.FSH,2026-07-31
MAERSKB.CO,MAERSKB,AP Moller - Maersk A/S,DK,Industrials,0.00793,4253048,EQ.STOCK,2026-07-31
DIVI.NS,DIVI,Divi's Laboratories Ltd,IN,Health Care,0.00792,6602518,EQ.STOCK,2026-07-31
DRRD.NS,DRRD,Dr Reddy's Laboratories Ltd,IN,Health Care,0.00791,BQ2KJW4,EQ.STOCK,2026-07-31
SIGN.SW,SIGN,SIG Group AG,CH,Industrials,0.0079,BD5GN60,EQ.STOCK,2026-07-31
AC*.MX,AC*,Arca Continental SAB de CV,MX,Consumer Staples,0.00788,2823885,EQ.STOCK,2026-07-31
FHZN.SW,FHZN,Flughafen Zurich AG,CH,Industrials,0.00788,BYQ8481,EQ.STOCK,2026-07-31
AUTO.L,AUTO,Autotrader Group PLC,GB,Technology,0.00787,BVYVFW2,EQ.STOCK,2026-07-31
WIL.SI,WIL,Wilmar International Ltd,SG,Consumer Staples,0.00787,B17KC69,EQ.STOCK,2026-07-31
ALDAR.AE,ALDAR,Aldar Properties PJSC,AE,Real Estate,0.00786,B0LX3Y2,EQ.STOCK,2026-07-31
UNITDSPR.NS,UNITDSPR,United Spirits Ltd,IN,Consumer Staples,0.00785,BYWFSB7,EQ.STOCK,2026-07-31
ORI.AX,ORI,Orica Ltd,AU,Basic Materials,0.00784,6458001,EQ.STOCK,2026-07-31
TVSL.NS,TVSL,TVS Motor Co Ltd,IN,Consumer Discretionary,0.00784,6726548,EQ.STOCK,2026-07-31
2768.T,2768,Sojitz Corp,JP,Industrials,0.00783,6594143,EQ.STOCK,2026-07-31
RDOR3.SA,RDOR3,Rede D'Or Sao Luiz SA,BR,Health Care,0.00783,BNDQ8P6,EQ.STOCK,2026-07-31
7752.T,7752,Ricoh Co Ltd,JP,Technology,0.00779,6738220,EQ.STOCK,2026-07-31
ONGC.NS,ONGC,Oil & Natural Gas Corp Ltd,IN,Energy,0.00778,6139362,EQ.STOCK,2026-07-31
LI.PA,LI,Klepierre SA,FR,Real Estate,0.00777,7582556,EQ.REIT,2026-07-31
042660.KS,042660,Hanwha Ocean Co Ltd,KR,Industrials,0.00776,6211732,EQ.STOCK,2026-07-31
CIBEST.CL,CIBEST,Grupo Cibest SA,CO,Financials,0.00775,BP6QXH4,EQ.STOCK,2026-07-31
KEY.TO,KEY,Keyera Corp,CA,Energy,0.00775,B3SGMV5,EQ.STOCK,2026-07-31
2376.TW,2376,Gigabyte Technology Co Ltd,TW,Technology,0.00774,6129181,EQ.STOCK,2026-07-31
ACKB.BR,ACKB,Ackermans & van Haaren NV,BE,Industrials,0.00773,5715774,EQ.STOCK,2026-07-31
IMCD.AS,IMCD,IMCD NV,NL,Basic Materials,0.00773,BNCBD46,EQ.STOCK,2026-07-31
4005.T,4005,Sumitomo Chemical Co Ltd,JP,Basic Materials,0.00772,6858560,EQ.STOCK,2026-07-31
JBH.AX,JBH,JB Hi-Fi Ltd,AU,Consumer Discretionary,0.0077,6702623,EQ.STOCK,2026-07-31
FORH.NS,FORH,Fortis Healthcare Ltd,IN,Health Care,0.00765,B1XC098,EQ.STOCK,2026-07-31
TRELB.ST,TRELB,Trelleborg AB,SE,Industrials,0.00765,4902384,EQ.STOCK,2026-07-31
BID.JO,BID,Bid Corp Ltd,ZA,Consumer Staples,0.00764,BZBFKT7,EQ.STOCK,2026-07-31
TLC.AX,TLC,Lottery Corp Ltd/The,AU,Consumer Discretionary,0.00763,BNRQW72,EQ.STOCK,2026-07-31
3653.TW,3653,Jentech Precision Industrial Co Ltd,TW,Technology,0.00761,B3FJBY3,EQ.STOCK,2026-07-31
LHA.DE,LHA,Deutsche Lufthansa AG,DE,Consumer Discretionary,0.00761,5287488,EQ.STOCK,2026-07-31
SLM.JO,SLM,Sanlam Ltd,ZA,Financials,0.0076,B0L6750,EQ.STOCK,2026-07-31
1803.T,1803,Shimizu Corp,JP,Industrials,0.00759,6804400,EQ.STOCK,2026-07-31
4958.TW,4958,Zhen Ding Technology Holding Ltd,TW,Technology,0.00759,B734XQ4,EQ.STOCK,2026-07-31
8359.T,8359,Hachijuni Nagano Bank Ltd,JP,Financials,0.00759,6400626,EQ.STOCK,2026-07-31
HDFCLIFE.NS,HDFCLIFE,HDFC Life Insurance Co Ltd,IN,Financials,0.00759,BF0TRG6,EQ.STOCK,2026-07-31
TNE.AX,TNE,Technology One Ltd,AU,Technology,0.00759,6302410,EQ.STOCK,2026-07-31
601995.SS,601995,China International Capital Corp Ltd,CN,Financials,0.00758,BMYPCF3,EQ.STOCK,2026-07-31
PTTEP/F.BK,PTTEP/F,PTT Exploration & Production PCL,TH,Energy,0.00758,B1359J0,EQ.FSH,2026-07-31
TRENT.NS,TRENT,Trent Ltd,IN,Consumer Discretionary,0.00757,BDDRN32,EQ.STOCK,2026-07-31
X.TO,X,TMX Group Ltd,CA,Financials,0.00755,B8KH5G7,EQ.STOCK,2026-07-31
FSV.TO,FSV,FirstService Corp,CA,Real Estate,0.00752,BJMKSJ5,EQ.STOCK,2026-07-31
MRCO.NS,MRCO,Marico Ltd,IN,Consumer Staples,0.00752,B1S34K5,EQ.STOCK,2026-07-31
QIA.DE,QIA,QIAGEN NV,DE,Health Care,0.00752,BV6JKC9,EQ.STOCK,2026-07-31
ELI.BR,ELI,Elia Group SA/NV,BE,Utilities,0.00751,B09M9F4,EQ.STOCK,2026-07-31
ADIB.AE,ADIB,Abu Dhabi Islamic Bank PJSC,AE,Financials,0.00748,6001728,EQ.STOCK,2026-07-31
051910.KS,051910,LG Chem Ltd,KR,Industrials,0.00747,6346913,EQ.STOCK,2026-07-31
RXL.PA,RXL,Rexel SA,FR,Industrials,0.00747,B1VP0K0,EQ.STOCK,2026-07-31
TTD,TTD,Trade Desk Inc/The,US,Consumer Discretionary,0.00747,BD8FDD1,EQ.STOCK,2026-07-31
601138.SS,601138,Foxconn Industrial Internet Co Ltd,CN,Telecommunications,0.00745,BG20N99,EQ.STOCK,2026-07-31
8136.T,8136,Sanrio Co Ltd,JP,Consumer Discretionary,0.00743,6776349,EQ.STOCK,2026-07-31
IQCD.QA,IQCD,Industries Qatar QSC,QA,Basic Materials,0.00743,6673570,EQ.STOCK,2026-07-31
PPC.AT,PPC,Public Power Corp SA,GR,Utilities,0.00742,7268298,EQ.STOCK,2026-07-31
4755.T,4755,Rakuten Group Inc,JP,Technology,0.00741,6229597,EQ.STOCK,2026-07-31
COLOB.CO,COLOB,Coloplast A/S,DK,Health Care,0.0074,B8FMRX8,EQ.STOCK,2026-07-31
VBL.NS,VBL,Varun Beverages Ltd,IN,Consumer Staples,0.0074,BQB80M6,EQ.STOCK,2026-07-31
6770.TW,6770,Powerchip Semiconductor Manufacturing Corp,TW,Technology,0.00739,BJBXT36,EQ.STOCK,2026-07-31
MOTV3.SA,MOTV3,Motiva Infraestrutura de Mobilidade SA,BR,Industrials,0.00736,BV8BRB1,EQ.STOCK,2026-07-31
PTG.KL,PTG,Petronas Gas Bhd,MY,Utilities,0.00736,6703972,EQ.STOCK,2026-07-31
8299.TW,8299,Phison Electronics Corp,TW,Technology,0.00735,6728469,EQ.STOCK,2026-07-31
0998.HK,998,China CITIC Bank Corp Ltd,HK,Financials,0.00732,B1W0JF2,EQ.STOCK,2026-07-31
PE&OLES*.MX,PE&OLES*,Industrias Penoles SAB de CV,MX,Basic Materials,0.00732,2448200,EQ.STOCK,2026-07-31
603259.SS,603259,WuXi AppTec Co Ltd,CN,Health Care,0.00731,BHWLWV4,EQ.STOCK,2026-07-31
4938.TW,4938,Pegatron Corp,TW,Technology,0.0073,B4PLX17,EQ.STOCK,2026-07-31
IFT.NZ,IFT,Infratil Ltd,NZ,Financials,0.0073,6459286,EQ.STOCK,2026-07-31
ICG.L,ICG,ICG PLC,GB,Financials,0.00729,BYT1DJ1,EQ.STOCK,2026-07-31
INDUSTOW.NS,INDUSTOW,Indus Towers Ltd,IN,Telecommunications,0.00727,B92P9G4,EQ.STOCK,2026-07-31
064350.KS,064350,Hyundai Rotem Co Ltd,KR,Industrials,0.00724,BFPM3C8,EQ.STOCK,2026-07-31
CRDA.L,CRDA,Croda International PLC,GB,Basic Materials,0.00724,BJFFLV0,EQ.STOCK,2026-07-31
TEL.OL,TEL,Telenor ASA,NO,Telecommunications,0.00724,4732495,EQ.STOCK,2026-07-31
BVT.JO,BVT,Bidvest Group Ltd,ZA,Industrials,0.00718,6100089,EQ.STOCK,2026-07-31
PPH.JO,PPH,Pepkor Holdings Ltd,ZA,Consumer Discretionary,0.00717,BFXG366,EQ.STOCK,2026-07-31
MEL.NZ,MEL,Meridian Energy Ltd,NZ,Utilities,0.00716,BWFD052,EQ.STOCK,2026-07-31
SGH.AX,SGH,Seven Group Holdings Ltd,AU,Industrials,0.00716,BR858V2,EQ.STOCK,2026-07-31
GJF.OL,GJF,Gjensidige Forsikring ASA,NO,Financials,0.00714,B4PH0C5,EQ.STOCK,2026-07-31
LTM.SN,LTM,Latam Airlines Group SA,CL,Consumer Discretionary,0.00714,2518932,EQ.STOCK,2026-07-31
071050.KS,071050,Korea Investment Holdings Co Ltd,KR,Financials,0.00709,6654586,EQ.STOCK,2026-07-31
2356.TW,2356,Inventec Corp,TW,Technology,0.00709,6459930,EQ.STOCK,2026-07-31
688041.SS,688041,Hygon Information Technology Co Ltd,CN,Technology,0.00709,BQZDHW6,EQ.STOCK,2026-07-31
688256.SS,688256,Cambricon Technologies Corp Ltd,CN,Technology,0.00709,BNHPMD5,EQ.STOCK,2026-07-31
SHP.JO,SHP,Shoprite Holdings Ltd,ZA,Consumer Staples,0.00709,6801575,EQ.STOCK,2026-07-31
BSAN.SN,BSAN,Banco Santander Chile,CL,Financials,0.00708,2000257,EQ.STOCK,2026-07-31
COMI.CA,COMI,Commercial International Bank - Egypt (CIB),EG,Financials,0.00708,6243898,EQ.STOCK,2026-07-31
UOL.SI,UOL,UOL Group Ltd,SG,Real Estate,0.00708,6916844,EQ.STOCK,2026-07-31
2324.TW,2324,Compal Electronics Inc,TW,Technology,0.00707,6225744,EQ.STOCK,2026-07-31
6473.T,6473,JTEKT Corp,JP,Consumer Discretionary,0.00707,6497082,EQ.STOCK,2026-07-31
005387.KS,005387,Hyundai Motor Co,KR,Consumer Discretionary,0.00706,6148272,EQ.PREF,2026-07-31
FIBRAPL.MX,FIBRAPL,Prologis Property Mexico SA de CV,MX,Real Estate,0.00705,BN56JP1,EQ.REIT,2026-07-31
DMART.NS,DMART,Avenue Supermarts Ltd,IN,Consumer Staples,0.00704,BYW1G33,EQ.STOCK,2026-07-31
PAYTM.NS,PAYTM,One 97 Communications Ltd,IN,Industrials,0.00704,BNTYXL5,EQ.STOCK,2026-07-31
BEIJB.ST,BEIJB,Beijer Ref AB,SE,Industrials,0.00702,BP2NJ48,EQ.STOCK,2026-07-31
BEN.AX,BEN,Bendigo & Adelaide Bank Ltd,AU,Financials,0.00702,6091280,EQ.STOCK,2026-07-31
CPN/F.BK,CPN/F,Central Pattana PCL,TH,Real Estate,0.00702,B6SR6J5,EQ.FSH,2026-07-31
AG.TO,AG,First Majestic Silver Corp,CA,Basic Materials,0.00701,2833583,EQ.STOCK,2026-07-31
BEZ.L,BEZ,Beazley PLC,GB,Financials,0.00701,BYQ0JC6,EQ.STOCK,2026-07-31
MAXHEALT.NS,MAXHEALT,Max Healthcare Institute Ltd,IN,Health Care,0.007,BMB2291,EQ.STOCK,2026-07-31
BNR.DE,BNR,Brenntag SE,DE,Basic Materials,0.00699,B4YVF56,EQ.STOCK,2026-07-31
KESKOB.HE,KESKOB,Kesko Oyj,FI,Consumer Staples,0.00699,4490005,EQ.STOCK,2026-07-31
2319.HK,2319,China Mengniu Dairy Co Ltd,HK,Consumer Staples,0.00698,B01B1L9,EQ.STOCK,2026-07-31
6976.T,6976,Taiyo Yuden Co Ltd,JP,Technology,0.00697,6870564,EQ.STOCK,2026-07-31
BJFIN.NS,BJFIN,Bajaj Finserv Ltd,IN,Financials,0.00697,BMTWGK2,EQ.STOCK,2026-07-31
BHEL.NS,BHEL,Bharat Heavy Electricals Ltd,IN,Industrials,0.00695,B6SNRV2,EQ.STOCK,2026-07-31
XRO.AX,XRO,Xero Ltd,AU,Technology,0.00695,B8P4LP4,EQ.STOCK,2026-07-31
8729.T,8729,Sony Financial Group Inc,JP,Financials,0.00693,B249SN5,EQ.STOCK,2026-07-31
GAPB.MX,GAPB,Grupo Aeroportuario del Pacifico SAB de CV,MX,Industrials,0.00691,B0ZV104,EQ.STOCK,2026-07-31
SDG.KL,SDG,SD Guthrie Bhd,MY,Consumer Staples,0.00691,BF6RHY2,EQ.STOCK,2026-07-31
2259.HK,2259,Zijin Gold International Co Ltd,HK,Basic Materials,0.00687,BSD3B20,EQ.STOCK,2026-07-31
TLKM.JK,TLKM,Telkom Indonesia Persero Tbk PT,ID,Telecommunications,0.00685,BD4T6W7,EQ.STOCK,2026-07-31
2801.T,2801,Kikkoman Corp,JP,Consumer Staples,0.00684,6490809,EQ.STOCK,2026-07-31
SHOP,SHOP,Shopify Inc,US,Technology,0.00684,BXDZ9Z0,EQ.STOCK,2026-07-31
CTEC.L,CTEC,Convatec Group PLC,GB,Health Care,0.00683,BD3VFW7,EQ.STOCK,2026-07-31
SOL.JO,SOL,Sasol Ltd,ZA,Basic Materials,0.00683,6777450,EQ.STOCK,2026-07-31
6856.T,6856,Horiba Ltd,JP,Industrials,0.00681,6437947,EQ.STOCK,2026-07-31
BIMBOA.MX,BIMBOA,Grupo Bimbo SAB de CV,MX,Consumer Staples,0.0068,2392471,EQ.STOCK,2026-07-31
AYV.PA,AYV,Ayvens SA,FR,Consumer Discretionary,0.00679,BF03BV1,EQ.STOCK,2026-07-31
ADDTB.ST,ADDTB,AddTech AB,SE,Industrials,0.00678,BLN8T44,EQ.STOCK,2026-07-31
GCPL.NS,GCPL,Godrej Consumer Products Ltd,IN,Consumer Staples,0.00677,B1BDGY0,EQ.STOCK,2026-07-31
ADP.PA,ADP,Aeroports de Paris SA,FR,Industrials,0.00676,B164FY1,EQ.STOCK,2026-07-31
BSE.NS,BSE,BSE Ltd,IN,Financials,0.00676,BD3DWQ6,EQ.STOCK,2026-07-31
PSYS.NS,PSYS,Persistent Systems Ltd,IN,Technology,0.00676,BLC87W9,EQ.STOCK,2026-07-31
9005.T,9005,Tokyu Corp,JP,Consumer Discretionary,0.00675,6896548,EQ.STOCK,2026-07-31
ORK.OL,ORK,Orkla ASA,NO,Consumer Staples,0.00669,B1VQF42,EQ.STOCK,2026-07-31
2688.HK,2688,ENN Energy Holdings Ltd,HK,Utilities,0.00668,6333937,EQ.STOCK,2026-07-31
600276.SS,600276,Jiangsu Hengrui Pharmaceuticals Co Ltd,CN,Health Care,0.00668,BP3R369,EQ.STOCK,2026-07-31
601318.SS,601318,Ping An Insurance Group Co of China Ltd,CN,Financials,0.00668,BP3R284,EQ.STOCK,2026-07-31
3861.T,3861,Oji Holdings Corp,JP,Basic Materials,0.00666,6657701,EQ.STOCK,2026-07-31
OPCE.TA,OPCE,OPC Energy Ltd,IL,Utilities,0.00665,BF8KKX9,EQ.STOCK,2026-07-31
1101.TW,1101,TCC Group Holdings Co Ltd,TW,Industrials,0.00664,6869937,EQ.STOCK,2026-07-31
DIE.BR,DIE,D'ieteren Group,BE,Consumer Discretionary,0.00664,4247494,EQ.STOCK,2026-07-31
2002.TW,2002,China Steel Corp,TW,Basic Materials,0.0066,6190950,EQ.STOCK,2026-07-31
GAIL.NS,GAIL,GAIL India Ltd,IN,Energy,0.0066,6133405,EQ.STOCK,2026-07-31
047810.KS,047810,Korea Aerospace Industries Ltd,KR,Industrials,0.00658,B3N3363,EQ.STOCK,2026-07-31
7272.T,7272,Yamaha Motor Co Ltd,JP,Consumer Discretionary,0.00658,6985264,EQ.STOCK,2026-07-31
SABB.SR,SABB,Saudi Awwal Bank,SA,Financials,0.00658,B12LSY7,EQ.STOCK,2026-07-31
BJAUT.NS,BJAUT,Bajaj Auto Ltd,IN,Consumer Discretionary,0.00657,B2QKXW0,EQ.STOCK,2026-07-31
CON.DE,CON,Continental AG,DE,Consumer Discretionary,0.00657,4598589,EQ.STOCK,2026-07-31
GULF/F.BK,GULF/F,Gulf Development PCL,TH,Utilities,0.00657,BMTQG26,EQ.FSH,2026-07-31
2338.HK,2338,Weichai Power Co Ltd,HK,Industrials,0.00656,6743956,EQ.STOCK,2026-07-31
2801.TW,2801,Chang Hwa Commercial Bank Ltd,TW,Financials,0.00655,6187855,EQ.STOCK,2026-07-31
4204.T,4204,Sekisui Chemical Co Ltd,JP,Consumer Discretionary,0.00655,6793821,EQ.STOCK,2026-07-31
EQX.TO,EQX,Equinox Gold Corp,CA,Basic Materials,0.00655,BKLNP13,EQ.STOCK,2026-07-31
600999.SS,600999,China Merchants Securities Co Ltd,CN,Financials,0.00654,BP3R303,EQ.STOCK,2026-07-31
CIFC.NS,CIFC,Cholamandalam Investment and Finance Co Ltd,IN,Financials,0.00652,BJ9K2H4,EQ.STOCK,2026-07-31
6471.T,6471,NSK Ltd,JP,Consumer Discretionary,0.0065,6641544,EQ.STOCK,2026-07-31
MRO.L,MRO,Melrose Industries PLC,GB,Industrials,0.0065,BNGDN82,EQ.STOCK,2026-07-31
SBILIFE.NS,SBILIFE,SBI Life Insurance Co Ltd,IN,Financials,0.00649,BZ60N32,EQ.STOCK,2026-07-31
3231.T,3231,Nomura Real Estate Holdings Inc,JP,Real Estate,0.00648,B1CWJM5,EQ.STOCK,2026-07-31
DIXON.NS,DIXON,Dixon Technologies India Ltd,IN,Consumer Discretionary,0.00648,BNC5412,EQ.STOCK,2026-07-31
THYAO.IS,THYAO,Turk Hava Yollari AO,TR,Consumer Discretionary,0.00647,B03MYK0,EQ.STOCK,2026-07-31
079550.KS,079550,LIG Defense&Aerospace Co Ltd,KR,Industrials,0.00646,BZ0RDZ1,EQ.STOCK,2026-07-31
EEC.SR,EEC,Etihad Etisalat Co,SA,Telecommunications,0.00646,B12LR51,EQ.STOCK,2026-07-31
EXO.AS,EXO,EXOR NV,NL,Financials,0.00645,BMJ1825,EQ.STOCK,2026-07-31
HMCL.NS,HMCL,Hero MotoCorp Ltd,IN,Consumer Discretionary,0.00645,6327327,EQ.STOCK,2026-07-31
ADNOCGAS.AE,ADNOCGAS,Adnoc Gas PLC,AE,Energy,0.00644,BPJLW35,EQ.STOCK,2026-07-31
BDMS/F.BK,BDMS/F,Bangkok Dusit Medical Services PCL,TH,Health Care,0.00643,BLZGSM7,EQ.FSH,2026-07-31
MGR.AX,MGR,Mirvac Group,AU,Real Estate,0.00643,6161978,EQ.REIT,2026-07-31
NXT.AX,NXT,NEXTDC Ltd,AU,Technology,0.00642,B5LMKP4,EQ.STOCK,2026-07-31
3436.T,3436,SUMCO Corp,JP,Technology,0.00639,B0M0C89,EQ.STOCK,2026-07-31
SFR.AX,SFR,Sandfire Resources Ltd,AU,Basic Materials,0.00638,6739739,EQ.STOCK,2026-07-31
1177.HK,1177,Sino Biopharmaceutical Ltd,HK,Health Care,0.00637,B00XSF9,EQ.STOCK,2026-07-31
TMPV.NS,TMPV,Tata Motors Passenger Vehicles Limited,IN,Consumer Discretionary,0.00637,B611LV1,EQ.STOCK,2026-07-31
GFS,GFS,GLOBALFOUNDRIES Inc,US,Technology,0.00635,BMW7F63,EQ.STOCK,2026-07-31
POLICYBZ.NS,POLICYBZ,PB Fintech Ltd,IN,Financials,0.00634,BP4DVR3,EQ.STOCK,2026-07-31
603993.SS,603993,CMOC Group Ltd,CN,Basic Materials,0.00632,BP3R574,EQ.STOCK,2026-07-31
ANA.MC,ANA,Acciona SA,ES,Industrials,0.00632,5579107,EQ.STOCK,2026-07-31
TPRO.MI,TPRO,Technoprobe SpA,IT,Technology,0.0063,BN6PV62,EQ.STOCK,2026-07-31
GGBR4.SA,GGBR4,Gerdau SA,BR,Basic Materials,0.00629,2645517,EQ.PREF,2026-07-31
002594.SZ,002594,BYD Co Ltd,CN,Consumer Discretionary,0.00626,BD5CQ69,EQ.STOCK,2026-07-31
2382.HK,2382,Sunny Optical Technology Group Co Ltd,HK,Technology,0.00625,B1YBT08,EQ.STOCK,2026-07-31
1336.HK,1336,New China Life Insurance Co Ltd,HK,Financials,0.00623,B5730Z1,EQ.STOCK,2026-07-31
AZJ.AX,AZJ,Aurizon Holdings Ltd,AU,Industrials,0.00622,B87CVM3,EQ.STOCK,2026-07-31
ASURB.MX,ASURB,Grupo Aeroportuario del Sureste SAB de CV,MX,Industrials,0.0062,2639349,EQ.STOCK,2026-07-31
TAL,TAL,TAL Education Group,US,Consumer Discretionary,0.00619,B4MGD82,EQ.DRCPT,2026-07-31
DCC.L,DCC,DCC Energy plc,GB,Industrials,0.00617,0242493,EQ.STOCK,2026-07-31
AOT/F.BK,AOT/F,Airports of Thailand PCL,TH,Industrials,0.00616,BDFLHY1,EQ.FSH,2026-07-31
IIB.NS,IIB,IndusInd Bank Ltd,IN,Financials,0.00616,6100454,EQ.STOCK,2026-07-31
0522.HK,522,ASMPT Ltd,HK,Technology,0.00615,6002453,EQ.STOCK,2026-07-31
JARIR.SR,JARIR,Jarir Marketing Co,SA,Consumer Discretionary,0.00614,B128FM5,EQ.STOCK,2026-07-31
RED.MC,RED,Redeia Corp SA,ES,Utilities,0.00613,BD6FXN3,EQ.STOCK,2026-07-31
8952.T,8952,Japan Real Estate Investment Corp,JP,Real Estate,0.00612,6397580,EQ.REIT,2026-07-31
DIB.AE,DIB,Dubai Islamic Bank PJSC,AE,Financials,0.00612,6283452,EQ.STOCK,2026-07-31
TRYG.CO,TRYG,Tryg A/S,DK,Financials,0.00612,BXDZ972,EQ.STOCK,2026-07-31
RAA.DE,RAA,Rational AG,DE,Consumer Discretionary,0.00611,5910609,EQ.STOCK,2026-07-31
2618.TW,2618,Eva Airways Corp,TW,Consumer Discretionary,0.0061,6186023,EQ.STOCK,2026-07-31
IPN.PA,IPN,Ipsen SA,FR,Health Care,0.0061,B0R7JF1,EQ.STOCK,2026-07-31
SCB/F.BK,SCB/F,SCB X PCL,TH,Financials,0.0061,BPH0717,EQ.FSH,2026-07-31
5844.T,5844,Kyoto Financial Group Inc,JP,Financials,0.00609,BMV4NR2,EQ.STOCK,2026-07-31
018260.KS,018260,Samsung SDS Co Ltd,KR,Technology,0.00608,BRS2KY0,EQ.STOCK,2026-07-31
7309.T,7309,Shimano Inc,JP,Consumer Discretionary,0.00608,6804820,EQ.STOCK,2026-07-31
6488.TW,6488,Globalwafers Co Ltd,TW,Technology,0.00605,BS7JP33,EQ.STOCK,2026-07-31
0836.HK,836,China Resources Power Holdings Co Ltd,HK,Utilities,0.00603,6711566,EQ.STOCK,2026-07-31
HMB.ST,HMB,H & M Hennes & Mauritz AB,SE,Consumer Discretionary,0.00603,5687431,EQ.STOCK,2026-07-31
KCHOL.IS,KCHOL,KOC Holding AS,TR,Energy,0.00603,B03MVJ8,EQ.STOCK,2026-07-31
5019.T,5019,Idemitsu Kosan Co Ltd,JP,Energy,0.00602,B1FF8P7,EQ.STOCK,2026-07-31
VCX.AX,VCX,Vicinity Ltd,AU,Real Estate,0.00602,BY7QXS7,EQ.REIT,2026-07-31
GET.PA,GET,Getlink SE,FR,Industrials,0.00601,B292JQ9,EQ.STOCK,2026-07-31
YAR.OL,YAR,Yara International ASA,NO,Basic Materials,0.00601,7751259,EQ.STOCK,2026-07-31
278470.KS,278470,APR Corp/Korea,KR,Consumer Discretionary,0.006,BNNJP32,EQ.STOCK,2026-07-31
3034.TW,3034,Novatek Microelectronics Corp,TW,Technology,0.006,6346333,EQ.STOCK,2026-07-31
BRBY.L,BRBY,Burberry Group PLC,GB,Consumer Discretionary,0.006,3174300,EQ.STOCK,2026-07-31
ABF.L,ABF,Associated British Foods PLC,GB,Consumer Staples,0.00599,0673123,EQ.STOCK,2026-07-31
NICE.TA,NICE,Nice Ltd,IL,Technology,0.00599,6647133,EQ.STOCK,2026-07-31
RHC.AX,RHC,Ramsay Health Care Ltd,AU,Health Care,0.00596,6041995,EQ.STOCK,2026-07-31
YMM,YMM,Full Truck Alliance Co Ltd,US,Industrials,0.00596,BMD2L36,EQ.DRCPT,2026-07-31
PME.AX,PME,Pro Medicus Ltd,AU,Health Care,0.00595,6292782,EQ.STOCK,2026-07-31
STN.TO,STN,Stantec Inc,CA,Industrials,0.00595,2854238,EQ.STOCK,2026-07-31
FRES.L,FRES,Fresnillo PLC,GB,Basic Materials,0.00594,B2QPKJ1,EQ.STOCK,2026-07-31
2359.HK,2359,WuXi AppTec Co Ltd,HK,Health Care,0.00593,BGHH0L6,EQ.STOCK,2026-07-31
SAP.TO,SAP,Saputo Inc,CA,Consumer Staples,0.00592,2112226,EQ.STOCK,2026-07-31
6618.HK,6618,JD Health International Inc,HK,Consumer Staples,0.0059,BMW8R04,EQ.STOCK,2026-07-31
VAML.NS,VAML,Vedanta Aluminium Metal Ltd,IN,Basic Materials,0.00589,BTXZ178,EQ.STOCK,2026-07-31
G24.DE,G24,Scout24 SE,DE,Technology,0.00588,BYT9340,EQ.STOCK,2026-07-31
CPR.MI,CPR,Davide Campari-Milano NV,IT,Consumer Staples,0.00587,BMQ5W17,EQ.STOCK,2026-07-31
1326.TW,1326,Formosa Chemicals & Fibre Corp,TW,Basic Materials,0.00586,6348715,EQ.STOCK,2026-07-31
2611.HK,2611,Guotai Junan Securities Co Ltd,HK,Financials,0.00586,BD4GT29,EQ.STOCK,2026-07-31
0083.HK,83,Sino Land Co Ltd,HK,Real Estate,0.00585,6810429,EQ.STOCK,2026-07-31
SECUB.ST,SECUB,Securitas AB,SE,Industrials,0.00585,5554041,EQ.STOCK,2026-07-31
CAE.TO,CAE,CAE Inc,CA,Industrials,0.00583,2162760,EQ.STOCK,2026-07-31
SCI.SI,SCI,Sembcorp Industries Ltd,SG,Utilities,0.00583,B08X163,EQ.STOCK,2026-07-31
000150.KS,000150,Doosan Co Ltd,KR,Industrials,0.00582,6661111,EQ.STOCK,2026-07-31
COFORGE.NS,COFORGE,Coforge Ltd,IN,Technology,0.00582,BVK9DQ0,EQ.STOCK,2026-07-31
TCELL.IS,TCELL,Turkcell Iletisim Hizmetleri AS,TR,Telecommunications,0.00582,B03MYN3,EQ.STOCK,2026-07-31
3088.T,3088,MatsukiyoCocokara & Co,JP,Consumer Staples,0.00581,B249GC0,EQ.STOCK,2026-07-31
EMSN.SW,EMSN,EMS-Chemie Holding AG,CH,Basic Materials,0.0058,7635610,EQ.STOCK,2026-07-31
2368.TW,2368,Gold Circuit Electronics Ltd,TW,Technology,0.00579,6107585,EQ.STOCK,2026-07-31
267250.KS,267250,HD Hyundai Co Ltd,KR,Energy,0.00579,BD4HFT1,EQ.STOCK,2026-07-31
5406.T,5406,Kobe Steel Ltd,JP,Basic Materials,0.00579,6496023,EQ.STOCK,2026-07-31
STJ.L,STJ,St James's Place PLC,GB,Financials,0.00579,0766937,EQ.STOCK,2026-07-31
CMIG4.SA,CMIG4,Cia Energetica de Minas Gerais,BR,Utilities,0.00578,B1YBRG0,EQ.PREF,2026-07-31
016360.KS,016360,Samsung Securities Co Ltd,KR,Financials,0.00576,6408448,EQ.STOCK,2026-07-31
COH.AX,COH,Cochlear Ltd,AU,Health Care,0.00576,6211798,EQ.STOCK,2026-07-31
MIN.AX,MIN,Mineral Resources Ltd,AU,Basic Materials,0.00573,B17ZL56,EQ.STOCK,2026-07-31
CTC/A.TO,CTC/A,Canadian Tire Corp Ltd,CA,Consumer Discretionary,0.00572,2172286,EQ.STOCK,2026-07-31
UHR.SW,UHR,Swatch Group AG/The,CH,Consumer Discretionary,0.00572,7184725,EQ.STOCK,2026-07-31
FUNO11.MX,FUNO11,Fibra Uno Administracion SA de CV,MX,Real Estate,0.00571,B671GT8,EQ.REIT,2026-07-31
SIA.SI,SIA,Singapore Airlines Ltd,SG,Consumer Discretionary,0.00571,6811734,EQ.STOCK,2026-07-31
ADNOCDIS.AE,ADNOCDIS,Abu Dhabi National Oil Co for Distribution PJSC,AE,Energy,0.00568,BYVGM64,EQ.STOCK,2026-07-31
POWF.NS,POWF,Power Finance Corp Ltd,IN,Financials,0.00568,B1S7225,EQ.STOCK,2026-07-31
LNW.AX,LNW,Light & Wonder Inc,AU,Consumer Discretionary,0.00567,BMXNX11,EQ.DRCPT,2026-07-31
1339.HK,1339,People's Insurance Co Group of China Ltd/The,HK,Financials,0.00564,B8RZJZ1,EQ.STOCK,2026-07-31
A2A.MI,A2A,A2A SpA,IT,Utilities,0.00564,5499131,EQ.STOCK,2026-07-31
BRIT.NS,BRIT,Britannia Industries Ltd,IN,Consumer Staples,0.00564,BGSQG47,EQ.STOCK,2026-07-31
2834.TW,2834,Taiwan Business Bank,TW,Financials,0.00563,6098816,EQ.STOCK,2026-07-31
028050.KS,028050,Samsung E&A Co Ltd,KR,Industrials,0.00562,6765239,EQ.STOCK,2026-07-31
EBP.WA,EBP,Erste Bank Polska SA,PL,Financials,0.00561,7153639,EQ.STOCK,2026-07-31
RADL3.SA,RADL3,Raia Drogasil SA,BR,Consumer Staples,0.00559,B7FQV64,EQ.STOCK,2026-07-31
8953.T,8953,Japan Metropolitan Fund Invest,JP,Real Estate,0.00558,6513342,EQ.REIT,2026-07-31
601398.SS,601398,Industrial & Commercial Bank of China Ltd,CN,Financials,0.00557,BP3R217,EQ.STOCK,2026-07-31
MBGL,MBGL,Mobility Global Inc,US,Technology,0.00557,BWM34D1,EQ.STOCK,2026-07-31
RNO.PA,RNO,Renault SA,FR,Consumer Discretionary,0.00557,4712798,EQ.STOCK,2026-07-31
9626.HK,9626,Bilibili Inc,HK,Technology,0.00556,BLF8533,EQ.STOCK,2026-07-31
HAG.DE,HAG,Hensoldt AG,DE,Industrials,0.00555,BN0SDX8,EQ.STOCK,2026-07-31
601328.SS,601328,Bank of Communications Co Ltd,CN,Financials,0.00554,BP3R2G2,EQ.STOCK,2026-07-31
BPCL.NS,BPCL,Bharat Petroleum Corp Ltd,IN,Energy,0.00554,6099723,EQ.STOCK,2026-07-31
SCR.PA,SCR,SCOR SE,FR,Financials,0.00554,B1LB9P6,EQ.STOCK,2026-07-31
5332.T,5332,TOTO Ltd,JP,Industrials,0.00553,6897466,EQ.STOCK,2026-07-31
BCI.SN,BCI,Banco de Credito e Inversiones SA,CL,Financials,0.00553,2069355,EQ.STOCK,2026-07-31
ASX.AX,ASX,ASX Ltd,AU,Financials,0.00552,6129222,EQ.STOCK,2026-07-31
601108.SS,601108,Caitong Securities Co Ltd,CN,Financials,0.00551,BFY9KS5,EQ.STOCK,2026-07-31
6645.T,6645,Omron Corp,JP,Industrials,0.00551,6659428,EQ.STOCK,2026-07-31
9501.T,9501,Tokyo Electric Power Co Holdings Inc,JP,Utilities,0.00551,6895404,EQ.STOCK,2026-07-31
042700.KS,042700,Hanmi Semiconductor Co Ltd,KR,Technology,0.0055,B0CSXQ8,EQ.STOCK,2026-07-31
VEND.OL,VEND,Schibsted ASA,NO,Technology,0.0055,BWVFKQ3,EQ.STOCK,2026-07-31
ARBP.NS,ARBP,Aurobindo Pharma Ltd,IN,Health Care,0.00547,6702634,EQ.STOCK,2026-07-31
KGF.L,KGF,Kingfisher PLC,GB,Consumer Discretionary,0.00546,3319521,EQ.STOCK,2026-07-31
STERV.HE,STERV,Stora Enso Oyj,FI,Industrials,0.00545,5072673,EQ.STOCK,2026-07-31
5876.TW,5876,Shanghai Commercial & Savings Bank Ltd/The,TW,Financials,0.00544,B7LV1N0,EQ.STOCK,2026-07-31
TUPRS.IS,TUPRS,Turkiye Petrol Rafinerileri AS,TR,Energy,0.00542,B03MYT9,EQ.STOCK,2026-07-31
ENEV3.SA,ENEV3,Eneva SA,BR,Utilities,0.00541,BFWHKM5,EQ.STOCK,2026-07-31
3692.HK,3692,Hansoh Pharmaceutical Group Co Ltd,HK,Health Care,0.0054,BJYKB72,EQ.STOCK,2026-07-31
YZJSGD.SI,YZJSGD,Yangzijiang Shipbuilding Holdings Ltd,SG,Industrials,0.00539,B1VT035,EQ.STOCK,2026-07-31
9843.T,9843,Nitori Holdings Co Ltd,JP,Consumer Discretionary,0.00538,6644800,EQ.STOCK,2026-07-31
SMPH.PS,SMPH,SM Prime Holdings Inc,PH,Real Estate,0.00538,6818843,EQ.STOCK,2026-07-31
SPX.L,SPX,Spirax Group PLC,GB,Industrials,0.00538,BWFGQN1,EQ.STOCK,2026-07-31
2449.TW,2449,King Yuan Electronics Co Ltd,TW,Technology,0.00536,6352493,EQ.STOCK,2026-07-31
SUEL.NS,SUEL,Suzlon Energy Ltd,IN,Energy,0.00535,B0DX8R8,EQ.STOCK,2026-07-31
2353.TW,2353,Acer Inc,TW,Technology,0.00532,6005850,EQ.STOCK,2026-07-31
3993.HK,3993,CMOC Group Ltd,HK,Basic Materials,0.00532,B1VRCG6,EQ.STOCK,2026-07-31
BOUBYAN.KW,BOUBYAN,Boubyan Bank KSCP,KW,Financials,0.00532,B15DYL9,EQ.STOCK,2026-07-31
MTLN.L,MTLN,Metlen Energy & Metals PLC,GB,Utilities,0.00532,BTQGS77,EQ.STOCK,2026-07-31
3659.T,3659,Nexon Co Ltd,JP,Consumer Discretionary,0.00531,B63QM77,EQ.STOCK,2026-07-31
GF.SW,GF,Georg Fischer AG,CH,Industrials,0.00531,BM8J5G3,EQ.STOCK,2026-07-31
SGP.AX,SGP,Stockland,AU,Real Estate,0.00531,6850856,EQ.REIT,2026-07-31
601288.SS,601288,Agricultural Bank of China Ltd,CN,Financials,0.00529,BP3R228,EQ.STOCK,2026-07-31
9660.HK,9660,Horizon Robotics,HK,Technology,0.00527,BS5YNY7,EQ.STOCK,2026-07-31
CLIS.TA,CLIS,Clal Insurance Enterprises Holdings Ltd,IL,Financials,0.00527,6200600,EQ.STOCK,2026-07-31
MAERSKA.CO,MAERSKA,AP Moller - Maersk A/S,DK,Industrials,0.00527,4253059,EQ.STOCK,2026-07-31
8046.TW,8046,Nan Ya Printed Circuit Board Corp,TW,Technology,0.00526,B118753,EQ.STOCK,2026-07-31
CBQK.QA,CBQK,Commercial Bank PSQC/The,QA,Financials,0.00526,6150448,EQ.STOCK,2026-07-31
0688.HK,688,China Overseas Land & Investment Ltd,HK,Real Estate,0.00524,6192150,EQ.STOCK,2026-07-31
086520.KS,086520,Ecopro Co Ltd,KR,Basic Materials,0.00523,B235ZT9,EQ.STOCK,2026-07-31
OTEX.TO,OTEX,Open Text Corp,CA,Technology,0.00523,2260824,EQ.STOCK,2026-07-31
9147.T,9147,NIPPON EXPRESS HOLDINGS INC,JP,Industrials,0.00522,BKSHP63,EQ.STOCK,2026-07-31
LAURUS.NS,LAURUS,Laurus Labs Ltd,IN,Health Care,0.00522,BMZ1CH2,EQ.STOCK,2026-07-31
SYENS.BR,SYENS,Syensqo SA,BE,Basic Materials,0.00522,BPSLYH4,EQ.STOCK,2026-07-31
000720.KS,000720,Hyundai Engineering & Construction Co Ltd,KR,Industrials,0.00521,6450988,EQ.STOCK,2026-07-31
3099.T,3099,Isetan Mitsukoshi Holdings Ltd,JP,Consumer Discretionary,0.00521,B2Q4CL4,EQ.STOCK,2026-07-31
4186.T,4186,Tokyo Ohka Kogyo Co Ltd,JP,Basic Materials,0.00521,6894898,EQ.STOCK,2026-07-31
8963.T,8963,Invincible Investment Corp,JP,Real Estate,0.0052,B00STP1,EQ.REIT,2026-07-31
BBAS3.SA,BBAS3,Banco do Brasil SA,BR,Financials,0.00517,2328595,EQ.STOCK,2026-07-31
SQN.SW,SQN,Swissquote Group Holding SA,CH,Financials,0.00514,BN4KLB4,EQ.STOCK,2026-07-31
000166.SZ,000166,Shenwan Hongyuan Group Co Ltd,CN,Financials,0.00513,BD5CPV7,EQ.STOCK,2026-07-31
AVOL.SW,AVOL,Avolta AG,CH,Consumer Discretionary,0.00512,B0R80X9,EQ.STOCK,2026-07-31
011070.KS,011070,LG Innotek Co Ltd,KR,Technology,0.00511,B39Z8G8,EQ.STOCK,2026-07-31
1308.HK,1308,SITC International Holdings Co Ltd,HK,Industrials,0.0051,B61X7R5,EQ.STOCK,2026-07-31
EVD.DE,EVD,CTS Eventim AG & Co KGaA,DE,Consumer Discretionary,0.0051,5881857,EQ.STOCK,2026-07-31
RYA.IR,RYA,Ryanair Holdings PLC,IE,Consumer Discretionary,0.0051,BYTBXV3,EQ.STOCK,2026-07-31
7911.T,7911,TOPPAN Holdings Inc,JP,Industrials,0.00509,6897024,EQ.STOCK,2026-07-31
3661.TW,3661,Alchip Technologies Ltd,TW,Technology,0.00508,B4TPSL0,EQ.STOCK,2026-07-31
JMT.LS,JMT,Jeronimo Martins SGPS SA,PT,Consumer Staples,0.00508,B1Y1SQ7,EQ.STOCK,2026-07-31
NXSN.TA,NXSN,Next Vision Stabilized Systems Ltd,IL,Industrials,0.00508,BN6JDH9,EQ.STOCK,2026-07-31
138040.KS,138040,Meritz Financial Group Inc,KR,Financials,0.00507,B4WRJD2,EQ.STOCK,2026-07-31
3044.TW,3044,Tripod Technology Corp,TW,Technology,0.00506,6305721,EQ.STOCK,2026-07-31
AL.NS,AL,Ashok Leyland Ltd,IN,Industrials,0.00506,B01NFT1,EQ.STOCK,2026-07-31
9107.T,9107,Kawasaki Kisen Kaisha Ltd,JP,Industrials,0.00504,6484686,EQ.STOCK,2026-07-31
AMM.KL,AMM,AMMB Holdings Bhd,MY,Financials,0.00503,6047023,EQ.STOCK,2026-07-31
GFINBURO.MX,GFINBURO,Grupo Financiero Inbursa SAB de CV,MX,Financials,0.005,2822398,EQ.STOCK,2026-07-31
IDR.MC,IDR,Indra Sistemas SA,ES,Technology,0.005,4476210,EQ.STOCK,2026-07-31
EDV.AX,EDV,Endeavour Group Ltd/Australia,AU,Consumer Staples,0.00499,BNVS144,EQ.STOCK,2026-07-31
2POINTZE.AE,2POINTZE,Two Point Zero Group PJSC,AE,Financials,0.00497,BP0PMS1,EQ.STOCK,2026-07-31
600600.SS,600600,Tsingtao Brewery Co Ltd,CN,Consumer Staples,0.00497,BP3R499,EQ.STOCK,2026-07-31
REC.MI,REC,Recordati Industria Chimica e Farmaceutica SpA,IT,Health Care,0.00497,B07DRZ5,EQ.STOCK,2026-07-31
NPH.JO,NPH,Northam Platinum Holdings Ltd,ZA,Basic Materials,0.00495,BMZ1NS0,EQ.STOCK,2026-07-31
4091.T,4091,Nippon Sanso Holdings Corp,JP,Basic Materials,0.00494,6640541,EQ.STOCK,2026-07-31
9962.T,9962,MISUMI Group Inc,JP,Industrials,0.00494,6595179,EQ.STOCK,2026-07-31
003550.KS,003550,LG Corp,KR,Industrials,0.00493,6537030,EQ.STOCK,2026-07-31
1590.TW,1590,Airtac International Group,TW,Industrials,0.00493,B52J816,EQ.STOCK,2026-07-31
CPLE3.SA,CPLE3,Cia Paranaense de Energia - Copel,BR,Utilities,0.00492,2192831,EQ.STOCK,2026-07-31
IDFCFB.NS,IDFCFB,IDFC First Bank Ltd,IN,Financials,0.00491,BYWZNK1,EQ.STOCK,2026-07-31
WHL.JO,WHL,Woolworths Holdings Ltd/South Africa,ZA,Consumer Discretionary,0.00491,B06KZ97,EQ.STOCK,2026-07-31
QAN.AX,QAN,Qantas Airways Ltd,AU,Consumer Discretionary,0.0049,6710347,EQ.STOCK,2026-07-31
SSW.JO,SSW,Sibanye Stillwater Ltd,ZA,Basic Materials,0.00486,BL0L913,EQ.STOCK,2026-07-31
2404.TW,2404,United Integrated Services Co Ltd,TW,Industrials,0.00485,6105136,EQ.STOCK,2026-07-31
601688.SS,601688,Huatai Securities Co Ltd,CN,Financials,0.00482,BP3R3B4,EQ.STOCK,2026-07-31
IHH.KL,IHH,IHH Healthcare Bhd,MY,Health Care,0.00482,B83X6P8,EQ.STOCK,2026-07-31
3563.T,3563,Food & Life Cos Ltd,JP,Consumer Discretionary,0.00481,BF1HPT8,EQ.STOCK,2026-07-31
8985.T,8985,Japan Hotel REIT Investment Corp,JP,Real Estate,0.00481,B1530B1,EQ.REIT,2026-07-31
ENT.L,ENT,Entain PLC,GB,Consumer Discretionary,0.00481,B5VQMV6,EQ.STOCK,2026-07-31
8377.T,8377,Hokuhoku Financial Group Inc,JP,Financials,0.0048,6683591,EQ.STOCK,2026-07-31
005830.KS,005830,DB Insurance Co Ltd,KR,Financials,0.00475,6155937,EQ.STOCK,2026-07-31
015760.KS,015760,Korea Electric Power Corp,KR,Utilities,0.00475,6495730,EQ.STOCK,2026-07-31
IVN.TO,IVN,Ivanhoe Mines Ltd,CA,Basic Materials,0.00475,BD73C40,EQ.STOCK,2026-07-31
0020.HK,20,SenseTime Group Inc,HK,Technology,0.00474,BPK3C96,EQ.STOCK,2026-07-31
NWS,NWS,News Corp,US,Consumer Discretionary,0.00474,BBGVT51,EQ.STOCK,2026-07-31
002352.SZ,002352,SF Holding Co Ltd,CN,Industrials,0.00473,BD73M39,EQ.STOCK,2026-07-31
BARN.SW,BARN,Barry Callebaut AG,CH,Consumer Staples,0.00473,5476929,EQ.STOCK,2026-07-31
ORDS.QA,ORDS,Ooredoo QPSC,QA,Telecommunications,0.00473,6158174,EQ.STOCK,2026-07-31
CLS.JO,CLS,Clicks Group Ltd,ZA,Consumer Staples,0.00471,6105578,EQ.STOCK,2026-07-31
TOTS3.SA,TOTS3,TOTVS SA,BR,Technology,0.00471,B10LQP6,EQ.STOCK,2026-07-31
6770.T,6770,Alps Alpine Co Ltd,JP,Technology,0.0047,6021500,EQ.STOCK,2026-07-31
BCE.TO,BCE,BCE Inc,CA,Telecommunications,0.0047,B188TH2,EQ.STOCK,2026-07-31
1919.HK,1919,COSCO SHIPPING Holdings Co Ltd,HK,Industrials,0.00467,B0B8Z18,EQ.STOCK,2026-07-31
BIM.PA,BIM,BioMerieux,FR,Health Care,0.00467,BF0LBX7,EQ.STOCK,2026-07-31
8341.T,8341,77 Bank Ltd/The,JP,Financials,0.00466,6804165,EQ.STOCK,2026-07-31
VAR.OL,VAR,Var Energi ASA,NO,Energy,0.00466,BPLF0Y2,EQ.STOCK,2026-07-31
WDP.BR,WDP,Warehouses De Pauw CVA,BE,Real Estate,0.00466,BK8VQD9,EQ.REIT,2026-07-31
4689.T,4689,LY Corp,JP,Technology,0.00464,6084848,EQ.STOCK,2026-07-31
HWDN.L,HWDN,Howden Joinery Group PLC,GB,Consumer Discretionary,0.00464,0557681,EQ.STOCK,2026-07-31
LIFCOB.ST,LIFCOB,Lifco AB,SE,Industrials,0.00464,BL6K7K9,EQ.STOCK,2026-07-31
RAIL3.SA,RAIL3,Rumo SA,BR,Industrials,0.00464,BYXZ2W5,EQ.STOCK,2026-07-31
ALBI.SR,ALBI,Bank AlBilad,SA,Financials,0.00463,B12LZP7,EQ.STOCK,2026-07-31
1878.T,1878,Daito Trust Construction Co Ltd,JP,Real Estate,0.00462,6250508,EQ.STOCK,2026-07-31
2409.TW,2409,AUO Corp,TW,Technology,0.0046,6288190,EQ.STOCK,2026-07-31
6965.T,6965,Hamamatsu Photonics KK,JP,Technology,0.0046,6405870,EQ.STOCK,2026-07-31
3281.T,3281,GLP J-Reit,JP,Real Estate,0.00459,B8RBZV7,EQ.REIT,2026-07-31
7201.T,7201,Nissan Motor Co Ltd,JP,Consumer Discretionary,0.00459,6642860,EQ.STOCK,2026-07-31
000088.SZ,000088,Shenzhen Yan Tian Port Holding Co Ltd,CN,Industrials,0.00458,BD5CGK3,EQ.STOCK,2026-07-31
LUG.TO,LUG,Lundin Gold Inc,CA,Basic Materials,0.00458,BTKSSY6,EQ.STOCK,2026-07-31
DEWA.AE,DEWA,Dubai Electricity & Water Authority PJSC,AE,Utilities,0.00457,BJLTVJ4,EQ.STOCK,2026-07-31
JINDALST.NS,JINDALST,Jindal Steel Ltd,IN,Basic Materials,0.00457,6726816,EQ.STOCK,2026-07-31
2099.HK,2099,China Gold International Resources Corp Ltd,HK,Basic Materials,0.00456,B60FNV8,EQ.STOCK,2026-07-31
4183.T,4183,Mitsui Chemicals Inc,JP,Basic Materials,0.00456,6597368,EQ.STOCK,2026-07-31
LUV,LUV,Southwest Airlines Co,US,Consumer Discretionary,0.00456,2831543,EQ.STOCK,2026-07-31
1818.HK,1818,Zhaojin Mining Industry Co Ltd,HK,Basic Materials,0.00455,B1H5082,EQ.STOCK,2026-07-31
RICHT.BD,RICHT,Richter Gedeon Nyrt,HU,Health Care,0.00455,BC9ZH86,EQ.STOCK,2026-07-31
000783.SZ,000783,Changjiang Securities Co Ltd,CN,Financials,0.00453,BD5CP40,EQ.STOCK,2026-07-31
000338.SZ,000338,Weichai Power Co Ltd,CN,Industrials,0.00452,BD5CQ03,EQ.STOCK,2026-07-31
HTO.AT,HTO,Hellenic Telecommunications Organization SA,GR,Telecommunications,0.00452,5051605,EQ.STOCK,2026-07-31
BZ,BZ,Kanzhun Ltd,US,Industrials,0.00451,BM91SH0,EQ.DRCPT,2026-07-31
KOFUBL.MX,KOFUBL,Coca-Cola Femsa SAB de CV,MX,Consumer Staples,0.00451,BHHP0S4,EQ.STOCK,2026-07-31
INFOE.NS,INFOE,Info Edge India Ltd,IN,Technology,0.0045,BTJVLJ2,EQ.STOCK,2026-07-31
6532.T,6532,BayCurrent Inc,JP,Industrials,0.00449,BYP20B9,EQ.STOCK,2026-07-31
BUPA.SR,BUPA,Bupa Arabia for Cooperative Insurance Co,SA,Financials,0.00447,B2RLCR0,EQ.STOCK,2026-07-31
GENS.SI,GENS,Genting Singapore Ltd,SG,Consumer Discretionary,0.00447,BDRTVP2,EQ.STOCK,2026-07-31
Z,Z,Zillow Group Inc,US,Real Estate,0.00447,BYXJF62,EQ.STOCK,2026-07-31
1963.T,1963,JGC Holdings Corp,JP,Industrials,0.00446,6473468,EQ.STOCK,2026-07-31
NIBEB.ST,NIBEB,Nibe Industrier AB,SE,Industrials,0.00446,BN7BZM3,EQ.STOCK,2026-07-31
VIVT3.SA,VIVT3,Telefonica Brasil SA,BR,Telecommunications,0.00446,B6XFBX3,EQ.STOCK,2026-07-31
600918.SS,600918,Zhongtai Securities Co Ltd,CN,Financials,0.00444,BMXTWL2,EQ.STOCK,2026-07-31
ELISA.HE,ELISA,Elisa Oyj,FI,Telecommunications,0.00444,5701513,EQ.STOCK,2026-07-31
WTB.L,WTB,Whitbread PLC,GB,Consumer Discretionary,0.00444,B1KJJ40,EQ.STOCK,2026-07-31
3328.HK,3328,Bank of Communications Co Ltd,HK,Financials,0.00443,B0B8Z29,EQ.STOCK,2026-07-31
CCRI.NS,CCRI,Container Corp Of India Ltd,IN,Industrials,0.00443,BG0ZVG9,EQ.STOCK,2026-07-31
4182.T,4182,Mitsubishi Gas Chemical Co Inc,JP,Basic Materials,0.00442,6596923,EQ.STOCK,2026-07-31
8012.T,8012,Nagase & Co Ltd,JP,Basic Materials,0.00442,6619820,EQ.STOCK,2026-07-31
TEMN.SW,TEMN,Temenos AG,CH,Technology,0.00442,7147892,EQ.STOCK,2026-07-31
9143.T,9143,SG Holdings Co Ltd,JP,Industrials,0.00441,BFFY885,EQ.STOCK,2026-07-31
ALO.PA,ALO,Alstom SA,FR,Industrials,0.0044,B0DJ8Q5,EQ.STOCK,2026-07-31
GVTD.NS,GVTD,GE Vernova T&D India Ltd,IN,Industrials,0.0044,6139890,EQ.STOCK,2026-07-31
2331.HK,2331,Li Ning Co Ltd,HK,Consumer Discretionary,0.00439,B01JCK9,EQ.STOCK,2026-07-31
KOMB.PR,KOMB,Komercni Banka AS,CZ,Financials,0.00439,4519449,EQ.STOCK,2026-07-31
1808.T,1808,Haseko Corp,JP,Consumer Discretionary,0.00437,6414401,EQ.STOCK,2026-07-31
AZRG.TA,AZRG,Azrieli Group Ltd,IL,Real Estate,0.00437,B5MN1W0,EQ.STOCK,2026-07-31
SUZB3.SA,SUZB3,Suzano SA,BR,Basic Materials,0.00437,B02GKC7,EQ.STOCK,2026-07-31
NRP.JO,NRP,NEPI Rockcastle NV,ZA,Real Estate,0.00436,BLF9GQ6,EQ.STOCK,2026-07-31
2875.T,2875,Toyo Suisan Kaisha Ltd,JP,Consumer Staples,0.00435,6899967,EQ.STOCK,2026-07-31
ASII.JK,ASII,Astra International Tbk PT,ID,Consumer Discretionary,0.00434,B800MQ5,EQ.STOCK,2026-07-31
0966.HK,966,China Taiping Insurance Holdings Co Ltd,HK,Financials,0.00433,6264048,EQ.STOCK,2026-07-31
0694.HK,694,Beijing Capital International Airport Co Ltd,HK,Industrials,0.00432,6208422,EQ.STOCK,2026-07-31
MASAR.SR,MASAR,Umm Al Qura for Development & Construction Co,SA,Real Estate,0.00432,BS80BH1,EQ.STOCK,2026-07-31
002236.SZ,002236,Zhejiang Dahua Technology Co Ltd,CN,Technology,0.00431,BD5CNJ1,EQ.STOCK,2026-07-31
VMM.NS,VMM,Vishal Mega Mart Ltd,IN,Consumer Discretionary,0.00431,BSSDKB7,EQ.STOCK,2026-07-31
AM.PA,AM,Dassault Aviation SA,FR,Industrials,0.00428,BMT9L19,EQ.STOCK,2026-07-31
CGF.AX,CGF,Challenger Ltd,AU,Financials,0.00428,6726300,EQ.STOCK,2026-07-31
HUB.AX,HUB,HUB24 Ltd,AU,Financials,0.00427,BD4T5X1,EQ.STOCK,2026-07-31
YES.NS,YES,Yes Bank Ltd,IN,Financials,0.00427,BL6CR27,EQ.STOCK,2026-07-31
6990.HK,6990,Sichuan Kelun-Biotech Biopharmaceutical Co Ltd,HK,Health Care,0.00425,BPXZ192,EQ.STOCK,2026-07-31
REA.AX,REA,REA Group Ltd,AU,Real Estate,0.00425,6198578,EQ.STOCK,2026-07-31
1944.T,1944,Kinden Corp,JP,Industrials,0.00424,6492924,EQ.STOCK,2026-07-31
7282.T,7282,Toyoda Gosei Co Ltd,JP,Consumer Discretionary,0.00424,6900557,EQ.STOCK,2026-07-31
9042.T,9042,Hankyu Hanshin Holdings Inc,JP,Industrials,0.00424,6408664,EQ.STOCK,2026-07-31
600267.SS,600267,Zhejiang Hisun Pharmaceutical Co Ltd,CN,Health Care,0.00422,BP3R853,EQ.STOCK,2026-07-31
9945.TW,9945,Ruentex Development Co Ltd,TW,Real Estate,0.00422,6748423,EQ.STOCK,2026-07-31
XYZ.AX,XYZ,Block Inc,AU,Industrials,0.00422,BQD3643,EQ.DRCPT,2026-07-31
IOCL.NS,IOCL,Indian Oil Corp Ltd,IN,Energy,0.0042,6253767,EQ.STOCK,2026-07-31
010950.KS,010950,S-Oil Corp,KR,Energy,0.00419,6406055,EQ.STOCK,2026-07-31
VEDL.NS,VEDL,Vedanta Ltd,IN,Basic Materials,0.00415,6136040,EQ.STOCK,2026-07-31
601633.SS,601633,Great Wall Motor Co Ltd,CN,Consumer Discretionary,0.00414,BP3R325,EQ.STOCK,2026-07-31
300502.SZ,300502,Eoptolink Technology Inc Ltd,CN,Telecommunications,0.00413,BD761B9,EQ.STOCK,2026-07-31
7181.T,7181,Japan Post Insurance Co Ltd,JP,Financials,0.00413,BYT8154,EQ.STOCK,2026-07-31
7261.T,7261,Mazda Motor Corp,JP,Consumer Discretionary,0.00413,6900308,EQ.STOCK,2026-07-31
MNDI.L,MNDI,Mondi PLC,GB,Industrials,0.00413,BMWC6P4,EQ.STOCK,2026-07-31
BOS.NS,BOS,Bosch Ltd,IN,Consumer Discretionary,0.00412,B01NFV3,EQ.STOCK,2026-07-31
0066.HK,66,MTR Corp Ltd,HK,Industrials,0.00411,6290054,EQ.STOCK,2026-07-31
BIG.TA,BIG,Big Shopping Centers Ltd,IL,Real Estate,0.00411,B1KZR22,EQ.STOCK,2026-07-31
1911.T,1911,Sumitomo Forestry Co Ltd,JP,Consumer Discretionary,0.0041,6858861,EQ.STOCK,2026-07-31
VALMT.HE,VALMT,Valmet Oyj,FI,Industrials,0.00409,BH6XZT5,EQ.STOCK,2026-07-31
600958.SS,600958,Orient Securities Co Ltd/China,CN,Financials,0.00408,BZ0D003,EQ.STOCK,2026-07-31
IG.MI,IG,Italgas SpA,IT,Utilities,0.00408,BD2Z8S7,EQ.STOCK,2026-07-31
SOF.BR,SOF,Sofina SA,BE,Financials,0.00408,4820301,EQ.STOCK,2026-07-31
2603.TW,2603,Evergreen Marine Corp Taiwan Ltd,TW,Industrials,0.00407,6324500,EQ.STOCK,2026-07-31
ADANIENS.NS,ADANIENS,Adani Energy Solutions Ltd,IN,Utilities,0.00407,BYPCLL6,EQ.STOCK,2026-07-31
INDUA.ST,INDUA,Industrivarden AB,SE,Financials,0.00406,B1VSK10,EQ.STOCK,2026-07-31
ISB.IC,ISB,Islandsbanki HF,IS,Financials,0.00406,BMCR2B7,EQ.STOCK,2026-07-31
CAST.ST,CAST,Castellum AB,SE,Real Estate,0.00405,B0XP0T0,EQ.STOCK,2026-07-31
RHBBANK.KL,RHBBANK,RHB Bank Bhd,MY,Financials,0.00405,6244675,EQ.STOCK,2026-07-31
GMD.AX,GMD,Genesis Minerals Ltd,AU,Basic Materials,0.00402,B23G0X1,EQ.STOCK,2026-07-31
1102.TW,1102,Asia Cement Corp,TW,Industrials,0.00401,6056331,EQ.STOCK,2026-07-31
MLSR.TA,MLSR,Melisron Ltd,IL,Real Estate,0.00401,6565310,EQ.STOCK,2026-07-31
AAK.ST,AAK,AAK AB,SE,Consumer Staples,0.00399,BF2FPV3,EQ.STOCK,2026-07-31
BIOS.NS,BIOS,Biocon Ltd,IN,Health Care,0.00397,6741251,EQ.STOCK,2026-07-31
006800.KS,006800,Mirae Asset Securities Co Ltd,KR,Financials,0.00396,6249658,EQ.STOCK,2026-07-31
2413.T,2413,M3 Inc,JP,Health Care,0.00396,B02K2M3,EQ.STOCK,2026-07-31
SCHN.SW,SCHN,Schindler Holding AG,CH,Industrials,0.00396,B11WWH2,EQ.STOCK,2026-07-31
EVK.DE,EVK,Evonik Industries AG,DE,Basic Materials,0.00395,B5ZQ9D3,EQ.STOCK,2026-07-31
FIBI.TA,FIBI,First International Bank Of Israel Ltd/The,IL,Financials,0.00395,6123815,EQ.STOCK,2026-07-31
SDR.L,SDR,Schroders PLC,GB,Financials,0.00394,BP9LHF2,EQ.STOCK,2026-07-31
601919.SS,601919,COSCO SHIPPING Holdings Co Ltd,CN,Industrials,0.00393,BP3R552,EQ.STOCK,2026-07-31
SAGAB.ST,SAGAB,Sagax AB,SE,Real Estate,0.00393,B9M3PK4,EQ.STOCK,2026-07-31
2354.TW,2354,Foxconn Technology Co Ltd,TW,Technology,0.00392,6801779,EQ.STOCK,2026-07-31
4088.T,4088,Air Water Inc,JP,Basic Materials,0.00392,6441465,EQ.STOCK,2026-07-31
TW/.L,TW/,Taylor Wimpey PLC,GB,Consumer Discretionary,0.00392,0878230,EQ.STOCK,2026-07-31
000800.SZ,000800,FAW Jiefang Group Co Ltd,CN,Consumer Discretionary,0.00388,BD5CLN1,EQ.STOCK,2026-07-31
PSN.L,PSN,Persimmon PLC,GB,Consumer Discretionary,0.00388,0682538,EQ.STOCK,2026-07-31
9508.T,9508,Kyushu Electric Power Co Inc,JP,Utilities,0.00387,6499806,EQ.STOCK,2026-07-31
CAMT.TA,CAMT,Camtek Ltd/Israel,IL,Technology,0.00387,B0WG737,EQ.STOCK,2026-07-31
MAXF.NS,MAXF,Max Financial Services Ltd,IN,Financials,0.00387,B1TJG95,EQ.STOCK,2026-07-31
SRF.NS,SRF,SRF Ltd,IN,Basic Materials,0.00386,6374947,EQ.STOCK,2026-07-31
6869.T,6869,Sysmex Corp,JP,Health Care,0.00385,6883807,EQ.STOCK,2026-07-31
R3NK.DE,R3NK,RENK Group AG,DE,Industrials,0.00384,BMD6RR4,EQ.STOCK,2026-07-31
601857.SS,601857,PetroChina Co Ltd,CN,Energy,0.00383,BP3R206,EQ.STOCK,2026-07-31
GEKTERNA.AT,GEKTERNA,GEK TERNA SA,GR,Industrials,0.00383,4421704,EQ.STOCK,2026-07-31
259960.KS,259960,Krafton Inc,KR,Consumer Discretionary,0.00381,BMBP900,EQ.STOCK,2026-07-31
5347.TW,5347,Vanguard International Semiconductor Corp,TW,Technology,0.00381,6109677,EQ.STOCK,2026-07-31
7337.T,7337,Hirogin Holdings Inc,JP,Financials,0.00381,BJK6DZ6,EQ.STOCK,2026-07-31
AKBNK.IS,AKBNK,Akbank TAS,TR,Financials,0.00381,B03MN70,EQ.STOCK,2026-07-31
2331.T,2331,ALSOK Co Ltd,JP,Industrials,0.00379,6546359,EQ.STOCK,2026-07-31
BBSE3.SA,BBSE3,BB Seguridade Participacoes SA,BR,Financials,0.00379,B9N3SQ0,EQ.STOCK,2026-07-31
SATS.SI,SATS,SATS Ltd,SG,Consumer Discretionary,0.00379,6243586,EQ.STOCK,2026-07-31
CWY.AX,CWY,Cleanaway Waste Management Ltd,AU,Utilities,0.00377,BYQ8KW7,EQ.STOCK,2026-07-31
RAND.AS,RAND,Randstad NV,NL,Industrials,0.00377,5228658,EQ.STOCK,2026-07-31
8334.T,8334,Gunma Bank Ltd/The,JP,Financials,0.00376,6398088,EQ.STOCK,2026-07-31
GETIB.ST,GETIB,Getinge AB,SE,Health Care,0.00376,7698356,EQ.STOCK,2026-07-31
IGM.TO,IGM,IGM Financial Inc,CA,Financials,0.00376,2469375,EQ.STOCK,2026-07-31
000776.SZ,000776,GF Securities Co Ltd,CN,Financials,0.00375,BD5CQ36,EQ.STOCK,2026-07-31
SALM.OL,SALM,Salmar ASA,NO,Consumer Staples,0.00375,B1W5NW2,EQ.STOCK,2026-07-31
6869.HK,6869,Yangtze Optical Fibre & Cable Joint Stock Ltd Co,HK,Telecommunications,0.00374,BSBND71,EQ.STOCK,2026-07-31
RMS.AX,RMS,Ramelius Resources Ltd,AU,Basic Materials,0.00374,6586872,EQ.STOCK,2026-07-31
1888.HK,1888,Kingboard Laminates Holdings Ltd,HK,Technology,0.00373,B1HHFV6,EQ.STOCK,2026-07-31
ADNOCDRI.AE,ADNOCDRI,ADNOC Drilling Co PJSC,AE,Energy,0.00373,BN12D39,EQ.STOCK,2026-07-31
HAVL.NS,HAVL,Havells India Ltd,IN,Industrials,0.00373,BQGZWP9,EQ.STOCK,2026-07-31
051905.KS,051905,LG H&H Co Ltd,KR,Consumer Staples,0.00372,6346935,EQ.PREF,2026-07-31
EGIE3.SA,EGIE3,Engie Brasil Energia SA,BR,Utilities,0.00372,BD1WX84,EQ.STOCK,2026-07-31
0390.HK,390,China Railway Group Ltd,HK,Industrials,0.00371,B297KM7,EQ.STOCK,2026-07-31
1942.T,1942,Kandenko Co Ltd,JP,Industrials,0.00371,6483586,EQ.STOCK,2026-07-31
2313.HK,2313,Shenzhou International Group Holdings Ltd,HK,Consumer Discretionary,0.00371,B0MP1B0,EQ.STOCK,2026-07-31
ARNB.SR,ARNB,Arab National Bank,SA,Financials,0.00371,B12LZK2,EQ.STOCK,2026-07-31
BKG.L,BKG,Berkeley Group Holdings PLC,GB,Consumer Discretionary,0.00371,BP0RGD0,EQ.STOCK,2026-07-31
TTB/F.BK,TTB/F,TMBThanachart Bank PCL,TH,Financials,0.0037,6887887,EQ.FSH,2026-07-31
601166.SS,601166,Industrial Bank Co Ltd,CN,Financials,0.00369,BP3R295,EQ.STOCK,2026-07-31
RMV.L,RMV,Rightmove PLC,GB,Real Estate,0.00368,BGDT3G2,EQ.STOCK,2026-07-31
097955.KS,097955,CJ CheilJedang Corp,KR,Consumer Staples,0.00367,B24GTQ6,EQ.PREF,2026-07-31
CEN.NZ,CEN,Contact Energy Ltd,NZ,Utilities,0.00363,6152529,EQ.STOCK,2026-07-31
DIM.PA,DIM,Sartorius Stedim Biotech,FR,Health Care,0.00363,BYZ2QP5,EQ.STOCK,2026-07-31
TEVA,TEVA,Teva Pharmaceutical Industries Ltd,US,Health Care,0.00363,2883878,EQ.DRCPT,2026-07-31
086280.KS,086280,Hyundai Glovis Co Ltd,KR,Industrials,0.00362,B0V3XR5,EQ.STOCK,2026-07-31
BDO.PS,BDO,BDO Unibank Inc,PH,Financials,0.00362,B5VJH76,EQ.STOCK,2026-07-31
002475.SZ,002475,Luxshare Precision Industry Co Ltd,CN,Consumer Discretionary,0.00361,BD5CN80,EQ.STOCK,2026-07-31
6370.T,6370,Kurita Water Industries Ltd,JP,Industrials,0.00361,6497963,EQ.STOCK,2026-07-31
DSTKF.IS,DSTKF,Destek Finans Faktoring AS,TR,Financials,0.00361,BNXJ8G6,EQ.STOCK,2026-07-31
000725.SZ,000725,BOE Technology Group Co Ltd,CN,Technology,0.0036,BD5CPL7,EQ.STOCK,2026-07-31
2607.HK,2607,Shanghai Pharmaceuticals Holding Co Ltd,HK,Health Care,0.0036,B4Q4CJ6,EQ.STOCK,2026-07-31
2610.TW,2610,China Airlines Ltd,TW,Consumer Discretionary,0.0036,6189657,EQ.STOCK,2026-07-31
TUB.BR,TUB,Financiere de Tubize SA,BE,Health Care,0.00359,B0BN7W8,EQ.STOCK,2026-07-31
2269.T,2269,MEIJI Holdings Co Ltd,JP,Consumer Staples,0.00358,B60DQV3,EQ.STOCK,2026-07-31
2702.T,2702,McDonald's Holdings Co Japan Ltd,JP,Consumer Discretionary,0.00356,6371863,EQ.STOCK,2026-07-31
601990.SS,601990,Nanjing Securities Co Ltd,CN,Financials,0.00356,BHWLWS1,EQ.STOCK,2026-07-31
BC.MI,BC,Brunello Cucinelli SpA,IT,Consumer Discretionary,0.00356,B7K6D18,EQ.STOCK,2026-07-31
601878.SS,601878,Zheshang Securities Co Ltd,CN,Financials,0.00355,BFB4KN8,EQ.STOCK,2026-07-31
POLYCAB.NS,POLYCAB,Polycab India Ltd,IN,Industrials,0.00355,BHKDY38,EQ.STOCK,2026-07-31
1766.HK,1766,CRRC Corp Ltd,HK,Industrials,0.00353,B2R2ZC9,EQ.STOCK,2026-07-31
GRT.JO,GRT,Growthpoint Properties Ltd,ZA,Real Estate,0.00353,BBGB5W0,EQ.REIT,2026-07-31
1402.TW,1402,Far Eastern New Century Corp,TW,Industrials,0.00352,6331470,EQ.STOCK,2026-07-31
1951.T,1951,EXEO Group Inc,JP,Industrials,0.00352,6499420,EQ.STOCK,2026-07-31
601369.SS,601369,Xi'An Shaangu Power Co Ltd,CN,Industrials,0.00352,BP3R9G1,EQ.STOCK,2026-07-31
COPEC.SN,COPEC,Empresas Copec SA,CL,Energy,0.00352,2196026,EQ.STOCK,2026-07-31
RECL.NS,RECL,REC Ltd,IN,Financials,0.00352,B2Q7WL3,EQ.STOCK,2026-07-31
UHRN.SW,UHRN,Swatch Group AG/The,CH,Consumer Discretionary,0.00352,7184736,EQ.STOCK,2026-07-31
WPRO.NS,WPRO,Wipro Ltd,IN,Technology,0.00352,6206051,EQ.STOCK,2026-07-31
096770.KS,096770,SK Innovation Co Ltd,KR,Energy,0.00351,B232R05,EQ.STOCK,2026-07-31
1928.HK,1928,Sands China Ltd,HK,Consumer Discretionary,0.0035,B5B23W2,EQ.STOCK,2026-07-31
BTRW.L,BTRW,Barratt Redrow PLC,GB,Consumer Discretionary,0.0035,0081180,EQ.STOCK,2026-07-31
1530.HK,1530,3SBio Inc,HK,Health Care,0.00348,BY9D3L9,EQ.STOCK,2026-07-31
DXS.AX,DXS,Dexus,AU,Real Estate,0.00348,B033YN6,EQ.REIT,2026-07-31
EXX.JO,EXX,Exxaro Resources Ltd,ZA,Energy,0.00348,6418801,EQ.STOCK,2026-07-31
688347.SS,688347,Hua Hong Grace Semiconductor Ltd,CN,Technology,0.00347,BSNVN62,EQ.STOCK,2026-07-31
AMP.AX,AMP,AMP Ltd,AU,Financials,0.00347,6709958,EQ.STOCK,2026-07-31
APN.JO,APN,Aspen Pharmacare Holdings Ltd,ZA,Health Care,0.00347,B09C0Z1,EQ.STOCK,2026-07-31
PARAUCO.SN,PARAUCO,Parque Arauco SA,CL,Real Estate,0.00347,2684349,EQ.STOCK,2026-07-31
1208.HK,1208,MMG Ltd,HK,Basic Materials,0.00345,6728793,EQ.STOCK,2026-07-31
1988.HK,1988,China Minsheng Banking Corp Ltd,HK,Financials,0.00345,B57JY24,EQ.STOCK,2026-07-31
4324.T,4324,Dentsu Group Inc,JP,Consumer Discretionary,0.00345,6416281,EQ.STOCK,2026-07-31
3529.TW,3529,eMemory Technology Inc,TW,Technology,0.00344,B2PXYH2,EQ.STOCK,2026-07-31
7550.T,7550,Zensho Holdings Co Ltd,JP,Consumer Discretionary,0.00344,6042608,EQ.STOCK,2026-07-31
LTM.NS,LTM,LTM Ltd,IN,Technology,0.00344,BD6F8V6,EQ.STOCK,2026-07-31
247540.KS,247540,Ecopro BM Co Ltd,KR,Industrials,0.00343,BJ321P7,EQ.STOCK,2026-07-31
2501.T,2501,Sapporo Breweries Ltd,JP,Consumer Staples,0.00343,6776907,EQ.STOCK,2026-07-31
GFL,GFL,GFL Environmental Inc,US,Utilities,0.00343,BKDT650,EQ.STOCK,2026-07-31
MCX.NS,MCX,Multi Commodity Exchange of India Ltd,IN,Financials,0.00343,BNBWQ85,EQ.STOCK,2026-07-31
T.TO,T,TELUS Corp,CA,Telecommunications,0.00343,2381093,EQ.STOCK,2026-07-31
2845.TW,2845,Far Eastern International Bank,TW,Financials,0.00341,6328450,EQ.STOCK,2026-07-31
BPI.PS,BPI,Bank of the Philippine Islands,PH,Financials,0.00341,6074968,EQ.STOCK,2026-07-31
PHNX.NS,PHNX,Phoenix Mills Ltd/The,IN,Real Estate,0.00341,B0SXY97,EQ.STOCK,2026-07-31
WTC.AX,WTC,WiseTech Global Ltd,AU,Technology,0.00341,BZ8GX83,EQ.STOCK,2026-07-31
1258.HK,1258,China Nonferrous Mining Corp Ltd,HK,Basic Materials,0.0034,B890GY2,EQ.STOCK,2026-07-31
4751.T,4751,CyberAgent Inc,JP,Technology,0.0034,6220501,EQ.STOCK,2026-07-31
2633.TW,2633,Taiwan High Speed Rail Corp,TW,Industrials,0.00339,B04BGQ6,EQ.STOCK,2026-07-31
ELM.SR,ELM,Elm Co,SA,Technology,0.00339,BNYDSH8,EQ.STOCK,2026-07-31
TME,TME,Tencent Music Entertainment Group,US,Technology,0.00339,BFZYWR2,EQ.DRCPT,2026-07-31
5830.T,5830,Iyogin Holdings Inc,JP,Financials,0.00338,BP38QH4,EQ.STOCK,2026-07-31
3293.TW,3293,International Games System Co Ltd,TW,Consumer Discretionary,0.00336,6744807,EQ.STOCK,2026-07-31
4704.T,4704,Trend Micro Inc/Japan,JP,Technology,0.00336,6125286,EQ.STOCK,2026-07-31
EDPR.LS,EDPR,EDP Renewables SA,PT,Utilities,0.00336,B39GNW2,EQ.STOCK,2026-07-31
MARK.QA,MARK,Masraf Al Rayan QSC,QA,Financials,0.00336,B0VR7W0,EQ.STOCK,2026-07-31
SONACOMS.NS,SONACOMS,Sona Blw Precision Forgings Ltd,IN,Consumer Discretionary,0.00336,BNR5NG5,EQ.STOCK,2026-07-31
2105.TW,2105,Cheng Shin Rubber Industry Co Ltd,TW,Consumer Discretionary,0.00335,6190228,EQ.STOCK,2026-07-31
600188.SS,600188,Yankuang Energy Group Co Ltd,CN,Energy,0.00335,BP3R5S5,EQ.STOCK,2026-07-31
8960.T,8960,United Urban Investment Corp,JP,Real Estate,0.00335,6723839,EQ.REIT,2026-07-31
BCVN.SW,BCVN,Banque Cantonale Vaudoise,CH,Financials,0.00335,BMFY8R3,EQ.STOCK,2026-07-31
ICICIGI.NS,ICICIGI,ICICI Lombard General Insurance Co Ltd,IN,Financials,0.00335,BYXH7P9,EQ.STOCK,2026-07-31
002371.SZ,002371,NAURA Technology Group Co Ltd,CN,Technology,0.00333,BD5LYF1,EQ.STOCK,2026-07-31
5101.T,5101,Yokohama Rubber Co Ltd/The,JP,Consumer Discretionary,0.00332,6986461,EQ.STOCK,2026-07-31
0291.HK,291,China Resources Beer Holdings Co Ltd,HK,Consumer Staples,0.00331,6972459,EQ.STOCK,2026-07-31
1171.HK,1171,Yankuang Energy Group Co Ltd,HK,Energy,0.00331,6109893,EQ.STOCK,2026-07-31
0358.HK,358,Jiangxi Copper Co Ltd,HK,Basic Materials,0.0033,6000305,EQ.STOCK,2026-07-31
3462.T,3462,Nomura Real Estate Master Fund Inc,JP,Real Estate,0.00329,BYSJJF4,EQ.REIT,2026-07-31
9435.T,9435,Hikari Tsushin Inc,JP,Telecommunications,0.00329,6416322,EQ.STOCK,2026-07-31
VER.VI,VER,Verbund AG,AT,Utilities,0.00329,4661607,EQ.STOCK,2026-07-31
601600.SS,601600,Aluminum Corp of China Ltd,CN,Basic Materials,0.00327,BP3R4D3,EQ.STOCK,2026-07-31
FIBIH.TA,FIBIH,FIBI Holdings Ltd,IL,Financials,0.00327,6339429,EQ.STOCK,2026-07-31
SOIL.NS,SOIL,Solar Industries India Ltd,IN,Basic Materials,0.00327,BYZ9NH7,EQ.STOCK,2026-07-31
5711.T,5711,Mitsubishi Materials Corp,JP,Industrials,0.00326,6597089,EQ.STOCK,2026-07-31
GFC.PA,GFC,Gecina SA,FR,Real Estate,0.00326,7742468,EQ.REIT,2026-07-31
GGPS3.SA,GGPS3,GPS Participacoes e Empreendimentos SA,BR,Industrials,0.00326,BLFG6N4,EQ.STOCK,2026-07-31
LENSKART.NS,LENSKART,Lenskart Solutions Ltd,IN,Consumer Discretionary,0.00325,BRXDR36,EQ.STOCK,2026-07-31
MALLPLAZ.SN,MALLPLAZ,Plaza SA,CL,Real Estate,0.00325,BYVW0G8,EQ.STOCK,2026-07-31
3036.TW,3036,WT Microelectronics Co Ltd,TW,Technology,0.00324,6290991,EQ.STOCK,2026-07-31
KRDMA.IS,KRDMA,Kardemir Karabuk Demir Celik Sanayi ve Ticaret AS,TR,Basic Materials,0.00324,B03MV43,EQ.STOCK,2026-07-31
WOR.AX,WOR,Worley Ltd,AU,Industrials,0.00324,6562474,EQ.STOCK,2026-07-31
AC.PS,AC,Ayala Corp,PH,Real Estate,0.00322,B09JBT3,EQ.STOCK,2026-07-31
BC8.DE,BC8,Bechtle AG,DE,Technology,0.00322,5932409,EQ.STOCK,2026-07-31
RACE,RACE,Ferrari NV,US,Consumer Discretionary,0.00321,BZ1GMK5,EQ.STOCK,2026-07-31
6448.T,6448,Brother Industries Ltd,JP,Technology,0.00319,6146500,EQ.STOCK,2026-07-31
8972.T,8972,KDX Realty Investment Corp,JP,Real Estate,0.00319,B0C5Q59,EQ.REIT,2026-07-31
AMUN.PA,AMUN,Amundi SA,FR,Financials,0.00319,BYZR014,EQ.STOCK,2026-07-31
3045.TW,3045,Taiwan Mobile Co Ltd,TW,Telecommunications,0.00318,6290496,EQ.STOCK,2026-07-31
DNP.WA,DNP,Dino Polska SA,PL,Consumer Staples,0.00318,BD0YVN2,EQ.STOCK,2026-07-31
6592.T,6592,Mabuchi Motor Co Ltd,JP,Industrials,0.00317,6551030,EQ.STOCK,2026-07-31
MUTH.NS,MUTH,Muthoot Finance Ltd,IN,Financials,0.00317,B40MFF3,EQ.STOCK,2026-07-31
1721.T,1721,COMSYS Holdings Corp,JP,Industrials,0.00316,6687247,EQ.STOCK,2026-07-31
272210.KS,272210,Hanwha Systems Co Ltd,KR,Industrials,0.00316,BJN3H96,EQ.STOCK,2026-07-31
6415.TW,6415,Silergy Corp,TW,Technology,0.00316,BH4DMW9,EQ.STOCK,2026-07-31
3908.HK,3908,China International Capital Corp Ltd,HK,Financials,0.00315,BZ169C6,EQ.STOCK,2026-07-31
8069.TW,8069,E Ink Holdings Inc,TW,Technology,0.00315,6744283,EQ.STOCK,2026-07-31
9513.T,9513,Electric Power Development Co Ltd,JP,Utilities,0.00313,B02Q328,EQ.STOCK,2026-07-31
BOCHGR.AT,BOCHGR,Bank of Cyprus Holdings PLC,GR,Financials,0.00313,BN2BZT5,EQ.STOCK,2026-07-31
RY,RY,Royal Bank of Canada,US,Financials,0.00313,2756196,EQ.STOCK,2026-07-31
2588.HK,2588,BOC Aviation Ltd,HK,Industrials,0.00311,BYZJV17,EQ.STOCK,2026-07-31
HYUNDAI.NS,HYUNDAI,Hyundai Motor India Ltd,IN,Consumer Discretionary,0.00311,BR4TRD3,EQ.STOCK,2026-07-31
3092.T,3092,ZOZO Inc,JP,Consumer Discretionary,0.0031,B292RC1,EQ.STOCK,2026-07-31
SDF.AX,SDF,Steadfast Group Ltd,AU,Financials,0.0031,BCT5FD7,EQ.STOCK,2026-07-31
VOD.JO,VOD,Vodacom Group Ltd,ZA,Telecommunications,0.0031,B65B4D0,EQ.STOCK,2026-07-31
LOTB.BR,LOTB,Lotus Bakeries NV,BE,Consumer Staples,0.00309,4224992,EQ.STOCK,2026-07-31
900926.SS,900926,Shanghai Baosight Software Co Ltd,CN,Technology,0.00307,6835422,EQ.STOCK,2026-07-31
9072.T,9072,Nikkon Holdings Co Ltd,JP,Industrials,0.00307,6642202,EQ.STOCK,2026-07-31
UPLL.NS,UPLL,UPL Ltd,IN,Basic Materials,0.00306,B0L0W35,EQ.STOCK,2026-07-31
2018.HK,2018,AAC Technologies Holdings Inc,HK,Technology,0.00305,B85LKS1,EQ.STOCK,2026-07-31
LEG.DE,LEG,LEG Immobilien SE,DE,Real Estate,0.00305,B9G6L89,EQ.STOCK,2026-07-31
603501.SS,603501,OmniVision Integrated Circuits Group Inc,CN,Technology,0.00304,BK947V2,EQ.STOCK,2026-07-31
2897.T,2897,Nissin Foods Holdings Co Ltd,JP,Consumer Staples,0.00303,6641760,EQ.STOCK,2026-07-31
ADANIGR.NS,ADANIGR,Adani Green Energy Ltd,IN,Utilities,0.00303,BD6H7M6,EQ.STOCK,2026-07-31
BZU.MI,BZU,Buzzi SpA,IT,Industrials,0.00302,5782206,EQ.STOCK,2026-07-31
3626.T,3626,TISI Inc,JP,Technology,0.00301,B2Q4CR0,EQ.STOCK,2026-07-31
017670.KS,017670,SK Telecom Co Ltd,KR,Telecommunications,0.00299,6224871,EQ.STOCK,2026-07-31
PCHEM.KL,PCHEM,Petronas Chemicals Group Bhd,MY,Basic Materials,0.00299,B5KQGT3,EQ.STOCK,2026-07-31
VOLT.NS,VOLT,Voltas Ltd,IN,Industrials,0.00299,B1FCQX2,EQ.STOCK,2026-07-31
6005.TW,6005,Capital Securities Corp,TW,Financials,0.00298,6156673,EQ.STOCK,2026-07-31
QGTS.QA,QGTS,Qatar Gas Transport Co Ltd,QA,Industrials,0.00298,B0MLBC9,EQ.STOCK,2026-07-31
ZEG.L,ZEG,Zegona Communications plc,GB,Telecommunications,0.00298,BVGBY89,EQ.STOCK,2026-07-31
0012.HK,12,Henderson Land Development Co Ltd,HK,Real Estate,0.00297,6420538,EQ.STOCK,2026-07-31
VIPS,VIPS,Vipshop Holdings Ltd,US,Consumer Discretionary,0.00297,B3N0H17,EQ.DRCPT,2026-07-31
3808.HK,3808,Sinotruk Hong Kong Ltd,HK,Industrials,0.00296,B296ZH4,EQ.STOCK,2026-07-31
3969.HK,3969,China Railway Signal & Communication Corp Ltd,HK,Industrials,0.00296,BYVDW43,EQ.STOCK,2026-07-31
2016.HK,2016,China Zheshang Bank Co Ltd,HK,Financials,0.00295,BZ3T5T2,EQ.STOCK,2026-07-31
ENGI11.SA,ENGI11,Energisa S/A,BR,Utilities,0.00295,B56XQT8,EQ.STOCK,2026-07-31
INPST.AS,INPST,InPost SA,NL,Industrials,0.00295,BN4N9C0,EQ.STOCK,2026-07-31
1816.HK,1816,CGN Power Co Ltd,HK,Utilities,0.00294,BSBMM04,EQ.STOCK,2026-07-31
3283.T,3283,Nippon Prologis REIT Inc,JP,Real Estate,0.00294,B98BC67,EQ.REIT,2026-07-31
9602.T,9602,Toho Co Ltd/Tokyo,JP,Consumer Discretionary,0.00294,6895200,EQ.STOCK,2026-07-31
007660.KS,007660,IsuPetasys Co Ltd,KR,Technology,0.00293,6284648,EQ.STOCK,2026-07-31
032640.KS,032640,LG Uplus Corp,KR,Telecommunications,0.00293,6290902,EQ.STOCK,2026-07-31
1997.HK,1997,Wharf Real Estate Investment Co Ltd,HK,Real Estate,0.00293,BF0GWS4,EQ.STOCK,2026-07-31
601163.SS,601163,Triangle Tyre Co Ltd,CN,Consumer Discretionary,0.00292,BYW5QN5,EQ.STOCK,2026-07-31
GRF/P.MC,GRF/P,Grifols SA,ES,Health Care,0.00292,BYP0K57,EQ.PREF,2026-07-31
MGDL.TA,MGDL,Migdal Insurance & Financial Holdings Ltd,IL,Financials,0.00292,6509062,EQ.STOCK,2026-07-31
OUT.JO,OUT,OUTsurance Group Ltd,ZA,Financials,0.00292,BN6QSM0,EQ.STOCK,2026-07-31
9880.HK,9880,UBTech Robotics Corp Ltd,HK,Industrials,0.00291,BR4VSK3,EQ.STOCK,2026-07-31
5214.T,5214,Nippon Electric Glass Co Ltd,JP,Technology,0.00289,6642666,EQ.STOCK,2026-07-31
9684.T,9684,Square Enix Holdings Co Ltd,JP,Consumer Discretionary,0.00289,6309262,EQ.STOCK,2026-07-31
HPCL.NS,HPCL,Hindustan Petroleum Corp Ltd,IN,Energy,0.00289,6100476,EQ.STOCK,2026-07-31
CLGT.NS,CLGT,Colgate-Palmolive India Ltd,IN,Consumer Staples,0.00288,6139696,EQ.STOCK,2026-07-31
MTM.JO,MTM,Momentum Group Ltd,ZA,Financials,0.00288,BK9S758,EQ.STOCK,2026-07-31
SEBC.ST,SEBC,Skandinaviska Enskilda Banken AB,SE,Financials,0.00288,4812740,EQ.STOCK,2026-07-31
7747.T,7747,Asahi Intecc Co Ltd,JP,Health Care,0.00287,B019MQ5,EQ.STOCK,2026-07-31
AGL.AX,AGL,AGL Energy Ltd,AU,Utilities,0.00287,BSS7GP5,EQ.STOCK,2026-07-31
ITUB3.SA,ITUB3,Itau Unibanco Holding SA,BR,Financials,0.00287,B03DN17,EQ.STOCK,2026-07-31
MLT.SI,MLT,Mapletree Logistics Trust,SG,Real Estate,0.00287,B0D6P43,EQ.REIT,2026-07-31
011200.KS,011200,HMM Co Ltd,KR,Industrials,0.00286,6405869,EQ.STOCK,2026-07-31
352820.KS,352820,HYBE Co Ltd,KR,Consumer Discretionary,0.00286,BNGCJ25,EQ.STOCK,2026-07-31
MMHD.TA,MMHD,Menora Mivtachim Holdings Ltd,IL,Financials,0.00286,6577876,EQ.STOCK,2026-07-31
BOB.NS,BOB,Bank of Baroda,IN,Financials,0.00285,BVF87C6,EQ.STOCK,2026-07-31
VIG.VI,VIG,Vienna Insurance Group AG Wiener Versicherung Gruppe,AT,Financials,0.00285,B0BKSS2,EQ.STOCK,2026-07-31
9698.HK,9698,GDS Holdings Ltd,HK,Technology,0.00284,BMG40P4,EQ.STOCK,2026-07-31
FPE3.DE,FPE3,FUCHS SE,DE,Basic Materials,0.00284,BNHRG84,EQ.PREF,2026-07-31
ICL.TA,ICL,ICL Group Ltd,IL,Basic Materials,0.00284,6455530,EQ.STOCK,2026-07-31
NEM.DE,NEM,Nemetschek SE,DE,Technology,0.00284,5633962,EQ.STOCK,2026-07-31
SEK.AX,SEK,SEEK Ltd,AU,Industrials,0.00284,B0767Y3,EQ.STOCK,2026-07-31
000063.SZ,000063,ZTE Corp,CN,Telecommunications,0.00283,BD5CPY0,EQ.STOCK,2026-07-31
AKER.OL,AKER,Aker ASA,NO,Financials,0.00283,B02R4D9,EQ.STOCK,2026-07-31
AXIA7.SA,AXIA7,Axia Energia SA,BR,Utilities,0.00283,BVPBRT2,EQ.PREF,2026-07-31
EMBASSY.NS,EMBASSY,Embassy Office Parks REIT,IN,Real Estate,0.00283,BJH4V15,EQ.REIT,2026-07-31
1860.T,1860,Toda Corp,JP,Industrials,0.00282,6893884,EQ.STOCK,2026-07-31
2347.TW,2347,Synnex Technology International Corp,TW,Technology,0.00282,6868439,EQ.STOCK,2026-07-31
002384.SZ,002384,Suzhou Dongshan Precision Manufacturing Co Ltd,CN,Technology,0.00281,BD5CF28,EQ.STOCK,2026-07-31
300059.SZ,300059,East Money Information Co Ltd,CN,Financials,0.00281,BD5CPC8,EQ.STOCK,2026-07-31
5105.T,5105,Toyo Tire Corp,JP,Consumer Discretionary,0.00281,6900182,EQ.STOCK,2026-07-31
600460.SS,600460,Hangzhou Silan Microelectronics Co Ltd,CN,Technology,0.00281,BP3RCV7,EQ.STOCK,2026-07-31
4536.T,4536,Santen Pharmaceutical Co Ltd,JP,Health Care,0.0028,6776606,EQ.STOCK,2026-07-31
4904.TW,4904,Far EasTone Telecommunications Co Ltd,TW,Telecommunications,0.0028,6421854,EQ.STOCK,2026-07-31
WHC.AX,WHC,Whitehaven Coal Ltd,AU,Energy,0.0028,B1XQXC4,EQ.STOCK,2026-07-31
2267.T,2267,Yakult Honsha Co Ltd,JP,Consumer Staples,0.00279,6985112,EQ.STOCK,2026-07-31
9009.T,9009,Keisei Electric Railway Co Ltd,JP,Industrials,0.00279,6487425,EQ.STOCK,2026-07-31
POWERIND.NS,POWERIND,Hitachi Energy India Ltd,IN,Industrials,0.00279,BK709V6,EQ.STOCK,2026-07-31
000869.SZ,000869,Yantai Changyu Pioneer Wine Co Ltd,CN,Consumer Staples,0.00278,BD5CGS1,EQ.STOCK,2026-07-31
300760.SZ,300760,Shenzhen Mindray Bio-Medical Electronics Co Ltd,CN,Health Care,0.00278,BHQK864,EQ.STOCK,2026-07-31
6239.TW,6239,Powertech Technology Inc,TW,Technology,0.00278,6599676,EQ.STOCK,2026-07-31
VESTA*.MX,VESTA*,Corp Inmobiliaria Vesta SAB de CV,MX,Real Estate,0.00277,B8F6ZF8,EQ.STOCK,2026-07-31
ZAIN.KW,ZAIN,Mobile Telecommunications Co KSCP,KW,Telecommunications,0.00277,6600084,EQ.STOCK,2026-07-31
1772.HK,1772,Ganfeng Lithium Group Co Ltd,HK,Basic Materials,0.00276,BZ9NS11,EQ.STOCK,2026-07-31
MINT.SI,MINT,Mapletree Industrial Trust,SG,Real Estate,0.00276,B4LR5Q8,EQ.REIT,2026-07-31
MONET.PR,MONET,Moneta Money Bank AS,CZ,Financials,0.00276,BD3CQ16,EQ.STOCK,2026-07-31
9506.T,9506,Tohoku Electric Power Co Inc,JP,Utilities,0.00275,6895266,EQ.STOCK,2026-07-31
3702.TW,3702,WPG Holdings Ltd,TW,Technology,0.00274,B0P6L87,EQ.STOCK,2026-07-31
7276.T,7276,Koito Manufacturing Co Ltd,JP,Consumer Discretionary,0.00274,6496324,EQ.STOCK,2026-07-31
IP.MI,IP,Interpump Group SpA,IT,Industrials,0.00274,5161407,EQ.STOCK,2026-07-31
KLK.KL,KLK,Kuala Lumpur Kepong Bhd,MY,Basic Materials,0.00274,6497446,EQ.STOCK,2026-07-31
MCDCO.SR,MCDCO,Makkah Construction & Development Co,SA,Industrials,0.00274,B12G927,EQ.STOCK,2026-07-31
MPHL.NS,MPHL,Mphasis Ltd,IN,Technology,0.00274,6151593,EQ.STOCK,2026-07-31
RNI.JO,RNI,Reinet Investments SCA,ZA,Financials,0.00274,BF52QF2,EQ.STOCK,2026-07-31
SBID.L,SBID,State Bank of India,GB,Financials,0.00274,5131091,EQ.DRCPT,2026-07-31
SWB.KL,SWB,Sunway Bhd,MY,Real Estate,0.00274,B6VGS93,EQ.STOCK,2026-07-31
MAP.MC,MAP,Mapfre SA,ES,Financials,0.00273,B1G40S0,EQ.STOCK,2026-07-31
MGOR.TA,MGOR,Mega Or Holdings Ltd,IL,Real Estate,0.00273,B2N78D0,EQ.STOCK,2026-07-31
NYKAA.NS,NYKAA,FSN E-Commerce Ventures Ltd,IN,Consumer Discretionary,0.00273,BP4DCB4,EQ.STOCK,2026-07-31
1038.HK,1038,CK Infrastructure Holdings Ltd,HK,Utilities,0.00272,BYVS6J1,EQ.STOCK,2026-07-31
3533.TW,3533,Lotes Co Ltd,TW,Technology,0.00272,B1GJFG8,EQ.STOCK,2026-07-31
CD.SI,CD,ComfortDelGro Corp Ltd,SG,Industrials,0.00272,6603737,EQ.STOCK,2026-07-31
EIC.SR,EIC,Electrical Industries Co,SA,Industrials,0.00271,BSMSY94,EQ.STOCK,2026-07-31
GCARSOA1.MX,GCARSOA1,Grupo Carso SAB de CV,MX,Industrials,0.00271,2393452,EQ.STOCK,2026-07-31
SAPR11.SA,SAPR11,Cia De Saneamento do Parana Sanepar,BR,Utilities,0.00271,BF0WB74,EQ.STOCK,2026-07-31
024110.KS,024110,Industrial Bank of Korea,KR,Financials,0.0027,6462972,EQ.STOCK,2026-07-31
600406.SS,600406,NARI Technology Co Ltd,CN,Industrials,0.00269,BP3R444,EQ.STOCK,2026-07-31
JOMAR.SR,JOMAR,Jabal Omar Development Co,SA,Real Estate,0.00268,B1XGF28,EQ.STOCK,2026-07-31
2181.T,2181,Persol Holdings Co Ltd,JP,Industrials,0.00267,B3CY709,EQ.STOCK,2026-07-31
2207.TW,2207,Hotai Motor Co Ltd,TW,Consumer Discretionary,0.00267,6417165,EQ.STOCK,2026-07-31
600660.SS,600660,Fuyao Glass Industry Group Co Ltd,CN,Industrials,0.00266,BP3R6K4,EQ.STOCK,2026-07-31
H2O.RO,H2O,Societatea De Producere A Energiei Electrice in Hidrocentrale Hidroelectrica SA,RO,Utilities,0.00266,BLBM8D0,EQ.STOCK,2026-07-31
KTLEV.IS,KTLEV,Katilimevim Tasarruf Finansman AS,TR,Financials,0.00266,BQC5KP9,EQ.STOCK,2026-07-31
BKW.SW,BKW,BKW AG,CH,Utilities,0.00264,B76D410,EQ.STOCK,2026-07-31
6030.HK,6030,CITIC Securities Co Ltd,HK,Financials,0.00263,B6SPB49,EQ.STOCK,2026-07-31
GRF.MC,GRF,Grifols SA,ES,Health Care,0.00263,BYY3DX6,EQ.STOCK,2026-07-31
MODON.AE,MODON,Modon Holding PSC,AE,Real Estate,0.00263,BF0R9V9,EQ.STOCK,2026-07-31
9041.T,9041,Kintetsu Group Holdings Co Ltd,JP,Industrials,0.00262,6492968,EQ.STOCK,2026-07-31
APR.NS,APR,Apar Industries Ltd,IN,Industrials,0.00262,B01WBY5,EQ.STOCK,2026-07-31
BALDB.ST,BALDB,Fastighets AB Balder,SE,Real Estate,0.00262,BPMRNZ9,EQ.STOCK,2026-07-31
ZG,ZG,Zillow Group Inc,US,Real Estate,0.00262,BVYJBR3,EQ.STOCK,2026-07-31
000623.SZ,000623,Jilin Aodong Pharmaceutical Group Co Ltd,CN,Health Care,0.00261,BD5CLG4,EQ.STOCK,2026-07-31
3405.T,3405,Kuraray Co Ltd,JP,Basic Materials,0.00261,6497662,EQ.STOCK,2026-07-31
600597.SS,600597,Bright Dairy & Food Co Ltd,CN,Consumer Staples,0.00261,BP3R5J6,EQ.STOCK,2026-07-31
601236.SS,601236,Hongta Securities Co Ltd,CN,Financials,0.00261,BK71FX3,EQ.STOCK,2026-07-31
6674.T,6674,GS Yuasa Corp,JP,Consumer Discretionary,0.00261,6744250,EQ.STOCK,2026-07-31
021240.KS,021240,Coway Co Ltd,KR,Consumer Discretionary,0.0026,6173401,EQ.STOCK,2026-07-31
3888.HK,3888,Kingsoft Corp Ltd,HK,Technology,0.0026,B27WRM3,EQ.STOCK,2026-07-31
3360.HK,3360,Far East Horizon Ltd,HK,Financials,0.00259,B63DLB5,EQ.STOCK,2026-07-31
TBS.JO,TBS,Tiger Brands Ltd,ZA,Consumer Staples,0.00259,B0J4PP2,EQ.STOCK,2026-07-31
000858.SZ,000858,Wuliangye Yibin Co Ltd,CN,Consumer Staples,0.00258,BD5CPG2,EQ.STOCK,2026-07-31
003230.KS,003230,Samyang Foods Co Ltd,KR,Consumer Staples,0.00258,6771838,EQ.STOCK,2026-07-31
SUF.NS,SUF,Sundaram Finance Ltd,IN,Financials,0.00258,B0L4LR4,EQ.STOCK,2026-07-31
SWIGGY.NS,SWIGGY,Swiggy Ltd,IN,Consumer Discretionary,0.00258,BSF1LT9,EQ.STOCK,2026-07-31
3086.T,3086,J Front Retailing Co Ltd,JP,Consumer Discretionary,0.00257,B23TC12,EQ.STOCK,2026-07-31
7003.T,7003,Mitsui E&S Co Ltd,JP,Industrials,0.00257,6597380,EQ.STOCK,2026-07-31
9007.T,9007,Odakyu Electric Railway Co Ltd,JP,Consumer Discretionary,0.00257,6656106,EQ.STOCK,2026-07-31
ABB.NS,ABB,ABB India Ltd,IN,Industrials,0.00257,B1Y9QS9,EQ.STOCK,2026-07-31
CLAS.SI,CLAS,CapitaLand Ascott Trust,SG,Real Estate,0.00257,BG0RZ29,EQ.REIT,2026-07-31
MBK.WA,MBK,mBank SA,PL,Financials,0.00257,4143053,EQ.STOCK,2026-07-31
006260.KS,006260,LS Corp,KR,Industrials,0.00256,6375780,EQ.STOCK,2026-07-31
6481.T,6481,THK Co Ltd,JP,Industrials,0.00256,6869131,EQ.STOCK,2026-07-31
BELA.AT,BELA,JUMBO SA,GR,Consumer Discretionary,0.00256,7243530,EQ.STOCK,2026-07-31
QBR/B.TO,QBR/B,Quebecor Inc,CA,Telecommunications,0.00256,2715777,EQ.STOCK,2026-07-31
601211.SS,601211,Guotai Junan Securities Co Ltd,CN,Financials,0.00255,BYQDMZ9,EQ.STOCK,2026-07-31
KGX.DE,KGX,KION Group AG,DE,Industrials,0.00255,BB22L96,EQ.STOCK,2026-07-31
LODHA.NS,LODHA,Lodha Developers Ltd,IN,Real Estate,0.00255,BM9G370,EQ.STOCK,2026-07-31
MTAV.TA,MTAV,Meitav Investment House Ltd,IL,Financials,0.00253,6141248,EQ.STOCK,2026-07-31
4527.T,4527,Rohto Pharmaceutical Co Ltd,JP,Health Care,0.00252,6747367,EQ.STOCK,2026-07-31
8804.T,8804,Tokyo Tatemono Co Ltd,JP,Real Estate,0.00252,6895426,EQ.STOCK,2026-07-31
UGPA3.SA,UGPA3,Ultrapar Participacoes SA,BR,Energy,0.00252,B0FHTN1,EQ.STOCK,2026-07-31
3132.T,3132,Macnica Holdings Inc,JP,Technology,0.00251,BVVQ8X2,EQ.STOCK,2026-07-31
0004.HK,4,Wharf Holdings Ltd/The,HK,Real Estate,0.0025,6435576,EQ.STOCK,2026-07-31
5871.TW,5871,Chailease Holding Co Ltd,TW,Financials,0.0025,B58J1S8,EQ.STOCK,2026-07-31
601375.SS,601375,Central China Securities Co Ltd,CN,Financials,0.0025,BYXS0X1,EQ.STOCK,2026-07-31
ENELCHIL.SN,ENELCHIL,Enel Chile SA,CL,Utilities,0.0025,BYMLZD6,EQ.STOCK,2026-07-31
601601.SS,601601,China Pacific Insurance Group Co Ltd,CN,Financials,0.00249,BP3R2K6,EQ.STOCK,2026-07-31
MB.MI,MB,Mediobanca Banca di Credito Finanziario SpA,IT,Financials,0.00249,4574813,EQ.STOCK,2026-07-31
SAE.TA,SAE,Shufersal Ltd,IL,Consumer Staples,0.00249,6860543,EQ.STOCK,2026-07-31
5444.T,5444,Yamato Kogyo Co Ltd,JP,Basic Materials,0.00248,6985446,EQ.STOCK,2026-07-31
3606.HK,3606,Fuyao Glass Industry Group Co Ltd,HK,Industrials,0.00247,BWGCFG4,EQ.STOCK,2026-07-31
4980.T,4980,Dexerials Corp,JP,Technology,0.00247,BYP97J7,EQ.STOCK,2026-07-31
6886.HK,6886,Huatai Securities Co Ltd,HK,Financials,0.00247,BWVFT00,EQ.STOCK,2026-07-31
UNBK.NS,UNBK,Union Bank of India Ltd,IN,Financials,0.00247,6579634,EQ.STOCK,2026-07-31
0268.HK,268,Kingdee International Software Group Co Ltd,HK,Technology,0.00246,6327587,EQ.STOCK,2026-07-31
9863.HK,9863,Zhejiang Leapmotor Technology Co Ltd,HK,Consumer Discretionary,0.00246,BJLVDM7,EQ.STOCK,2026-07-31
601888.SS,601888,China Tourism Group Duty Free Corp Ltd,CN,Consumer Discretionary,0.00244,BP3R466,EQ.STOCK,2026-07-31
0303.HK,303,VTech Holdings Ltd,HK,Telecommunications,0.00243,6928560,EQ.STOCK,2026-07-31
3197.T,3197,Skylark Holdings Co Ltd,JP,Consumer Discretionary,0.00243,BQQD167,EQ.STOCK,2026-07-31
BOMH.NS,BOMH,Bank of Maharashtra,IN,Financials,0.00243,B00PVH8,EQ.STOCK,2026-07-31
0144.HK,144,China Merchants Port Holdings Co Ltd,HK,Industrials,0.00242,6416139,EQ.STOCK,2026-07-31
1044.HK,1044,Hengan International Group Co Ltd,HK,Consumer Staples,0.00242,6136233,EQ.STOCK,2026-07-31
ISA.CL,ISA,Interconexion Electrica SA ESP,CO,Utilities,0.00242,2205706,EQ.STOCK,2026-07-31
OMU.JO,OMU,Old Mutual Ltd,ZA,Financials,0.00242,BDVPYN5,EQ.STOCK,2026-07-31
010130.KS,010130,Korea Zinc Co Ltd,KR,Basic Materials,0.00241,6495428,EQ.STOCK,2026-07-31
0148.HK,148,Kingboard Holdings Ltd,HK,Basic Materials,0.00241,6491318,EQ.STOCK,2026-07-31
1972.HK,1972,Swire Properties Ltd,HK,Real Estate,0.00241,B67C2G0,EQ.STOCK,2026-07-31
5929.T,5929,Sanwa Holdings Corp,JP,Industrials,0.00241,6776781,EQ.STOCK,2026-07-31
MRP.JO,MRP,Mr Price Group Ltd,ZA,Consumer Discretionary,0.00241,BYXW419,EQ.STOCK,2026-07-31
1722.TW,1722,Taiwan Fertilizer Co Ltd,TW,Basic Materials,0.0024,6109439,EQ.STOCK,2026-07-31
SWECB.ST,SWECB,Sweco AB,SE,Industrials,0.0024,BLN9XH8,EQ.STOCK,2026-07-31
277810.KS,277810,Rainbow Robotics,KR,Industrials,0.00239,BM9Q3J2,EQ.STOCK,2026-07-31
9507.T,9507,Shikoku Electric Power Co Inc,JP,Utilities,0.00239,6804347,EQ.STOCK,2026-07-31
9904.TW,9904,Pou Chen Corp,TW,Consumer Discretionary,0.00239,6696157,EQ.STOCK,2026-07-31
DOW.AX,DOW,Downer EDI Ltd,AU,Industrials,0.00239,6465573,EQ.STOCK,2026-07-31
LUNDB.ST,LUNDB,L E Lundbergforetagen AB,SE,Financials,0.00239,4538002,EQ.STOCK,2026-07-31
GMRAIRPO.NS,GMRAIRPO,GMR Airports Infrastructure Ltd,IN,Industrials,0.00238,B192HJ1,EQ.STOCK,2026-07-31
MANKIND.NS,MANKIND,Mankind Pharma Ltd,IN,Health Care,0.00238,BQ98SK2,EQ.STOCK,2026-07-31
200725.SZ,200725,BOE Technology Group Co Ltd,CN,Technology,0.00237,6001096,EQ.STOCK,2026-07-31
600663.SS,600663,Shanghai Lujiazui Finance & Trade Zone Development Co Ltd,CN,Real Estate,0.00237,BP3R530,EQ.STOCK,2026-07-31
VGNT,VGNT,Versigent PLC,US,Industrials,0.00237,BWK7510,EQ.STOCK,2026-07-31
002049.SZ,002049,Unigroup Guoxin Microelectronics Co Ltd,CN,Technology,0.00236,BD5CL75,EQ.STOCK,2026-07-31
A2M.AX,A2M,a2 Milk Co Ltd/The,AU,Consumer Staples,0.00236,BWSRTS7,EQ.STOCK,2026-07-31
ARION.IC,ARION,Arion Banki HF,IS,Financials,0.00236,BG43JW1,EQ.STOCK,2026-07-31
BJHI.NS,BJHI,Bajaj Holdings & Investment Ltd,IN,Financials,0.00236,6124142,EQ.STOCK,2026-07-31
IDEA.NS,IDEA,Vodafone Idea Ltd,IN,Telecommunications,0.00236,B1MP4H4,EQ.STOCK,2026-07-31
ISDMR.IS,ISDMR,Iskenderun Demir ve Celik AS,TR,Basic Materials,0.00236,BYYD6Q0,EQ.STOCK,2026-07-31
IOI.KL,IOI,IOI Corp Bhd,MY,Consumer Staples,0.00235,B1Y3WG1,EQ.STOCK,2026-07-31
MISC.KL,MISC,MISC Bhd,MY,Industrials,0.00235,6557997,EQ.STOCK,2026-07-31
2371.T,2371,Kakaku.com Inc,JP,Technology,0.00234,6689533,EQ.STOCK,2026-07-31
6806.T,6806,Hirose Electric Co Ltd,JP,Technology,0.00234,6428725,EQ.STOCK,2026-07-31
3391.T,3391,Tsuruha Holdings Inc,JP,Consumer Staples,0.00233,B0MKZN5,EQ.STOCK,2026-07-31
CSMG3.SA,CSMG3,Cia de Saneamento de Minas Gerais Copasa MG,BR,Utilities,0.00233,B0YBZJ2,EQ.STOCK,2026-07-31
0257.HK,257,China Everbright Environment Group Ltd,HK,Utilities,0.00232,6630940,EQ.STOCK,2026-07-31
1605.TW,1605,Walsin Lihwa Corp,TW,Industrials,0.00232,6936574,EQ.STOCK,2026-07-31
PINFRA*.MX,PINFRA*,Promotora y Operadora de Infraestructura SAB de CV,MX,Industrials,0.00232,2393388,EQ.STOCK,2026-07-31
SANB11.SA,SANB11,Banco Santander Brasil SA,BR,Financials,0.00232,B4V5RY4,EQ.STOCK,2026-07-31
000100.KS,000100,Yuhan Corp,KR,Health Care,0.00231,6988337,EQ.STOCK,2026-07-31
5714.T,5714,Dowa Holdings Co Ltd,JP,Basic Materials,0.00231,6278306,EQ.STOCK,2026-07-31
6881.HK,6881,China Galaxy Securities Co Ltd,HK,Financials,0.00231,B92NYF2,EQ.STOCK,2026-07-31
9023.T,9023,Tokyo Metro Co Ltd,JP,Industrials,0.00231,BQTY1X4,EQ.STOCK,2026-07-31
KDCREIT.SI,KDCREIT,Keppel DC REIT,SG,Real Estate,0.00231,BT9Q186,EQ.REIT,2026-07-31
PETROR.SR,PETROR,Rabigh Refining & Petrochemical Co,SA,Energy,0.00231,B2PF1B1,EQ.STOCK,2026-07-31
BOL.PA,BOL,Bollore SE,FR,Consumer Discretionary,0.0023,4572709,EQ.STOCK,2026-07-31
003670.KS,003670,POSCO Future M Co Ltd,KR,Basic Materials,0.00229,6419451,EQ.STOCK,2026-07-31
1898.HK,1898,China Coal Energy Co Ltd,HK,Energy,0.00229,B1JNK84,EQ.STOCK,2026-07-31
MER.PS,MER,Manila Electric Co,PH,Utilities,0.00228,B247XZ6,EQ.STOCK,2026-07-31
4631.T,4631,DIC Corp,JP,Basic Materials,0.00227,6250821,EQ.STOCK,2026-07-31
600487.SS,600487,Hengtong Optic-electric Co Ltd,CN,Industrials,0.00227,BP3RFS5,EQ.STOCK,2026-07-31
601766.SS,601766,CRRC Corp Ltd,CN,Industrials,0.00227,BP3R358,EQ.STOCK,2026-07-31
AAF.L,AAF,Airtel Africa PLC,GB,Telecommunications,0.00227,BKDRYJ4,EQ.STOCK,2026-07-31
DNL.AX,DNL,Incitec Pivot Ltd,AU,Basic Materials,0.00227,BVBH523,EQ.STOCK,2026-07-31
SHBB.ST,SHBB,Svenska Handelsbanken AB,SE,Financials,0.00227,BXDZ9V6,EQ.STOCK,2026-07-31
ALWN.AT,ALWN,Allwyn AG,GR,Consumer Discretionary,0.00226,7107250,EQ.STOCK,2026-07-31
AMMN.JK,AMMN,Amman Mineral Internasional PT,ID,Basic Materials,0.00226,BRK2Z98,EQ.STOCK,2026-07-31
LTF.NS,LTF,L&T Finance Ltd,IN,Financials,0.00226,B5KYHQ1,EQ.STOCK,2026-07-31
2049.TW,2049,Hiwin Technologies Corp,TW,Industrials,0.00225,B1YMYT5,EQ.STOCK,2026-07-31
VSURE.ST,VSURE,Verisure Group Topholding AB,SE,Industrials,0.00225,BVMN155,EQ.STOCK,2026-07-31
VZN.SW,VZN,VZ Holding AG,CH,Financials,0.00225,BMFJ180,EQ.STOCK,2026-07-31
000157.SZ,000157,Zoomlion Heavy Industry Science and Technology Co Ltd,CN,Industrials,0.00224,BD5CPZ1,EQ.STOCK,2026-07-31
3105.TW,3105,Win Semiconductors Corp,TW,Technology,0.00224,B56LHP5,EQ.STOCK,2026-07-31
600000.SS,600000,Shanghai Pudong Development Bank Co Ltd,CN,Financials,0.00224,BP3R2B7,EQ.STOCK,2026-07-31
8439.T,8439,Tokyo Century Corp,JP,Consumer Discretionary,0.00224,6679794,EQ.STOCK,2026-07-31
CVC.AS,CVC,CVC Capital Partners PLC,NL,Financials,0.00224,BRX9808,EQ.STOCK,2026-07-31
FRA.DE,FRA,Fraport AG Frankfurt Airport Services Worldwide,DE,Industrials,0.00224,7107551,EQ.STOCK,2026-07-31
TEHOL.IS,TEHOL,Tera Yatirim Teknoloji Holding AS,TR,Real Estate,0.00224,B03MT61,EQ.STOCK,2026-07-31
2579.T,2579,Coca-Cola Bottlers Japan Holdings Inc,JP,Consumer Staples,0.00223,6163286,EQ.STOCK,2026-07-31
9024.T,9024,Seibu Holdings Inc,JP,Consumer Discretionary,0.00223,BKY6H35,EQ.STOCK,2026-07-31
EMAARDEV.AE,EMAARDEV,Emaar Development PJSC,AE,Real Estate,0.00223,BDG1977,EQ.STOCK,2026-07-31
IPRU.NS,IPRU,ICICI Prudential Life Insurance Co Ltd,IN,Financials,0.00223,BYXL8H0,EQ.STOCK,2026-07-31
TIINDIA.NS,TIINDIA,Tube Investments of India Ltd,IN,Basic Materials,0.00223,BD3R8D7,EQ.STOCK,2026-07-31
6465.T,6465,Hoshizaki Corp,JP,Industrials,0.00222,B3FF8W8,EQ.STOCK,2026-07-31
HAL.AS,HAL,HAL Trust,NL,Financials,0.00222,4402839,EQ.STOCK,2026-07-31
2809.T,2809,Kewpie Corp,JP,Consumer Staples,0.00221,6714509,EQ.STOCK,2026-07-31
4768.T,4768,Otsuka Corp,JP,Technology,0.0022,6267058,EQ.STOCK,2026-07-31
HCP.NS,HCP,Hindustan Copper Ltd,IN,Basic Materials,0.0022,B02GZ11,EQ.STOCK,2026-07-31
000100.SZ,000100,TCL Technology Group Corp,CN,Technology,0.00219,BD5CP28,EQ.STOCK,2026-07-31
6269.T,6269,Modec Inc,JP,Energy,0.00219,6622806,EQ.STOCK,2026-07-31
6919.TW,6919,Caliway Biopharmaceuticals Co Ltd,TW,Health Care,0.00219,BPDZ051,EQ.STOCK,2026-07-31
CSAN3.SA,CSAN3,Cosan SA,BR,Energy,0.00219,B0P72G5,EQ.STOCK,2026-07-31
KIMBERA.MX,KIMBERA,Kimberly-Clark de Mexico SAB de CV,MX,Consumer Staples,0.00219,2491914,EQ.STOCK,2026-07-31
LTM,LTM,Latam Airlines Group SA,US,Consumer Discretionary,0.00219,BRXG0D6,EQ.DRCPT,2026-07-31
SECO.SR,SECO,Saudi Energy Co,SA,Utilities,0.00219,B132NM2,EQ.STOCK,2026-07-31
SNN.RO,SNN,Societatea Nationala Nuclearelectrica SA,RO,Utilities,0.00219,BCZRRM0,EQ.STOCK,2026-07-31
601985.SS,601985,China National Nuclear Power Co Ltd,CN,Utilities,0.00218,BYQDNJ0,EQ.STOCK,2026-07-31
2333.HK,2333,Great Wall Motor Co Ltd,HK,Consumer Discretionary,0.00217,6718255,EQ.STOCK,2026-07-31
9917.TW,9917,Taiwan Secom Co Ltd,TW,Industrials,0.00217,6877811,EQ.STOCK,2026-07-31
SKBN.TA,SKBN,Shikun & Binui Ltd,IL,Industrials,0.00217,6151292,EQ.STOCK,2026-07-31
0135.HK,135,Kunlun Energy Co Ltd,HK,Energy,0.00216,6340078,EQ.STOCK,2026-07-31
8233.T,8233,Takashimaya Co Ltd,JP,Consumer Discretionary,0.00216,6870401,EQ.STOCK,2026-07-31
1548.HK,1548,Genscript Biotech Corp,HK,Health Care,0.00214,BD9Q2J2,EQ.STOCK,2026-07-31
6302.T,6302,Sumitomo Heavy Industries Ltd,JP,Industrials,0.00214,6858731,EQ.STOCK,2026-07-31
AIRARABI.AE,AIRARABI,Air Arabia PJSC,AE,Consumer Discretionary,0.00214,B23DL40,EQ.STOCK,2026-07-31
LATOB.ST,LATOB,Investment AB Latour,SE,Industrials,0.00214,BZ404X1,EQ.STOCK,2026-07-31
QIIK.QA,QIIK,Qatar International Islamic Bank QSC,QA,Financials,0.00214,6571544,EQ.STOCK,2026-07-31
UI,UI,Ubiquiti Inc,US,Telecommunications,0.00214,BK9Z6V8,EQ.STOCK,2026-07-31
VOW.DE,VOW,Volkswagen AG,DE,Consumer Discretionary,0.00213,5497102,EQ.STOCK,2026-07-31
360ONE.NS,360ONE,360 ONE WAM Ltd,IN,Financials,0.00212,BQKRHR8,EQ.STOCK,2026-07-31
TIMS3.SA,TIMS3,TIM SA/Brazil,BR,Telecommunications,0.00212,BN71RB6,EQ.STOCK,2026-07-31
600062.SS,600062,China Resources Double Crane Pharmaceutical Co Ltd,CN,Health Care,0.00211,BP3R961,EQ.STOCK,2026-07-31
YANSAB.SR,YANSAB,Yanbu National Petrochemical Co,SA,Basic Materials,0.00211,B128CF7,EQ.STOCK,2026-07-31
0241.HK,241,Alibaba Health Information Technology Ltd,HK,Consumer Staples,0.0021,BRXVS60,EQ.STOCK,2026-07-31
066575.KS,066575,LG Electronics Inc,KR,Consumer Discretionary,0.0021,6520966,EQ.PREF,2026-07-31
3986.HK,3986,GigaDevice Semiconductor Inc,HK,Technology,0.0021,BWJFD11,EQ.STOCK,2026-07-31
603288.SS,603288,Foshan Haitian Flavouring & Food Co Ltd,CN,Consumer Staples,0.0021,BTFRHX0,EQ.STOCK,2026-07-31
STM.SI,STM,Seatrium Ltd,SG,Industrials,0.0021,BNZKZY4,EQ.STOCK,2026-07-31
005385.KS,005385,Hyundai Motor Co,KR,Consumer Discretionary,0.00209,6451022,EQ.PREF,2026-07-31
7729.T,7729,Tokyo Seimitsu Co Ltd,JP,Technology,0.00209,6894304,EQ.STOCK,2026-07-31
BH/F.BK,BH/F,Bumrungrad Hospital PCL,TH,Health Care,0.00209,B0166H5,EQ.FSH,2026-07-31
CENCOSUD.SN,CENCOSUD,Cencosud SA,CL,Consumer Staples,0.00209,B00R3L2,EQ.STOCK,2026-07-31
COV.PA,COV,Covivio SA/France,FR,Real Estate,0.00209,7745638,EQ.REIT,2026-07-31
IGO.AX,IGO,IGO Ltd,AU,Basic Materials,0.00209,6439567,EQ.STOCK,2026-07-31
OPTIMA.AT,OPTIMA,Optima bank SA,GR,Financials,0.00209,BL571C1,EQ.STOCK,2026-07-31
2600.HK,2600,Aluminum Corp of China Ltd,HK,Basic Materials,0.00208,6425395,EQ.STOCK,2026-07-31
4626.T,4626,Taiyo Holdings Co Ltd,JP,Basic Materials,0.00208,6871783,EQ.STOCK,2026-07-31
688012.SS,688012,Advanced Micro-Fabrication Equipment Inc China,CN,Technology,0.00208,BK71F66,EQ.STOCK,2026-07-31
688498.SS,688498,Yuanjie Semiconductor Technology Co Ltd,CN,Technology,0.00208,BPXYTJ5,EQ.STOCK,2026-07-31
DEMANT.CO,DEMANT,Demant A/S,DK,Health Care,0.00207,BZ01RF1,EQ.STOCK,2026-07-31
5631.T,5631,Japan Steel Works Ltd/The,JP,Industrials,0.00206,6470685,EQ.STOCK,2026-07-31
600109.SS,600109,Sinolink Securities Co Ltd,CN,Financials,0.00206,BP3R4V1,EQ.STOCK,2026-07-31
IOB.NS,IOB,Indian Overseas Bank,IN,Financials,0.00206,6689953,EQ.STOCK,2026-07-31
3249.T,3249,Industrial & Infrastructure Fund Investment Corp,JP,Real Estate,0.00204,B24HH65,EQ.REIT,2026-07-31
688008.SS,688008,Montage Technology Co Ltd,CN,Technology,0.00204,BK71F77,EQ.STOCK,2026-07-31
GNP.NS,GNP,Glenmark Pharmaceuticals Ltd,IN,Health Care,0.00204,6698755,EQ.STOCK,2026-07-31
HDBFS.NS,HDBFS,HDB Financial Services Ltd,IN,Financials,0.00204,BNDBL41,EQ.STOCK,2026-07-31
600019.SS,600019,Baoshan Iron & Steel Co Ltd,CN,Basic Materials,0.00203,BP3R2Y0,EQ.STOCK,2026-07-31
601880.SS,601880,Liaoning Port Co Ltd,CN,Industrials,0.00203,BP3RBC1,EQ.STOCK,2026-07-31
1969.T,1969,Takasago Thermal Engineering Co Ltd,JP,Industrials,0.00202,6870520,EQ.STOCK,2026-07-31
HVN.AX,HVN,Harvey Norman Holdings Ltd,AU,Consumer Discretionary,0.00202,6173508,EQ.STOCK,2026-07-31
LLOYDSME.NS,LLOYDSME,Lloyds Metals & Energy Ltd,IN,Basic Materials,0.00202,BD3GM43,EQ.STOCK,2026-07-31
LREN3.SA,LREN3,Lojas Renner SA,BR,Consumer Discretionary,0.00202,B0CGYD6,EQ.STOCK,2026-07-31
002916.SZ,002916,Shennan Circuits Co Ltd,CN,Technology,0.00201,BFY8GV7,EQ.STOCK,2026-07-31
8954.T,8954,Orix JREIT Inc,JP,Real Estate,0.00201,6527774,EQ.REIT,2026-07-31
HER.MI,HER,Hera SpA,IT,Utilities,0.00201,7598003,EQ.STOCK,2026-07-31
MTRX.TA,MTRX,Matrix IT Ltd,IL,Technology,0.00201,6747754,EQ.STOCK,2026-07-31
600196.SS,600196,Shanghai Fosun Pharmaceutical Group Co Ltd,CN,Health Care,0.002,BP3R3M5,EQ.STOCK,2026-07-31
2268.HK,2268,WuXi XDC Cayman Inc,HK,Health Care,0.00199,BQHNQ38,EQ.STOCK,2026-07-31
8253.T,8253,Credit Saison Co Ltd,JP,Industrials,0.00199,6591809,EQ.STOCK,2026-07-31
IEYHO.IS,IEYHO,New Issuer: BB Company ID:376108,TR,Consumer Discretionary,0.00199,B03MW84,EQ.STOCK,2026-07-31
003490.KS,003490,Korean Air Lines Co Ltd,KR,Consumer Discretionary,0.00198,6496766,EQ.STOCK,2026-07-31
1209.HK,1209,China Resources Mixc Lifestyle Services Ltd,HK,Real Estate,0.00198,BMXWXT6,EQ.STOCK,2026-07-31
1913.HK,1913,PRADA SpA,HK,Consumer Discretionary,0.00198,B4PFFW4,EQ.STOCK,2026-07-31
7867.T,7867,Tomy Co Ltd,JP,Consumer Discretionary,0.00198,6046923,EQ.STOCK,2026-07-31
8060.T,8060,Canon Marketing Japan Inc,JP,Technology,0.00198,6172453,EQ.STOCK,2026-07-31
KLBN11.SA,KLBN11,Klabin SA,BR,Basic Materials,0.00198,BJ0K6Z9,EQ.STOCK,2026-07-31
SIEM.NS,SIEM,Siemens Ltd,IN,Industrials,0.00198,B15T569,EQ.STOCK,2026-07-31
TPW.NS,TPW,Torrent Power Ltd,IN,Utilities,0.00198,B1JLL30,EQ.STOCK,2026-07-31
1787.HK,1787,Shandong Gold Mining Co Ltd,HK,Basic Materials,0.00197,BFD2096,EQ.STOCK,2026-07-31
ECOPETL.CL,ECOPETL,Ecopetrol SA,CO,Energy,0.00197,B2473N4,EQ.STOCK,2026-07-31
KRDMD.IS,KRDMD,Kardemir Karabuk Demir Celik Sanayi ve Ticaret AS,TR,Basic Materials,0.00197,B03MV32,EQ.STOCK,2026-07-31
MINT/F.BK,MINT/F,Minor International PCL,TH,Consumer Discretionary,0.00197,B018BZ4,EQ.FSH,2026-07-31
SALIK.AE,SALIK,Salik Co PJSC,AE,Industrials,0.00197,BJN5952,EQ.STOCK,2026-07-31
002926.SZ,002926,Huaxi Securities Co Ltd,CN,Financials,0.00196,BHQPRV7,EQ.STOCK,2026-07-31
1519.TW,1519,Fortune Electric Co Ltd,TW,Industrials,0.00196,6347604,EQ.STOCK,2026-07-31
4151.T,4151,Kyowa Kirin Co Ltd,JP,Health Care,0.00196,6499550,EQ.STOCK,2026-07-31
SAHOL.IS,SAHOL,Haci Omer Sabanci Holding AS,TR,Financials,0.00196,B03N0C7,EQ.STOCK,2026-07-31
0384.HK,384,China Gas Holdings Ltd,HK,Utilities,0.00195,6460794,EQ.STOCK,2026-07-31
3769.T,3769,GMO Payment Gateway Inc,JP,Industrials,0.00195,B06CMQ9,EQ.STOCK,2026-07-31
4203.T,4203,Sumitomo Bakelite Co Ltd,JP,Industrials,0.00195,6858504,EQ.STOCK,2026-07-31
ALARKAN.SR,ALARKAN,Dar Al Arkan Real Estate Development Co,SA,Real Estate,0.00195,B2NC4X7,EQ.STOCK,2026-07-31
SCC-R.BK,SCC-R,Siam Cement PCL/The,TH,Industrials,0.00195,6609928,EQ.DRCPT,2026-07-31
002463.SZ,002463,WUS Printed Circuit Kunshan Co Ltd,CN,Technology,0.00194,BD5C7Z5,EQ.STOCK,2026-07-31
002938.SZ,002938,Avary Holding Shenzhen Co Ltd,CN,Technology,0.00194,BKDQ800,EQ.STOCK,2026-07-31
161390.KS,161390,Hankook Tire & Technology Co Ltd,KR,Consumer Discretionary,0.00194,B7T5KQ0,EQ.STOCK,2026-07-31
600872.SS,600872,Jonjee Hi-Tech Industrial And Commercial Holding Co Ltd,CN,Consumer Staples,0.00194,BP3RB10,EQ.STOCK,2026-07-31
ANN.AX,ANN,Ansell Ltd,AU,Health Care,0.00194,6286611,EQ.STOCK,2026-07-31
JD/.L,JD/,JD Sports Fashion PLC,GB,Consumer Discretionary,0.00194,BM8Q5M0,EQ.STOCK,2026-07-31
MBRF3.SA,MBRF3,MBRF Global Foods Co SA,BR,Consumer Staples,0.00194,BV8H6L2,EQ.STOCK,2026-07-31
MOH.AT,MOH,Motor Oil Hellas Corinth Refineries SA,GR,Energy,0.00194,5996234,EQ.STOCK,2026-07-31
0019.HK,19,Swire Pacific Ltd,HK,Consumer Staples,0.00193,6867748,EQ.STOCK,2026-07-31
0142.HK,142,First Pacific Co Ltd,HK,Consumer Staples,0.00193,6339872,EQ.STOCK,2026-07-31
2587.T,2587,Suntory Beverage & Food Ltd,JP,Consumer Staples,0.00193,BBD7Q84,EQ.STOCK,2026-07-31
3064.T,3064,MonotaRO Co Ltd,JP,Consumer Discretionary,0.00193,B1GHR88,EQ.STOCK,2026-07-31
3800.HK,3800,GCL Technology Holdings Ltd,HK,Energy,0.00193,B28XTR4,EQ.STOCK,2026-07-31
5838.T,5838,Rakuten Bank Ltd,JP,Financials,0.00193,BRPTWP9,EQ.STOCK,2026-07-31
601869.SS,601869,Yangtze Optical Fibre & Cable Joint Stock Ltd Co,CN,Telecommunications,0.00193,BF0XD15,EQ.STOCK,2026-07-31
MEGACPO.MX,MEGACPO,Megacable Holdings SAB de CV,MX,Telecommunications,0.00193,B292SM8,EQ.STOCK,2026-07-31
PEPL.NS,PEPL,Prestige Estates Projects Ltd,IN,Real Estate,0.00193,B4T3LF9,EQ.STOCK,2026-07-31
1414.T,1414,SHO-BOND Holdings Co Ltd,JP,Industrials,0.00192,B29T1W0,EQ.STOCK,2026-07-31
3288.T,3288,Open House Group Co Ltd,JP,Real Estate,0.00192,BD3D170,EQ.STOCK,2026-07-31
5832.T,5832,Chugin Financial Group Inc,JP,Financials,0.00192,BP29PY8,EQ.STOCK,2026-07-31
600309.SS,600309,Wanhua Chemical Group Co Ltd,CN,Basic Materials,0.00191,BP3R3S1,EQ.STOCK,2026-07-31
GROWW.NS,GROWW,Billionbrains Garage Ventures Ltd,IN,Financials,0.00191,BTRDH36,EQ.STOCK,2026-07-31
JSW.NS,JSW,JSW Energy Ltd,IN,Utilities,0.00191,B4X3ST8,EQ.STOCK,2026-07-31
PAG.NS,PAG,Page Industries Ltd,IN,Consumer Discretionary,0.00191,B1VJS64,EQ.STOCK,2026-07-31
WAAREEEN.NS,WAAREEEN,WAAREE Energies Ltd,IN,Energy,0.00191,BSFVC74,EQ.STOCK,2026-07-31
2474.TW,2474,Catcher Technology Co Ltd,TW,Technology,0.0019,6186669,EQ.STOCK,2026-07-31
CDB.KL,CDB,CELCOMDIGI BHD,MY,Telecommunications,0.0019,6086242,EQ.STOCK,2026-07-31
FBU.NZ,FBU,Fletcher Building Ltd,NZ,Industrials,0.0019,6341606,EQ.STOCK,2026-07-31
OMAB.MX,OMAB,Grupo Aeroportuario del Centro Norte SAB de CV,MX,Industrials,0.0019,B1KFX13,EQ.STOCK,2026-07-31
PIRC.MI,PIRC,Pirelli & C SpA,IT,Consumer Discretionary,0.0019,BZ5ZHK3,EQ.STOCK,2026-07-31
SCC/F.BK,SCC/F,Siam Cement PCL/The,TH,Industrials,0.0019,6609906,EQ.FSH,2026-07-31
2282.T,2282,NH Foods Ltd,JP,Consumer Staples,0.00189,6640767,EQ.STOCK,2026-07-31
5393.T,5393,Nichias Corp,JP,Industrials,0.00189,6641146,EQ.STOCK,2026-07-31
601881.SS,601881,China Galaxy Securities Co Ltd,CN,Financials,0.00189,BYWPH65,EQ.STOCK,2026-07-31
8418.T,8418,Yamaguchi Financial Group Inc,JP,Financials,0.00189,B1DGKS9,EQ.STOCK,2026-07-31
7951.T,7951,Yamaha Corp,JP,Consumer Discretionary,0.00188,6642387,EQ.STOCK,2026-07-31
EREGL.IS,EREGL,Eregli Demir ve Celik Fabrikalari TAS,TR,Basic Materials,0.00188,B03MS97,EQ.STOCK,2026-07-31
REY.MI,REY,Reply SpA,IT,Technology,0.00188,BZ1DZ96,EQ.STOCK,2026-07-31
TWE.AX,TWE,Treasury Wine Estates Ltd,AU,Consumer Staples,0.00188,B61JC67,EQ.STOCK,2026-07-31
000815.KS,000815,Samsung Fire & Marine Insurance Co Ltd,KR,Financials,0.00187,6155261,EQ.PREF,2026-07-31
2618.HK,2618,JD Logistics Inc,HK,Industrials,0.00187,BNMBPD9,EQ.STOCK,2026-07-31
688525.SS,688525,Biwin Storage Technology Co Ltd,CN,Technology,0.00187,BPH27X5,EQ.STOCK,2026-07-31
7731.T,7731,Nikon Corp,JP,Consumer Discretionary,0.00187,6642321,EQ.STOCK,2026-07-31
ALX.AX,ALX,Atlas Arteria Ltd,AU,Industrials,0.00187,BZ03TZ1,EQ.STOCK,2026-07-31
BBNI.JK,BBNI,Bank Negara Indonesia Persero Tbk PT,ID,Financials,0.00187,6727121,EQ.STOCK,2026-07-31
HOLMB.ST,HOLMB,Holmen AB,SE,Basic Materials,0.00187,BDQQ1Q5,EQ.STOCK,2026-07-31
STRS.TA,STRS,Strauss Group Ltd,IL,Consumer Staples,0.00187,6304115,EQ.STOCK,2026-07-31
WARBABAN.KW,WARBABAN,Warba Bank KSCP,KW,Financials,0.00187,BDD2531,EQ.STOCK,2026-07-31
1929.HK,1929,Chow Tai Fook Jewellery Group Ltd,HK,Consumer Discretionary,0.00186,B4R39F7,EQ.STOCK,2026-07-31
FDJU.PA,FDJU,La Francaise des Jeux SAEM,FR,Consumer Discretionary,0.00186,BG0SC10,EQ.STOCK,2026-07-31
GPL.NS,GPL,Godrej Properties Ltd,IN,Real Estate,0.00186,BGQL729,EQ.STOCK,2026-07-31
KMAR.OL,KMAR,Kongsberg Maritime AS,NO,Industrials,0.00186,BVMZHV9,EQ.STOCK,2026-07-31
LEN-B,LEN/B,Lennar Corp,US,Consumer Discretionary,0.00186,2578293,EQ.STOCK,2026-07-31
SRCM.NS,SRCM,Shree Cement Ltd,IN,Industrials,0.00186,6100357,EQ.STOCK,2026-07-31
036570.KS,036570,NC Corp,KR,Consumer Discretionary,0.00185,6264189,EQ.STOCK,2026-07-31
051915.KS,051915,LG Chem Ltd,KR,Industrials,0.00185,6346924,EQ.PREF,2026-07-31
8304.T,8304,Aozora Bank Ltd,JP,Financials,0.00185,B1G1854,EQ.STOCK,2026-07-31
ELAL.TA,ELAL,El Al Israel Airlines,IL,Consumer Discretionary,0.00185,6632140,EQ.STOCK,2026-07-31
KEII.NS,KEII,KEI Industries Ltd,IN,Industrials,0.00185,B1L9PJ6,EQ.STOCK,2026-07-31
MRF.NS,MRF,MRF Ltd,IN,Consumer Discretionary,0.00185,6214128,EQ.STOCK,2026-07-31
5901.T,5901,Toyo Seikan Group Holdings Ltd,JP,Industrials,0.00184,6900267,EQ.STOCK,2026-07-31
601066.SS,601066,CSC Financial Co Ltd,CN,Financials,0.00184,BDZRFN4,EQ.STOCK,2026-07-31
9064.T,9064,Yamato Holdings Co Ltd,JP,Industrials,0.00184,6985565,EQ.STOCK,2026-07-31
AMV0.DE,AMV0,Aumovio SE,DE,Consumer Discretionary,0.00184,BMYPLM3,EQ.STOCK,2026-07-31
CSG.AS,CSG,CSG NV,NL,Industrials,0.00184,BTQKW99,EQ.STOCK,2026-07-31
GOTO.JK,GOTO,GoTo Gojek Tokopedia Tbk PT,ID,Technology,0.00184,BQ3R601,EQ.STOCK,2026-07-31
1717.TW,1717,Eternal Materials Co Ltd,TW,Basic Materials,0.00183,6318514,EQ.STOCK,2026-07-31
MCY.NZ,MCY,Mercury NZ Ltd,NZ,Utilities,0.00183,B8W6K56,EQ.STOCK,2026-07-31
028300.KS,028300,HLB Co Ltd,KR,Health Care,0.00182,6517407,EQ.STOCK,2026-07-31
4403.T,4403,NOF Corp,JP,Basic Materials,0.00182,6640488,EQ.STOCK,2026-07-31
JDSL.NS,JDSL,Jindal Stainless Ltd,IN,Basic Materials,0.00182,6743257,EQ.STOCK,2026-07-31
NACL.NS,NACL,National Aluminium Co Ltd,IN,Basic Materials,0.00182,6139447,EQ.STOCK,2026-07-31
2912.TW,2912,President Chain Store Corp,TW,Consumer Staples,0.00181,6704986,EQ.STOCK,2026-07-31
600031.SS,600031,Sany Heavy Industry Co Ltd,CN,Industrials,0.00181,BP3R3H0,EQ.STOCK,2026-07-31
600690.SS,600690,Haier Smart Home Co Ltd,CN,Consumer Discretionary,0.00181,BP3R3G9,EQ.STOCK,2026-07-31
T.KL,T,Telekom Malaysia Bhd,MY,Telecommunications,0.00181,6868398,EQ.STOCK,2026-07-31
6818.HK,6818,China Everbright Bank Co Ltd,HK,Financials,0.0018,B5NRRJ0,EQ.STOCK,2026-07-31
ASAI3.SA,ASAI3,Sendas Distribuidora S/A,BR,Consumer Staples,0.0018,BMZ9R04,EQ.STOCK,2026-07-31
BOQ.AX,BOQ,Bank of Queensland Ltd,AU,Financials,0.0018,6076243,EQ.STOCK,2026-07-31
REH.AX,REH,Reece Ltd,AU,Industrials,0.0018,6728801,EQ.STOCK,2026-07-31
1504.TW,1504,Teco Electric and Machinery Co Ltd,TW,Industrials,0.00179,6879851,EQ.STOCK,2026-07-31
600887.SS,600887,Inner Mongolia Yili Industrial Group Co Ltd,CN,Consumer Staples,0.00179,BP3R2V7,EQ.STOCK,2026-07-31
601336.SS,601336,New China Life Insurance Co Ltd,CN,Financials,0.00179,BP3R3F8,EQ.STOCK,2026-07-31
SW.PA,SW,Sodexo SA,FR,Consumer Discretionary,0.00178,7062713,EQ.STOCK,2026-07-31
0168.HK,168,Tsingtao Brewery Co Ltd,HK,Consumer Staples,0.00177,6905808,EQ.STOCK,2026-07-31
ITCHOTEL.NS,ITCHOTEL,New Issuer: BB Company ID:183206,IN,Consumer Discretionary,0.00177,BRVVXW3,EQ.STOCK,2026-07-31
PONY,PONY,New Issuer: BB Company ID:71327236,US,Industrials,0.00177,BRWKBD6,EQ.DRCPT,2026-07-31
TRUE/F.BK,TRUE/F,True Corp PCL,TH,Telecommunications,0.00177,BQKRHQ7,EQ.FSH,2026-07-31
4385.T,4385,Mercari Inc,JP,Technology,0.00176,BG0GM14,EQ.STOCK,2026-07-31
6368.T,6368,Organo Corp,JP,Industrials,0.00176,6470522,EQ.STOCK,2026-07-31
6936.HK,6936,SF Holding Co Ltd,HK,Industrials,0.00176,BRWL0W1,EQ.STOCK,2026-07-31
BBDC3.SA,BBDC3,Banco Bradesco SA,BR,Financials,0.00176,B00FM86,EQ.STOCK,2026-07-31
009830.KS,009830,Hanwha Solutions Corp,KR,Energy,0.00175,6407768,EQ.STOCK,2026-07-31
600050.SS,600050,China United Network Communications Ltd,CN,Telecommunications,0.00175,BP3R2X9,EQ.STOCK,2026-07-31
8955.T,8955,Japan Prime Realty Investment Corp,JP,Real Estate,0.00175,6528175,EQ.REIT,2026-07-31
0425.HK,425,Minth Group Ltd,HK,Consumer Discretionary,0.00174,B0RJCG9,EQ.STOCK,2026-07-31
2492.TW,2492,Walsin Technology Corp,TW,Technology,0.00174,6089694,EQ.STOCK,2026-07-31
5344.T,5344,Maruwa Co Ltd/Aichi,JP,Industrials,0.00174,6570660,EQ.STOCK,2026-07-31
5991.T,5991,NHK Spring Co Ltd,JP,Consumer Discretionary,0.00174,6619648,EQ.STOCK,2026-07-31
600919.SS,600919,Bank of Jiangsu Co Ltd,CN,Financials,0.00174,BYW5MY8,EQ.STOCK,2026-07-31
9001.T,9001,Tobu Railway Co Ltd,JP,Industrials,0.00174,6895169,EQ.STOCK,2026-07-31
2615.TW,2615,Wan Hai Lines Ltd,TW,Industrials,0.00173,6932334,EQ.STOCK,2026-07-31
300274.SZ,300274,Sungrow Power Supply Co Ltd,CN,Energy,0.00173,BD5CGB4,EQ.STOCK,2026-07-31
MFT.NZ,MFT,Mainfreight Ltd,NZ,Industrials,0.00173,6603038,EQ.STOCK,2026-07-31
SHA0.DE,SHA0,Schaeffler AG,DE,Consumer Discretionary,0.00173,BV5F6V9,EQ.STOCK,2026-07-31
JKCE.NS,JKCE,JK Cement Ltd,IN,Industrials,0.00172,B0CJ800,EQ.STOCK,2026-07-31
MTELEKOM.BD,MTELEKOM,Magyar Telekom Telecommunications PLC,HU,Telecommunications,0.00172,4577469,EQ.STOCK,2026-07-31
000513.SZ,000513,Livzon Pharmaceutical Group Inc,CN,Health Care,0.00171,BD5CQ25,EQ.STOCK,2026-07-31
0902.HK,902,Huaneng Power International Inc,HK,Utilities,0.00171,6099671,EQ.STOCK,2026-07-31
5233.T,5233,Taiheiyo Cement Corp,JP,Industrials,0.00171,6660204,EQ.STOCK,2026-07-31
600029.SS,600029,China Southern Airlines Co Ltd,CN,Consumer Discretionary,0.00171,BP3R6G0,EQ.STOCK,2026-07-31
600905.SS,600905,China Three Gorges Renewables Group Co Ltd,CN,Utilities,0.00171,BP91P36,EQ.STOCK,2026-07-31
7649.T,7649,Sugi Holdings Co Ltd,JP,Consumer Staples,0.0017,6259011,EQ.STOCK,2026-07-31
8984.T,8984,Daiwa House REIT Investment Corp,JP,Real Estate,0.0017,B0Z6WY0,EQ.REIT,2026-07-31
OFSS.NS,OFSS,Oracle Financial Services Software Ltd,IN,Technology,0.0017,6528443,EQ.STOCK,2026-07-31
000001.SZ,000001,Ping An Bank Co Ltd,CN,Financials,0.00169,BD5CPS4,EQ.STOCK,2026-07-31
3998.HK,3998,Bosideng International Holdings Ltd,HK,Consumer Discretionary,0.00169,B24FZ32,EQ.STOCK,2026-07-31
1776.HK,1776,GF Securities Co Ltd,HK,Financials,0.00168,BW4NKK8,EQ.STOCK,2026-07-31
6141.T,6141,DMG Mori Co Ltd,JP,Industrials,0.00168,6602563,EQ.STOCK,2026-07-31
BLSTR.NS,BLSTR,Blue Star Ltd,IN,Industrials,0.00168,B1FDHG5,EQ.STOCK,2026-07-31
GENTERA*.MX,GENTERA*,Gentera SAB de CV,MX,Financials,0.00168,BHWQZW1,EQ.STOCK,2026-07-31
PI.NS,PI,PI Industries Ltd,IN,Basic Materials,0.00168,B992PT3,EQ.STOCK,2026-07-31
298380.KS,298380,ABLBio Inc,KR,Health Care,0.00167,BH3Q8S7,EQ.STOCK,2026-07-31
6305.T,6305,Hitachi Construction Machinery Co Ltd,JP,Industrials,0.00167,6429405,EQ.STOCK,2026-07-31
8TRA.DE,8TRA,Traton SE,DE,Industrials,0.00167,BKF1H51,EQ.STOCK,2026-07-31
0270.HK,270,Guangdong Investment Ltd,HK,Utilities,0.00166,6913168,EQ.STOCK,2026-07-31
CPF/F.BK,CPF/F,Charoen Pokphand Foods PCL,TH,Consumer Staples,0.00166,B5L2DG6,EQ.FSH,2026-07-31
600362.SS,600362,Jiangxi Copper Co Ltd,CN,Basic Materials,0.00165,BP3R4R7,EQ.STOCK,2026-07-31
BANB.SW,BANB,Bachem Holding AG,CH,Health Care,0.00165,BMXVKB4,EQ.STOCK,2026-07-31
STR.VI,STR,Strabag SE,AT,Industrials,0.00165,B28DT41,EQ.STOCK,2026-07-31
1364.HK,1364,Guming Holdings Ltd,HK,Consumer Discretionary,0.00164,BQPCNJ2,EQ.STOCK,2026-07-31
5076.T,5076,INFRONEER Holdings Inc,JP,Industrials,0.00164,BLGYFQ3,EQ.STOCK,2026-07-31
601868.SS,601868,China Energy Engineering Corp Ltd,CN,Industrials,0.00164,BP2DDJ1,EQ.STOCK,2026-07-31
APAT.NS,APAT,APL Apollo Tubes Ltd,IN,Basic Materials,0.00164,BNDTGN9,EQ.STOCK,2026-07-31
CIT.SI,CIT,City Developments Ltd,SG,Real Estate,0.00164,6197928,EQ.STOCK,2026-07-31
300408.SZ,300408,Chaozhou Three-Circle Group Co Ltd,CN,Technology,0.00163,BD5CLT7,EQ.STOCK,2026-07-31
6526.T,6526,Socionext Inc,JP,Technology,0.00163,BMTVX75,EQ.STOCK,2026-07-31
BRAV3.SA,BRAV3,Brava Energia,BR,Energy,0.00163,BQB4358,EQ.STOCK,2026-07-31
ENRIN.NS,ENRIN,Siemens Energy India Ltd,IN,Industrials,0.00163,BTWMYX7,EQ.STOCK,2026-07-31
NAM.NS,NAM,Nippon Life India Asset Management Ltd,IN,Financials,0.00163,BF29PR1,EQ.STOCK,2026-07-31
000060.SZ,000060,Shenzhen Zhongjin Lingnan Nonfemet Co Ltd,CN,Basic Materials,0.00162,BD5CLW0,EQ.STOCK,2026-07-31
064400.KS,064400,LG CNS Co Ltd,KR,Technology,0.00162,BRBQWR6,EQ.STOCK,2026-07-31
6323.T,6323,Rorze Corp,JP,Technology,0.00161,6096650,EQ.STOCK,2026-07-31
6417.T,6417,Sankyo Co Ltd,JP,Consumer Discretionary,0.00161,6775432,EQ.STOCK,2026-07-31
1357.HK,1357,Meitu Inc,HK,Technology,0.0016,BYYNH90,EQ.STOCK,2026-07-31
CHOLAHLD.NS,CHOLAHLD,Cholamandalam Financial Holdings Ltd,IN,Financials,0.0016,BF93XC7,EQ.STOCK,2026-07-31
PTTGC/F.BK,PTTGC/F,PTT Global Chemical PCL,TH,Basic Materials,0.0016,B736PF3,EQ.FSH,2026-07-31
6923.T,6923,Stanley Electric Co Ltd,JP,Consumer Discretionary,0.00159,6841106,EQ.STOCK,2026-07-31
ANDINAB.SN,ANDINAB,Embotelladora Andina SA,CL,Consumer Staples,0.00159,2311454,EQ.PREF,2026-07-31
NEXI.MI,NEXI,Nexi SpA,IT,Industrials,0.00159,BJ1F880,EQ.STOCK,2026-07-31
YKBNK.IS,YKBNK,Yapi ve Kredi Bankasi AS,TR,Financials,0.00159,B03MZJ6,EQ.STOCK,2026-07-31
000657.SZ,000657,China Tungsten And Hightech Materials Co Ltd,CN,Basic Materials,0.00158,BD5M023,EQ.STOCK,2026-07-31
0322.HK,322,Tingyi Cayman Islands Holding Corp,HK,Consumer Staples,0.00158,6903556,EQ.STOCK,2026-07-31
2871.T,2871,Nichirei Corp,JP,Consumer Staples,0.00158,6640864,EQ.STOCK,2026-07-31
603986.SS,603986,GigaDevice Semiconductor Inc,CN,Technology,0.00158,BHWLWF8,EQ.STOCK,2026-07-31
7180.T,7180,Kyushu Financial Group Inc,JP,Financials,0.00158,BYZ5XN1,EQ.STOCK,2026-07-31
ALKEM.NS,ALKEM,Alkem Laboratories Ltd,IN,Health Care,0.00158,BYY2WB4,EQ.STOCK,2026-07-31
MMFS.NS,MMFS,Mahindra & Mahindra Financial Services Ltd,IN,Financials,0.00158,B8F8822,EQ.STOCK,2026-07-31
ADNOCLS.AE,ADNOCLS,ADNOC Logistics & Services,AE,Industrials,0.00157,BRBN103,EQ.STOCK,2026-07-31
CRIN.NS,CRIN,Coromandel International Ltd,IN,Basic Materials,0.00157,B0VDZN5,EQ.STOCK,2026-07-31
ENKAI.IS,ENKAI,Enka Insaat ve Sanayi AS,TR,Industrials,0.00157,B03MS64,EQ.STOCK,2026-07-31
PARKIN.AE,PARKIN,Parkin Co PJSC,AE,Industrials,0.00157,BRRGQF6,EQ.STOCK,2026-07-31
THBEV.SI,THBEV,Thai Beverage PCL,SG,Consumer Staples,0.00157,B15F664,EQ.STOCK,2026-07-31
SAIL.NS,SAIL,Steel Authority of India Ltd,IN,Basic Materials,0.00156,6121499,EQ.STOCK,2026-07-31
443060.KS,443060,HD Hyundai Marine Solution Co Ltd,KR,Industrials,0.00155,BRJRZT4,EQ.STOCK,2026-07-31
4613.T,4613,Kansai Paint Co Ltd,JP,Industrials,0.00155,6483746,EQ.STOCK,2026-07-31
688271.SS,688271,Shanghai United Imaging Healthcare Co Ltd,CN,Health Care,0.00155,BN4P5F1,EQ.STOCK,2026-07-31
AXFO.ST,AXFO,Axfood AB,SE,Consumer Staples,0.00155,BVGH0K1,EQ.STOCK,2026-07-31
DABUR.NS,DABUR,Dabur India Ltd,IN,Consumer Staples,0.00155,6297356,EQ.STOCK,2026-07-31
KEN.TA,KEN,Kenon Holdings Ltd/Singapore,IL,Utilities,0.00155,BV8WW64,EQ.STOCK,2026-07-31
TLX.AX,TLX,Telix Pharmaceuticals Ltd,AU,Health Care,0.00155,BF7M092,EQ.STOCK,2026-07-31
1882.HK,1882,Haitian International Holdings Ltd,HK,Industrials,0.00154,B1L2RC2,EQ.STOCK,2026-07-31
688469.SS,688469,United Nova Technology Co Ltd,CN,Technology,0.00154,BSY23F3,EQ.STOCK,2026-07-31
SIGMAFA.MX,SIGMAFA,Sigma Foods SAB de CV,MX,Consumer Staples,0.00154,2043423,EQ.STOCK,2026-07-31
YTLP.KL,YTLP,YTL Power International Bhd,MY,Utilities,0.00154,B01GQS6,EQ.STOCK,2026-07-31
1959.T,1959,Kraftia Corp,JP,Industrials,0.00153,6499969,EQ.STOCK,2026-07-31
ZYDUSLIF.NS,ZYDUSLIF,Zydus Lifesciences Ltd,IN,Health Care,0.00153,BYM8TG8,EQ.STOCK,2026-07-31
AJP.NS,AJP,Ajanta Pharma Ltd,IN,Health Care,0.00152,BWFGD74,EQ.STOCK,2026-07-31
ALUP11.SA,ALUP11,Alupar Investimento SA,BR,Utilities,0.00152,B8DWT90,EQ.STOCK,2026-07-31
KALYANKJ.NS,KALYANKJ,Kalyan Jewellers India Ltd,IN,Consumer Discretionary,0.00152,BMYLJB6,EQ.STOCK,2026-07-31
001309.SZ,001309,Shenzhen Techwinsemi Technology Co Ltd,CN,Technology,0.00151,BQWRVY1,EQ.STOCK,2026-07-31
8252.T,8252,Marui Group Co Ltd,JP,Financials,0.00151,6569527,EQ.STOCK,2026-07-31
900948.SS,900948,Inner Mongolia Yitai Coal Co Ltd,CN,Energy,0.00151,6019011,EQ.STOCK,2026-07-31
HAGA.IC,HAGA,Hagar hf,IS,Consumer Discretionary,0.00151,B7FQWX8,EQ.STOCK,2026-07-31
PEP.KL,PEP,PPB Group Bhd,MY,Consumer Staples,0.00151,6681669,EQ.STOCK,2026-07-31
0763.HK,763,ZTE Corp,HK,Telecommunications,0.0015,B04KP88,EQ.STOCK,2026-07-31
2577.HK,2577,InnoScience Suzhou Technology Holding Co Ltd,HK,Technology,0.0015,BRT4261,EQ.STOCK,2026-07-31
6460.T,6460,Sega Sammy Holdings Inc,JP,Consumer Discretionary,0.0015,B02RK08,EQ.STOCK,2026-07-31
9831.T,9831,Yamada Holdings Co Ltd,JP,Consumer Discretionary,0.0015,6985026,EQ.STOCK,2026-07-31
ALOS3.SA,ALOS3,Allos SA,BR,Real Estate,0.0015,BMHVKZ4,EQ.STOCK,2026-07-31
1157.HK,1157,Zoomlion Heavy Industry Science and Technology Co Ltd,HK,Industrials,0.00149,B544N70,EQ.STOCK,2026-07-31
600176.SS,600176,China Jushi Co Ltd,CN,Basic Materials,0.00149,BP3RDW5,EQ.STOCK,2026-07-31
BRPT.JK,BRPT,Barito Pacific Tbk PT,ID,Basic Materials,0.00149,6070706,EQ.STOCK,2026-07-31
SBICARD.NS,SBICARD,SBI Cards & Payment Services Ltd,IN,Financials,0.00149,BKPFMG9,EQ.STOCK,2026-07-31
SPK.NZ,SPK,Spark New Zealand Ltd,NZ,Telecommunications,0.00149,6881436,EQ.STOCK,2026-07-31
323410.KS,323410,KakaoBank Corp,KR,Financials,0.00148,BNXKTM2,EQ.STOCK,2026-07-31
600989.SS,600989,Ningxia Baofeng Energy Group Co Ltd,CN,Basic Materials,0.00148,BK4XS99,EQ.STOCK,2026-07-31
6268.T,6268,Nabtesco Corp,JP,Industrials,0.00148,6687571,EQ.STOCK,2026-07-31
ASTOR.IS,ASTOR,Astor Transformator Enerji Turizm Insaat Ve Petrol Sanayi Ticaret AS,TR,Industrials,0.00148,BMHB9P7,EQ.STOCK,2026-07-31
0780.HK,780,Tongcheng Travel Holdings Ltd,HK,Consumer Discretionary,0.00147,BGM5R25,EQ.STOCK,2026-07-31
3226.T,3226,Mitsui Fudosan Accommodations Fund Inc,JP,Real Estate,0.00147,B182BB2,EQ.REIT,2026-07-31
6181.HK,6181,Laopu Gold Co Ltd,HK,Consumer Discretionary,0.00147,BS854D3,EQ.STOCK,2026-07-31
ATHM,ATHM,Autohome Inc,US,Technology,0.00147,BH5QGR0,EQ.DRCPT,2026-07-31
CENOMICE.SR,CENOMICE,Arabian Centres Co,SA,Real Estate,0.00147,BKBF694,EQ.STOCK,2026-07-31
CXSE3.SA,CXSE3,Caixa Seguridade Participacoes S/A,BR,Financials,0.00147,BMDWWN3,EQ.STOCK,2026-07-31
MPACT.SI,MPACT,Mapletree Pan Asia Commercial Trust,SG,Real Estate,0.00147,B5143W8,EQ.REIT,2026-07-31
PIRAMALF.NS,PIRAMALF,Piramal Finance Ltd,IN,Financials,0.00147,BRC1TM4,EQ.STOCK,2026-07-31
002460.SZ,002460,Ganfeng Lithium Group Co Ltd,CN,Basic Materials,0.00146,BD5CB19,EQ.STOCK,2026-07-31
0285.HK,285,BYD Electronic International Co Ltd,HK,Telecommunications,0.00146,B29SHS5,EQ.STOCK,2026-07-31
1910.HK,1910,Samsonite International SA,HK,Consumer Discretionary,0.00146,B4Q1532,EQ.STOCK,2026-07-31
CEMARGOS.CL,CEMARGOS,Cementos Argos SA,CO,Industrials,0.00146,B89Z692,EQ.STOCK,2026-07-31
DWS.DE,DWS,DWS Group GmbH & Co KGaA,DE,Financials,0.00146,BFMHVQ6,EQ.STOCK,2026-07-31
2002.T,2002,Nisshin Seifun Group Inc,JP,Consumer Staples,0.00145,6640961,EQ.STOCK,2026-07-31
300394.SZ,300394,Suzhou TFC Optical Communication Co Ltd,CN,Telecommunications,0.00145,BL5P4J3,EQ.STOCK,2026-07-31
3309.T,3309,Sekisui House Reit Inc,JP,Real Estate,0.00145,BSKRKL7,EQ.REIT,2026-07-31
OTOEL.AT,OTOEL,Autohellas Tourist and Trading SA,GR,Consumer Discretionary,0.00145,BDZTGG0,EQ.STOCK,2026-07-31
2212.T,2212,Yamazaki Baking Co Ltd,JP,Consumer Staples,0.00144,6985509,EQ.STOCK,2026-07-31
5483.TW,5483,Sino-American Silicon Products Inc,TW,Technology,0.00144,6335278,EQ.STOCK,2026-07-31
600585.SS,600585,Anhui Conch Cement Co Ltd,CN,Industrials,0.00144,BP3R2Z1,EQ.STOCK,2026-07-31
6409.TW,6409,Voltronic Power Technology Corp,TW,Industrials,0.00144,B96HCH8,EQ.STOCK,2026-07-31
IPCA.NS,IPCA,Ipca Laboratories Ltd,IN,Health Care,0.00144,BMX7Q69,EQ.STOCK,2026-07-31
KBANK-R.BK,KBANK-R,Kasikornbank PCL,TH,Financials,0.00144,6364766,EQ.DRCPT,2026-07-31
1099.HK,1099,Sinopharm Group Co Ltd,HK,Consumer Staples,0.00143,B3ZVDV0,EQ.STOCK,2026-07-31
3269.T,3269,Advance Residence Investment Corp,JP,Real Estate,0.00143,B62WZW2,EQ.REIT,2026-07-31
600150.SS,600150,China CSSC Holdings Ltd,CN,Industrials,0.00143,BP3R4N3,EQ.STOCK,2026-07-31
6969.HK,6969,Smoore International Holdings Ltd,HK,Consumer Staples,0.00143,BKWGSQ7,EQ.STOCK,2026-07-31
9533.T,9533,Toho Gas Co Ltd,JP,Utilities,0.00143,6895222,EQ.STOCK,2026-07-31
HYPE3.SA,HYPE3,Hypera SA,BR,Health Care,0.00143,B2QY968,EQ.STOCK,2026-07-31
CRC/F.BK,CRC/F,Central Retail Corp PCL,TH,Consumer Discretionary,0.00142,BKV1PT5,EQ.FSH,2026-07-31
ROCKB.CO,ROCKB,ROCKWOOL A/S,DK,Industrials,0.00142,BRJCHK4,EQ.STOCK,2026-07-31
090430.KS,090430,Amorepacific Corp,KR,Consumer Discretionary,0.00141,B15SK50,EQ.STOCK,2026-07-31
0916.HK,916,China Longyuan Power Group Corp Ltd,HK,Utilities,0.00141,B4Q2TX3,EQ.STOCK,2026-07-31
7988.T,7988,Nifco Inc/Japan,JP,Consumer Discretionary,0.00141,6639163,EQ.STOCK,2026-07-31
SUNMED.KL,SUNMED,Sunway Healthcare Holdings bhd,MY,Health Care,0.00141,BT02JC3,EQ.STOCK,2026-07-31
0008.HK,8,PCCW Ltd,HK,Telecommunications,0.0014,6574071,EQ.STOCK,2026-07-31
600183.SS,600183,Shengyi Technology Co Ltd,CN,Technology,0.0014,BP3RC39,EQ.STOCK,2026-07-31
6324.T,6324,Harmonic Drive Systems Inc,JP,Industrials,0.0014,6108179,EQ.STOCK,2026-07-31
9468.T,9468,Kadokawa Corp,JP,Consumer Discretionary,0.0014,BQQ1JP6,EQ.STOCK,2026-07-31
4733.T,4733,OBIC Business Consultants Co Ltd,JP,Technology,0.00139,6174620,EQ.STOCK,2026-07-31
601225.SS,601225,Shaanxi Coal Industry Co Ltd,CN,Energy,0.00139,BS7K5P8,EQ.STOCK,2026-07-31
MPHC.QA,MPHC,Mesaieed Petrochemical Holding Co,QA,Basic Materials,0.00139,BK4Z0B1,EQ.STOCK,2026-07-31
PNB.NS,PNB,Punjab National Bank,IN,Financials,0.00139,BTDV035,EQ.STOCK,2026-07-31
0914.HK,914,Anhui Conch Cement Co Ltd,HK,Industrials,0.00138,6080396,EQ.STOCK,2026-07-31
4912.T,4912,Lion Corp,JP,Consumer Staples,0.00138,6518808,EQ.STOCK,2026-07-31
600111.SS,600111,China Northern Rare Earth Group High-Tech Co Ltd,CN,Basic Materials,0.00138,BP3R370,EQ.STOCK,2026-07-31
INW.MI,INW,Infrastrutture Wireless Italiane SpA,IT,Telecommunications,0.00138,BZ0P4R4,EQ.STOCK,2026-07-31
SI.NS,SI,Supreme Industries Ltd,IN,Industrials,0.00138,6136073,EQ.STOCK,2026-07-31
600489.SS,600489,Zhongjin Gold Corp Ltd,CN,Basic Materials,0.00137,BP3R585,EQ.STOCK,2026-07-31
603893.SS,603893,Rockchip Electronics Co Ltd,CN,Technology,0.00137,BL58MB0,EQ.STOCK,2026-07-31
9076.T,9076,Seino Holdings Co Ltd,JP,Industrials,0.00137,6793423,EQ.STOCK,2026-07-31
YTL.KL,YTL,YTL Corp Bhd,MY,Utilities,0.00137,6436126,EQ.STOCK,2026-07-31
4902.T,4902,Konica Minolta Inc,JP,Technology,0.00136,6496700,EQ.STOCK,2026-07-31
6005.T,6005,Miura Co Ltd,JP,Industrials,0.00136,6597777,EQ.STOCK,2026-07-31
6728.T,6728,Ulvac Inc,JP,Technology,0.00136,6599483,EQ.STOCK,2026-07-31
9202.T,9202,ANA Holdings Inc,JP,Consumer Discretionary,0.00136,6014908,EQ.STOCK,2026-07-31
BBAJIOO.MX,BBAJIOO,Banco del Bajio SA,MX,Financials,0.00136,BYSX0F3,EQ.STOCK,2026-07-31
CBK.NS,CBK,Canara Bank,IN,Financials,0.00136,BS5WYP9,EQ.STOCK,2026-07-31
IJM.KL,IJM,IJM Corp Bhd,MY,Industrials,0.00136,6455217,EQ.STOCK,2026-07-31
RRTL.DE,RRTL,RTL Group SA,DE,Consumer Discretionary,0.00136,B1BK209,EQ.STOCK,2026-07-31
2371.TW,2371,Tatung Co Ltd,TW,Industrials,0.00134,6875677,EQ.STOCK,2026-07-31
8227.T,8227,Shimamura Co Ltd,JP,Consumer Discretionary,0.00134,6804035,EQ.STOCK,2026-07-31
HZ.NS,HZ,Hindustan Zinc Ltd,IN,Basic Materials,0.00134,6139726,EQ.STOCK,2026-07-31
002202.SZ,002202,Goldwind Science & Technology Co Ltd,CN,Energy,0.00133,BD5CQ58,EQ.STOCK,2026-07-31
5110.T,5110,Sumitomo Rubber Industries Ltd,JP,Consumer Discretionary,0.00133,6858991,EQ.STOCK,2026-07-31
9995.HK,9995,Remegen Co Ltd,HK,Health Care,0.00133,BMC6XV1,EQ.STOCK,2026-07-31
OINL.NS,OINL,Oil India Ltd,IN,Energy,0.00133,B409HQ9,EQ.STOCK,2026-07-31
2367.HK,2367,Giant Biogene Holding Co ltd,HK,Consumer Staples,0.00132,BNNJRV4,EQ.STOCK,2026-07-31
271560.KS,271560,Orion Corp/Republic of Korea,KR,Consumer Staples,0.00132,BDVLJ72,EQ.STOCK,2026-07-31
300124.SZ,300124,Shenzhen Inovance Technology Co Ltd,CN,Industrials,0.00132,BD5CMN8,EQ.STOCK,2026-07-31
5021.T,5021,Cosmo Energy Holdings Co Ltd,JP,Energy,0.00132,BYSJJ43,EQ.STOCK,2026-07-31
6082.HK,6082,Shanghai Biren Technology Co Ltd,HK,Technology,0.00132,BV6GRF2,EQ.STOCK,2026-07-31
6862.HK,6862,Haidilao International Holding Ltd,HK,Consumer Discretionary,0.00132,BGN9715,EQ.STOCK,2026-07-31
8410.T,8410,Seven Bank Ltd,JP,Financials,0.00132,B2NT8S1,EQ.STOCK,2026-07-31
MAXIS.KL,MAXIS,Maxis Bhd,MY,Telecommunications,0.00132,B5387L5,EQ.STOCK,2026-07-31
TAIBA.SR,TAIBA,Taiba Investments Co,SA,Real Estate,0.00132,B128GZ5,EQ.STOCK,2026-07-31
0013.HK,13,HUTCHMED China Ltd,HK,Health Care,0.00131,BNTDT81,EQ.STOCK,2026-07-31
002493.SZ,002493,Rongsheng Petrochemical Co Ltd,CN,Basic Materials,0.00131,BD5CL20,EQ.STOCK,2026-07-31
0960.HK,960,Longfor Group Holdings Ltd,HK,Real Estate,0.00131,B56KLY9,EQ.STOCK,2026-07-31
601668.SS,601668,China State Construction Engineering Corp Ltd,CN,Industrials,0.00131,BP3R2Q2,EQ.STOCK,2026-07-31
9688.HK,9688,Zai Lab Ltd,HK,Health Care,0.00131,BP8L269,EQ.STOCK,2026-07-31
EGCO/F.BK,EGCO/F,Electricity Generating PCL,TH,Utilities,0.00131,6304643,EQ.FSH,2026-07-31
SGM.AX,SGM,Sims Ltd,AU,Utilities,0.00131,B0LCW75,EQ.STOCK,2026-07-31
TAWUNIYA.SR,TAWUNIYA,Co for Cooperative Insurance/The,SA,Financials,0.00131,B128FN6,EQ.STOCK,2026-07-31
180640.KS,180640,Hanjin Kal Corp,KR,Consumer Discretionary,0.0013,BCGD8Q8,EQ.STOCK,2026-07-31
300033.SZ,300033,Hithink RoyalFlush Information Network Co Ltd,CN,Technology,0.0013,BD5CN46,EQ.STOCK,2026-07-31
3774.T,3774,Internet Initiative Japan Inc,JP,Telecommunications,0.0013,B05H328,EQ.STOCK,2026-07-31
9142.T,9142,Kyushu Railway Co,JP,Consumer Discretionary,0.0013,BD2BST6,EQ.STOCK,2026-07-31
DLEKG.TA,DLEKG,Delek Group Ltd,IL,Energy,0.0013,6219640,EQ.STOCK,2026-07-31
MVNE.TA,MVNE,Mivne Real Estate KD Ltd,IL,Real Estate,0.0013,6416980,EQ.STOCK,2026-07-31
NMDC.NS,NMDC,NMDC Ltd,IN,Basic Materials,0.0013,6148119,EQ.STOCK,2026-07-31
SIE.SI,SIE,SIA Engineering Co Ltd,SG,Industrials,0.0013,6243597,EQ.STOCK,2026-07-31
0968.HK,968,Xinyi Solar Holdings Ltd,HK,Energy,0.00129,BGQYNN1,EQ.STOCK,2026-07-31
600875.SS,600875,Dongfang Electric Corp Ltd,CN,Energy,0.00129,BP3R604,EQ.STOCK,2026-07-31
600959.SS,600959,Jiangsu Broadcasting Cable Information Network Corp Ltd,CN,Telecommunications,0.00128,BYQDMC6,EQ.STOCK,2026-07-31
6505.TW,6505,Formosa Petrochemical Corp,TW,Energy,0.00128,6718716,EQ.STOCK,2026-07-31
9899.HK,9899,Cloud Music Inc,HK,Consumer Discretionary,0.00128,BP2TRS6,EQ.STOCK,2026-07-31
002340.SZ,002340,GEM Co Ltd,CN,Basic Materials,0.00127,BD5CFW8,EQ.STOCK,2026-07-31
002714.SZ,002714,Muyuan Foods Group Co Ltd,CN,Consumer Staples,0.00127,BD5CJX7,EQ.STOCK,2026-07-31
4887.T,4887,Sawai Group Holdings Co Ltd,JP,Health Care,0.00127,BMC9NN2,EQ.STOCK,2026-07-31
600409.SS,600409,Tangshan Sanyou Chemical Industries Co Ltd,CN,Basic Materials,0.00127,BP3RB98,EQ.STOCK,2026-07-31
600703.SS,600703,Sanan Optoelectronics Co Ltd,CN,Technology,0.00127,BP3R3R0,EQ.STOCK,2026-07-31
7984.T,7984,Kokuyo Co Ltd,JP,Industrials,0.00127,6496506,EQ.STOCK,2026-07-31
ALI.PS,ALI,Ayala Land Inc,PH,Real Estate,0.00127,6055112,EQ.STOCK,2026-07-31
GRUMAB.MX,GRUMAB,Gruma SAB de CV,MX,Consumer Staples,0.00127,2392545,EQ.STOCK,2026-07-31
NHPC.NS,NHPC,NHPC Ltd,IN,Utilities,0.00127,B233LP1,EQ.STOCK,2026-07-31
078930.KS,078930,GS Holdings Corp,KR,Industrials,0.00126,B01RJV3,EQ.STOCK,2026-07-31
3038.T,3038,Kobe Bussan Co Ltd,JP,Consumer Staples,0.00126,B14RJB7,EQ.STOCK,2026-07-31
2609.TW,2609,Yang Ming Marine Transport Corp,TW,Industrials,0.00125,6987583,EQ.STOCK,2026-07-31
4680.T,4680,Round One Corp,JP,Consumer Discretionary,0.00125,6248365,EQ.STOCK,2026-07-31
0136.HK,136,China Ruyi Holdings Ltd,HK,Consumer Discretionary,0.00124,BMDMJ87,EQ.STOCK,2026-07-31
051900.KS,051900,LG H&H Co Ltd,KR,Consumer Staples,0.00124,6344456,EQ.STOCK,2026-07-31
300476.SZ,300476,Victory Giant Technology Huizhou Co Ltd,CN,Technology,0.00124,BD76164,EQ.STOCK,2026-07-31
601228.SS,601228,Guangzhou Port Co Ltd,CN,Industrials,0.00124,BFB4KJ4,EQ.STOCK,2026-07-31
8YZ.SI,8YZ,Yangzijiang Maritime Development Ltd,SG,Financials,0.00124,BVSYC71,EQ.STOCK,2026-07-31
MDKA.JK,MDKA,Merdeka Copper Gold Tbk PT,ID,Basic Materials,0.00124,BZ0W5W7,EQ.STOCK,2026-07-31
241560.KS,241560,Doosan Bobcat Inc,KR,Industrials,0.00123,BYX9GP8,EQ.STOCK,2026-07-31
DRD.JO,DRD,DRDGOLD Ltd,ZA,Basic Materials,0.00123,6267780,EQ.STOCK,2026-07-31
VFQS.QA,VFQS,Vodafone Qatar PQSC,QA,Telecommunications,0.00123,B3WYBN0,EQ.STOCK,2026-07-31
3396.HK,3396,Legend Holdings Corp,HK,Technology,0.00122,BYMW733,EQ.STOCK,2026-07-31
ENELAM.SN,ENELAM,Enel Americas SA,CL,Utilities,0.00122,2299453,EQ.STOCK,2026-07-31
RIYADHCA.SR,RIYADHCA,Riyadh Cables Group Co,SA,Industrials,0.00122,BNBPXW7,EQ.STOCK,2026-07-31
TRUE-R.BK,TRUE-R,True Corp PCL,TH,Telecommunications,0.00122,BQKRHP6,EQ.DRCPT,2026-07-31
UNOMINDA.NS,UNOMINDA,UNO Minda Ltd,IN,Consumer Discretionary,0.00122,BYVC6Y8,EQ.STOCK,2026-07-31
006405.KS,006405,Samsung SDI Co Ltd,KR,Industrials,0.00121,6776059,EQ.PREF,2026-07-31
00680K.KS,00680K,Mirae Asset Securities Co Ltd,KR,Financials,0.00121,BF0Q262,EQ.PREF,2026-07-31
0867.HK,867,China Medical System Holdings Ltd,HK,Health Care,0.00121,B6WY993,EQ.STOCK,2026-07-31
4540.T,4540,Tsumura & Co,JP,Health Care,0.00121,6906919,EQ.STOCK,2026-07-31
NWL.AX,NWL,Netwealth Group Ltd,AU,Financials,0.00121,BF52PL1,EQ.STOCK,2026-07-31
TITC.AT,TITC,Titan Cement International SA,GR,Industrials,0.00121,BJ8PD99,EQ.STOCK,2026-07-31
002203.SZ,002203,Zhejiang Hailiang Co Ltd,CN,Basic Materials,0.0012,BD5M2C7,EQ.STOCK,2026-07-31
3048.T,3048,Bic Camera Inc,JP,Consumer Discretionary,0.0012,B194YN0,EQ.STOCK,2026-07-31
7459.T,7459,Medipal Holdings Corp,JP,Consumer Staples,0.0012,6782090,EQ.STOCK,2026-07-31
9201.T,9201,Japan Airlines Co Ltd,JP,Consumer Discretionary,0.0012,B8BRV46,EQ.STOCK,2026-07-31
9896.HK,9896,MINISO Group Holding Ltd,HK,Consumer Discretionary,0.0012,BQKNM37,EQ.STOCK,2026-07-31
EBO.NZ,EBO,EBOS Group Ltd,NZ,Health Care,0.0012,6160038,EQ.STOCK,2026-07-31
MABANEE.KW,MABANEE,Mabanee Co KPSC,KW,Real Estate,0.0012,B00PQY0,EQ.STOCK,2026-07-31
AGILITY.AE,AGILITY,Agility Global PLC,AE,Industrials,0.00119,BRJRYF3,EQ.STOCK,2026-07-31
MAZDOCKS.NS,MAZDOCKS,Mazagon Dock Shipbuilders Ltd,IN,Industrials,0.00119,BS6Y1L9,EQ.STOCK,2026-07-31
1802.TW,1802,Taiwan Glass Industry Corp,TW,Industrials,0.00118,6870865,EQ.STOCK,2026-07-31
4194.T,4194,Visional Inc,JP,Industrials,0.00118,BNC53Q0,EQ.STOCK,2026-07-31
6166.HK,6166,CIG Shanghai Co Ltd,HK,Telecommunications,0.00118,BTMQLW7,EQ.STOCK,2026-07-31
8088.T,8088,Iwatani Corp,JP,Utilities,0.00118,6468204,EQ.STOCK,2026-07-31
TADAWULG.SR,TADAWULG,Saudi Tadawul Group Holding Co,SA,Financials,0.00118,BMZQ749,EQ.STOCK,2026-07-31
2377.TW,2377,Micro-Star International Co Ltd,TW,Technology,0.00117,6133450,EQ.STOCK,2026-07-31
ABCAP.NS,ABCAP,Aditya Birla Capital Ltd,IN,Financials,0.00117,BYVKT10,EQ.STOCK,2026-07-31
ISCTR.IS,ISCTR,Turkiye Is Bankasi AS,TR,Financials,0.00117,B03MYS8,EQ.STOCK,2026-07-31
JOYY,JOYY,JOYY Inc,US,Technology,0.00117,BL3N3C5,EQ.DRCPT,2026-07-31
MTS.AX,MTS,Metcash Ltd,AU,Consumer Staples,0.00117,B0744W4,EQ.STOCK,2026-07-31
138930.KS,138930,BNK Financial Group Inc,KR,Financials,0.00116,B3S98W7,EQ.STOCK,2026-07-31
600026.SS,600026,COSCO SHIPPING Energy Transportation Co Ltd,CN,Industrials,0.00116,BP3R9Y9,EQ.STOCK,2026-07-31
688072.SS,688072,Piotech Inc,CN,Technology,0.00116,BNDKP79,EQ.STOCK,2026-07-31
PREMIERE.NS,PREMIERE,New Issuer: BB Company ID:20732815,IN,Energy,0.00116,BRQNWB6,EQ.STOCK,2026-07-31
SIME.KL,SIME,Sime Darby Bhd,MY,Consumer Discretionary,0.00116,B29TTR1,EQ.STOCK,2026-07-31
9008.T,9008,Keio Corp,JP,Consumer Discretionary,0.00114,6487362,EQ.STOCK,2026-07-31
TCOM.NS,TCOM,Tata Communications Ltd,IN,Telecommunications,0.00114,6114745,EQ.STOCK,2026-07-31
001040.KS,001040,CJ Corp,KR,Industrials,0.00113,6189516,EQ.STOCK,2026-07-31
0316.HK,316,Orient Overseas International Ltd,HK,Industrials,0.00113,6659116,EQ.STOCK,2026-07-31
300458.SZ,300458,All Winner Technology Co Ltd,CN,Technology,0.00113,BD5M1H5,EQ.STOCK,2026-07-31
3350.T,3350,Metaplanet Inc,JP,Financials,0.00113,B03BJ91,EQ.STOCK,2026-07-31
3931.HK,3931,New Issuer: BB Company ID:70038993,HK,Consumer Discretionary,0.00113,BQ0QV95,EQ.STOCK,2026-07-31
4202.T,4202,Daicel Corp,JP,Industrials,0.00113,6250542,EQ.STOCK,2026-07-31
FLT.SI,FLT,Frasers Logistics & Commercial Trust,SG,Real Estate,0.00113,BYYFHZ2,EQ.REIT,2026-07-31
INBK.NS,INBK,Indian Bank,IN,Financials,0.00113,B1SFSX2,EQ.STOCK,2026-07-31
2784.T,2784,Alfresa Holdings Corp,JP,Health Care,0.00112,6687214,EQ.STOCK,2026-07-31
NTPCGREE.NS,NTPCGREE,NTPC Green Energy Ltd,IN,Utilities,0.00112,BR862V3,EQ.STOCK,2026-07-31
PLNG.NS,PLNG,Petronet LNG Ltd,IN,Energy,0.00112,B00KT68,EQ.STOCK,2026-07-31
1476.TW,1476,Eclat Textile Co Ltd,TW,Consumer Discretionary,0.00111,6345783,EQ.STOCK,2026-07-31
600886.SS,600886,SDIC Power Holdings Co Ltd,CN,Utilities,0.00111,BP3R433,EQ.STOCK,2026-07-31
0670.HK,670,China Eastern Airlines Corp Ltd,HK,Consumer Discretionary,0.0011,6171375,EQ.STOCK,2026-07-31
3898.HK,3898,Zhuzhou CRRC Times Electric Co Ltd,HK,Industrials,0.0011,B1L3XL6,EQ.STOCK,2026-07-31
601865.SS,601865,Flat Glass Group Co Ltd,CN,Industrials,0.0011,BJLMPM4,EQ.STOCK,2026-07-31
9987.T,9987,Suzuken Co Ltd/Aichi Japan,JP,Consumer Staples,0.0011,6865560,EQ.STOCK,2026-07-31
ILU.AX,ILU,Iluka Resources Ltd,AU,Basic Materials,0.0011,6957575,EQ.STOCK,2026-07-31
JCNC.SI,JCNC,Jardine Cycle & Carriage Ltd,SG,Consumer Discretionary,0.0011,6242260,EQ.STOCK,2026-07-31
00088K.KS,00088K,Hanwha Corp,KR,Financials,0.00109,BD05641,EQ.PREF,2026-07-31
0126Z0.KS,0126Z0,Samsung Episholdings Co Ltd,KR,Health Care,0.00109,BW9LVP9,EQ.STOCK,2026-07-31
0868.HK,868,Xinyi Glass Holdings Ltd,HK,Industrials,0.00109,B05NXN7,EQ.STOCK,2026-07-31
5938.T,5938,Lixil Corp,JP,Industrials,0.00109,6900212,EQ.STOCK,2026-07-31
ADES.SR,ADES,Ades Holding Co,SA,Energy,0.00109,BR56KM3,EQ.STOCK,2026-07-31
OBER.NS,OBER,Oberoi Realty Ltd,IN,Real Estate,0.00109,B4MXNL6,EQ.STOCK,2026-07-31
605499.SS,605499,Eastroc Beverage Group Co Ltd,CN,Consumer Staples,0.00108,BP91NL0,EQ.STOCK,2026-07-31
CCOLA.IS,CCOLA,Coca-Cola Icecek AS,TR,Consumer Staples,0.00108,B058ZV4,EQ.STOCK,2026-07-31
MBT.PS,MBT,Metropolitan Bank & Trust Co,PH,Financials,0.00108,6514442,EQ.STOCK,2026-07-31
PETKM.IS,PETKM,Petkim Petrokimya Holding AS,TR,Basic Materials,0.00108,B03MWY0,EQ.STOCK,2026-07-31
SMFT3.SA,SMFT3,Smartfit Escola de Ginastica e Danca SA,BR,Consumer Discretionary,0.00108,BF4XNJ9,EQ.STOCK,2026-07-31
002129.SZ,002129,TCL Zhonghuan Renewable Energy Technology Co Ltd,CN,Energy,0.00107,BD5CMT4,EQ.STOCK,2026-07-31
2327.T,2327,NS Solutions Corp,JP,Technology,0.00107,6544687,EQ.STOCK,2026-07-31
3311.HK,3311,China State Construction International Holdings Ltd,HK,Industrials,0.00107,B0BM5T8,EQ.STOCK,2026-07-31
5947.T,5947,Rinnai Corp,JP,Consumer Discretionary,0.00107,6740582,EQ.STOCK,2026-07-31
601088.SS,601088,China Shenhua Energy Co Ltd,CN,Energy,0.00107,BP3R262,EQ.STOCK,2026-07-31
AXIATA.KL,AXIATA,Axiata Group Bhd,MY,Telecommunications,0.00107,B2QZGV5,EQ.STOCK,2026-07-31
FLT.AX,FLT,Flight Centre Travel Group Ltd,AU,Consumer Discretionary,0.00107,6352147,EQ.STOCK,2026-07-31
FTAL.TA,FTAL,Fattal Holdings 1998 Ltd,IL,Consumer Discretionary,0.00107,BG1YKN5,EQ.STOCK,2026-07-31
TTKOM.IS,TTKOM,Turk Telekomunikasyon AS,TR,Telecommunications,0.00107,B2RCGV5,EQ.STOCK,2026-07-31
1513.HK,1513,Livzon Pharmaceutical Group Inc,HK,Health Care,0.00106,BJ34614,EQ.STOCK,2026-07-31
300433.SZ,300433,Lens Technology Co Ltd,CN,Technology,0.00106,BD5CP17,EQ.STOCK,2026-07-31
688002.SS,688002,Raytron Technology Co Ltd,CN,Technology,0.00106,BK71FH7,EQ.STOCK,2026-07-31
AMRT.JK,AMRT,Sumber Alfaria Trijaya Tbk PT,ID,Consumer Staples,0.00106,BCDBLJ9,EQ.STOCK,2026-07-31
ESCORTS.NS,ESCORTS,Escorts Kubota Ltd,IN,Industrials,0.00106,6099875,EQ.STOCK,2026-07-31
2433.T,2433,Hakuhodo DY Holdings Inc,JP,Consumer Discretionary,0.00105,B05LZ02,EQ.STOCK,2026-07-31
601998.SS,601998,China CITIC Bank Corp Ltd,CN,Financials,0.00105,BP3R2H3,EQ.STOCK,2026-07-31
ATGL.NS,ATGL,Adani Total Gas Ltd,IN,Utilities,0.00105,BGJW2K2,EQ.STOCK,2026-07-31
GBK.KW,GBK,Gulf Bank KSCP,KW,Financials,0.00105,6889515,EQ.STOCK,2026-07-31
HLUNB.CO,HLUNB,H Lundbeck A/S,DK,Health Care,0.00105,BMGTJT6,EQ.STOCK,2026-07-31
Q*.MX,Q*,Qualitas Controladora SAB de CV,MX,Financials,0.00105,BYMXF65,EQ.STOCK,2026-07-31
9504.T,9504,Chugoku Electric Power Co Inc/The,JP,Utilities,0.00104,6195900,EQ.STOCK,2026-07-31
0177.HK,177,Jiangsu Expressway Co Ltd,HK,Industrials,0.00103,6005504,EQ.STOCK,2026-07-31
034220.KS,034220,LG Display Co Ltd,KR,Technology,0.00103,B01VZN9,EQ.STOCK,2026-07-31
1138.HK,1138,COSCO SHIPPING Energy Transportation Co Ltd,HK,Industrials,0.00103,6782045,EQ.STOCK,2026-07-31
1193.HK,1193,China Resources Gas Group Ltd,HK,Utilities,0.00103,6535517,EQ.STOCK,2026-07-31
600219.SS,600219,Shandong Nanshan Aluminum Co Ltd,CN,Basic Materials,0.00103,BP3R9D8,EQ.STOCK,2026-07-31
8056.T,8056,BIPROGY Inc,JP,Technology,0.00103,6642688,EQ.STOCK,2026-07-31
EXID.NS,EXID,Exide Industries Ltd,IN,Industrials,0.00103,B1D3ZC9,EQ.STOCK,2026-07-31
TEL.PS,TEL,PLDT Inc,PH,Telecommunications,0.00103,BDGN274,EQ.STOCK,2026-07-31
2498.TW,2498,HTC Corp,TW,Telecommunications,0.00102,6510536,EQ.STOCK,2026-07-31
307950.KS,307950,Hyundai Autoever Corp,KR,Technology,0.00102,BJP54Q6,EQ.STOCK,2026-07-31
BBL/F.BK,BBL/F,Bangkok Bank PCL,TH,Financials,0.00102,6077019,EQ.FSH,2026-07-31
0151.HK,151,Want Want China Holdings Ltd,HK,Consumer Staples,0.00101,B2Q14Z3,EQ.STOCK,2026-07-31
6436.T,6436,Amano Corp,JP,Industrials,0.00101,6027304,EQ.STOCK,2026-07-31
ELPE.AT,ELPE,HELLENiQ ENERGY Holdings S.A.,GR,Energy,0.00101,5475658,EQ.STOCK,2026-07-31
035250.KS,035250,Kangwon Land Inc,KR,Consumer Discretionary,0.001,6683449,EQ.STOCK,2026-07-31
047050.KS,047050,Posco International Corp,KR,Industrials,0.001,6344274,EQ.STOCK,2026-07-31
1585.HK,1585,Yadea Group Holdings Ltd,HK,Consumer Discretionary,0.001,BZ04KX9,EQ.STOCK,2026-07-31
2385.TW,2385,Chicony Electronics Co Ltd,TW,Technology,0.001,6140579,EQ.STOCK,2026-07-31
600809.SS,600809,Shanxi Xinghuacun Fen Wine Factory Co Ltd,CN,Consumer Staples,0.001,BP3R820,EQ.STOCK,2026-07-31
601988.SS,601988,Bank of China Ltd,CN,Financials,0.001,BP3R239,EQ.STOCK,2026-07-31
8464.TW,8464,Nien Made Enterprise Co Ltd,TW,Consumer Discretionary,0.001,BSZLN15,EQ.STOCK,2026-07-31
ASTRA.NS,ASTRA,Astral Ltd,IN,Industrials,0.001,BR2NB24,EQ.STOCK,2026-07-31
BIL.NS,BIL,Balkrishna Industries Ltd,IN,Consumer Discretionary,0.001,6388788,EQ.STOCK,2026-07-31
DLG.KL,DLG,Dialog Group Bhd,MY,Energy,0.001,B00MRS2,EQ.STOCK,2026-07-31
KAYNES.NS,KAYNES,Kaynes Technology India Ltd,IN,Technology,0.001,BP5WYF8,EQ.STOCK,2026-07-31
MRDIY.KL,MRDIY,MR DIY Group M Bhd,MY,Consumer Discretionary,0.001,BN4JBJ9,EQ.STOCK,2026-07-31
NHC.AX,NHC,New Hope Corp Ltd,AU,Energy,0.001,6681960,EQ.STOCK,2026-07-31
600415.SS,600415,Zhejiang China Commodities City Group Co Ltd,CN,Consumer Discretionary,0.00099,BP3R789,EQ.STOCK,2026-07-31
QEWS.QA,QEWS,Nebras Energy,QA,Utilities,0.00099,6566614,EQ.STOCK,2026-07-31
ALDREES.SR,ALDREES,Aldrees Petroleum and Transport Services Co,SA,Energy,0.00098,B128FF8,EQ.STOCK,2026-07-31
HLBK.KL,HLBK,Hong Leong Bank Bhd,MY,Financials,0.00098,6436892,EQ.STOCK,2026-07-31
081660.KS,081660,Fila Holdings Corp,KR,Consumer Discretionary,0.00097,B66CTX7,EQ.STOCK,2026-07-31
4506.T,4506,Sumitomo Pharma Co Ltd,JP,Health Care,0.00097,6250865,EQ.STOCK,2026-07-31
9364.T,9364,Kamigumi Co Ltd,JP,Industrials,0.00097,6482668,EQ.STOCK,2026-07-31
AMR.AE,AMR,Americana Restaurants International PLC - Foreign Co,AE,Consumer Discretionary,0.00097,BPCMH29,EQ.STOCK,2026-07-31
PGOLD.PS,PGOLD,Puregold Price Club Inc,PH,Consumer Staples,0.00097,B725S29,EQ.STOCK,2026-07-31
002010.SZ,002010,Transfar Zhilian Co Ltd,CN,Industrials,0.00096,BD5CKP6,EQ.STOCK,2026-07-31
1503.TW,1503,Shihlin Electric & Engineering Corp,TW,Industrials,0.00096,6804198,EQ.STOCK,2026-07-31
3401.T,3401,Teijin Ltd,JP,Basic Materials,0.00096,6880507,EQ.STOCK,2026-07-31
417A.T,417A,Blue Zones Holdings Co Ltd,JP,Consumer Staples,0.00096,BSRFNL5,EQ.STOCK,2026-07-31
600028.SS,600028,China Petroleum & Chemical Corp,CN,Energy,0.00096,BP3R240,EQ.STOCK,2026-07-31
601816.SS,601816,Beijing-Shanghai High Speed Railway Co Ltd,CN,Industrials,0.00096,BL58M76,EQ.STOCK,2026-07-31
BAJAJHFL.NS,BAJAJHFL,New Issuer: BB Company ID:27928662,IN,Financials,0.00096,BQ9BN51,EQ.STOCK,2026-07-31
CRISIL.NS,CRISIL,CRISIL Ltd,IN,Financials,0.00096,B45Z353,EQ.STOCK,2026-07-31
000792.SZ,000792,Qinghai Salt Lake Industry Co Ltd,CN,Basic Materials,0.00095,BD5CNB3,EQ.STOCK,2026-07-31
005940.KS,005940,NH Investment & Securities Co Ltd,KR,Financials,0.00095,6537085,EQ.STOCK,2026-07-31
2727.HK,2727,Shanghai Electric Group Co Ltd,HK,Industrials,0.00095,B07J656,EQ.STOCK,2026-07-31
3994.T,3994,Money Forward Inc,JP,Technology,0.00095,BD5ZWW6,EQ.STOCK,2026-07-31
6186.HK,6186,China Feihe Ltd,HK,Consumer Staples,0.00095,BK0SBL1,EQ.STOCK,2026-07-31
BEM/F.BK,BEM/F,Bangkok Expressway & Metro PCL,TH,Industrials,0.00095,BYV76H6,EQ.FSH,2026-07-31
CTPNV.AS,CTPNV,CTP NV,NL,Real Estate,0.00095,BLF7T27,EQ.STOCK,2026-07-31
JUBI.NS,JUBI,Jubilant Foodworks Ltd,IN,Consumer Discretionary,0.00095,BNVYT93,EQ.STOCK,2026-07-31
NATU3.SA,NATU3,Natura Cosmeticos SA,BR,Consumer Discretionary,0.00095,B014K55,EQ.STOCK,2026-07-31
000538.SZ,000538,Yunnan Baiyao Group Co Ltd,CN,Health Care,0.00094,BD5CP95,EQ.STOCK,2026-07-31
1908.HK,1908,C&D International Investment Group Ltd,HK,Real Estate,0.00094,BZBY9R5,EQ.STOCK,2026-07-31
3323.HK,3323,China National Building Material Co Ltd,HK,Industrials,0.00094,B0Y91C1,EQ.STOCK,2026-07-31
9045.T,9045,Keihan Holdings Co Ltd,JP,Industrials,0.00094,6487232,EQ.STOCK,2026-07-31
AKSEN.IS,AKSEN,Aksa Enerji Uretim AS,TR,Utilities,0.00094,B3Y1WH0,EQ.STOCK,2026-07-31
BHARTIHE.NS,BHARTIHE,New Issuer: BB Company ID:21672911,IN,Telecommunications,0.00094,BMDR2V6,EQ.STOCK,2026-07-31
BRGR.NS,BRGR,Berger Paints India Ltd,IN,Industrials,0.00094,BV8TBJ1,EQ.STOCK,2026-07-31
CMIG3.SA,CMIG3,Cia Energetica de Minas Gerais,BR,Utilities,0.00094,B1YBRK4,EQ.STOCK,2026-07-31
2531.T,2531,Takara Holdings Inc,JP,Consumer Staples,0.00093,6870382,EQ.STOCK,2026-07-31
DIF/F.BK,DIF/F,Digital Telecommunications Infrastructure Fund,TH,Telecommunications,0.00093,BH6XVQ4,EQ.FSH,2026-07-31
FLUOROCH.NS,FLUOROCH,Gujarat Fluorochemicals Ltd,IN,Basic Materials,0.00093,BK10P03,EQ.STOCK,2026-07-31
INDF.JK,INDF,Indofood Sukses Makmur Tbk PT,ID,Consumer Staples,0.00093,6283979,EQ.STOCK,2026-07-31
0087.HK,87,Swire Pacific Ltd,HK,Consumer Staples,0.00092,6867760,EQ.STOCK,2026-07-31
4666.T,4666,Park24 Co Ltd,JP,Industrials,0.00092,6667733,EQ.STOCK,2026-07-31
9706.T,9706,Japan Airport Terminal Co Ltd,JP,Industrials,0.00092,6472175,EQ.STOCK,2026-07-31
0023.HK,23,Bank of East Asia Ltd/The,HK,Financials,0.00091,6075648,EQ.STOCK,2026-07-31
011790.KS,011790,SKC Co Ltd,KR,Basic Materials,0.00091,6018085,EQ.STOCK,2026-07-31
128940.KS,128940,Hanmi Pharm Co Ltd,KR,Health Care,0.00091,B613DJ9,EQ.STOCK,2026-07-31
300604.SZ,300604,Hangzhou Chang Chuan Technology Co Ltd,CN,Technology,0.00091,BMTCW71,EQ.STOCK,2026-07-31
3900.HK,3900,Greentown China Holdings Ltd,HK,Real Estate,0.00091,B17N9P6,EQ.STOCK,2026-07-31
5463.T,5463,Maruichi Steel Tube Ltd,JP,Basic Materials,0.00091,6569505,EQ.STOCK,2026-07-31
600352.SS,600352,Zhejiang Longsheng Group Co Ltd,CN,Basic Materials,0.00091,BP3R4W2,EQ.STOCK,2026-07-31
7211.T,7211,Mitsubishi Motors Corp,JP,Consumer Discretionary,0.00091,6598446,EQ.STOCK,2026-07-31
CDSL.NS,CDSL,Central Depository Services India Ltd,IN,Financials,0.00091,BF47216,EQ.STOCK,2026-07-31
DALBHARA.NS,DALBHARA,Dalmia Bharat Ltd,IN,Industrials,0.00091,BFN2YR2,EQ.STOCK,2026-07-31
QFIN,QFIN,Qfin Holdings Inc,US,Financials,0.00091,BFMV9Y2,EQ.DRCPT,2026-07-31
SISE.IS,SISE,Turkiye Sise ve Cam Fabrikalari AS,TR,Industrials,0.00091,B03MXR0,EQ.STOCK,2026-07-31
TOP/F.BK,TOP/F,Thai Oil PCL,TH,Energy,0.00091,B0305J0,EQ.FSH,2026-07-31
002027.SZ,002027,Focus Media Information Technology Co Ltd,CN,Consumer Discretionary,0.0009,BD5CND5,EQ.STOCK,2026-07-31
0293.HK,293,Cathay Pacific Airways Ltd,HK,Consumer Discretionary,0.0009,6179755,EQ.STOCK,2026-07-31
326030.KS,326030,SK Biopharmaceuticals Co Ltd,KR,Health Care,0.0009,BLF9YV7,EQ.STOCK,2026-07-31
600195.SS,600195,China Animal Husbandry Industry Co Ltd,CN,Health Care,0.0009,BP3RFX0,EQ.STOCK,2026-07-31
6951.T,6951,Jeol Ltd,JP,Industrials,0.0009,6470544,EQ.STOCK,2026-07-31
9006.T,9006,Keikyu Corp,JP,Industrials,0.0009,6487306,EQ.STOCK,2026-07-31
ALSEA*.MX,ALSEA*,Alsea SAB de CV,MX,Consumer Discretionary,0.0009,2563017,EQ.STOCK,2026-07-31
POONAWAL.NS,POONAWAL,Poonawalla Fincorp Ltd,IN,Financials,0.0009,B084VN3,EQ.STOCK,2026-07-31
RLX,RLX,RLX Technology Inc,US,Consumer Staples,0.0009,BMBKL76,EQ.DRCPT,2026-07-31
UNTR.JK,UNTR,United Tractors Tbk PT,ID,Basic Materials,0.0009,6230845,EQ.STOCK,2026-07-31
000568.SZ,000568,Luzhou Laojiao Co Ltd,CN,Consumer Staples,0.00089,BD5CMM7,EQ.STOCK,2026-07-31
3397.T,3397,Toridoll Holdings Corp,JP,Consumer Discretionary,0.00089,B0WHPP8,EQ.STOCK,2026-07-31
3635.T,3635,Koei Tecmo Holdings Co Ltd,JP,Consumer Discretionary,0.00089,B60DR09,EQ.STOCK,2026-07-31
GARAN.IS,GARAN,Turkiye Garanti Bankasi AS,TR,Financials,0.00089,B03MYP5,EQ.STOCK,2026-07-31
ZAINKSA.SR,ZAINKSA,Mobile Telecommunications Co Saudi Arabia,SA,Telecommunications,0.00089,B2QG180,EQ.STOCK,2026-07-31
GICRE.NS,GICRE,General Insurance Corp of India,IN,Financials,0.00088,BZ0XK69,EQ.STOCK,2026-07-31
2799.HK,2799,China CITIC Financial Asset Management Co Ltd,HK,Financials,0.00087,BYNK383,EQ.STOCK,2026-07-31
SIBC.SR,SIBC,Saudi Investment Bank/The,SA,Financials,0.00087,B12M7M1,EQ.STOCK,2026-07-31
066970.KS,066970,L&F Co Ltd,KR,Basic Materials,0.00086,6578608,EQ.STOCK,2026-07-31
2451.TW,2451,Transcend Information Inc,TW,Technology,0.00086,6350497,EQ.STOCK,2026-07-31
4716.T,4716,Oracle Corp Japan,JP,Technology,0.00086,6141680,EQ.STOCK,2026-07-31
600547.SS,600547,Shandong Gold Mining Co Ltd,CN,Basic Materials,0.00086,BP3R5D0,EQ.STOCK,2026-07-31
601100.SS,601100,Jiangsu Hengli Hydraulic Co Ltd,CN,Industrials,0.00086,BP3RFJ6,EQ.STOCK,2026-07-31
6066.HK,6066,CSC Financial Co Ltd,HK,Financials,0.00086,BDFF8H3,EQ.STOCK,2026-07-31
9065.T,9065,Sankyu Inc,JP,Industrials,0.00086,6775380,EQ.STOCK,2026-07-31
TAVHL.IS,TAVHL,TAV Havalimanlari Holding AS,TR,Industrials,0.00086,B1RMFT9,EQ.STOCK,2026-07-31
011780.KS,011780,Kumho Petrochemical Co Ltd,KR,Basic Materials,0.00085,6499323,EQ.STOCK,2026-07-31
FNH.KL,FNH,Fraser & Neave Holdings Bhd,MY,Consumer Staples,0.00085,6555946,EQ.STOCK,2026-07-31
200581.SZ,200581,Weifu High-Technology Group Co Ltd,CN,Consumer Discretionary,0.00084,6944953,EQ.STOCK,2026-07-31
600674.SS,600674,Sichuan Chuantou Energy Co Ltd,CN,Utilities,0.00084,BP3R4Y4,EQ.STOCK,2026-07-31
6060.HK,6060,ZhongAn Online P&C Insurance Co Ltd,HK,Financials,0.00084,BYZQ099,EQ.STOCK,2026-07-31
7564.T,7564,Workman Co Ltd,JP,Consumer Discretionary,0.00084,6053194,EQ.STOCK,2026-07-31
9412.T,9412,SKY Perfect JSAT Corp,JP,Telecommunications,0.00084,B1TK234,EQ.STOCK,2026-07-31
9989.T,9989,Sundrug Co Ltd,JP,Consumer Staples,0.00084,6817895,EQ.STOCK,2026-07-31
IRFC.NS,IRFC,Indian Railway Finance Corp Ltd,IN,Industrials,0.00084,BMDGT12,EQ.STOCK,2026-07-31
300001.SZ,300001,Qingdao TGOOD Electric Co Ltd,CN,Technology,0.00083,BD5CGV4,EQ.STOCK,2026-07-31
6849.T,6849,Nihon Kohden Corp,JP,Health Care,0.00083,6639970,EQ.STOCK,2026-07-31
0551.HK,551,Yue Yuen Industrial Holdings Ltd,HK,Consumer Discretionary,0.00082,6586537,EQ.STOCK,2026-07-31
600320.SS,600320,Shanghai Zhenhua Heavy Industries Co Ltd,CN,Industrials,0.00082,BMF7QJ0,EQ.STOCK,2026-07-31
SAL.SR,SAL,SAL Saudi Logistics Services,SA,Industrials,0.00082,BS82YJ0,EQ.STOCK,2026-07-31
SIIG.SR,SIIG,Saudi Industrial Investment Group,SA,Basic Materials,0.00082,B132Y63,EQ.STOCK,2026-07-31
1359.HK,1359,China Cinda Asset Management Co Ltd,HK,Financials,0.00081,BGY6SV2,EQ.STOCK,2026-07-31
688111.SS,688111,Beijing Kingsoft Office Software Inc,CN,Technology,0.00081,BNR4NQ2,EQ.STOCK,2026-07-31
GP.NS,GP,Godfrey Phillips India Ltd,IN,Consumer Staples,0.00081,BSBML96,EQ.STOCK,2026-07-31
RA.MX,RA,Regional SAB de CV,MX,Financials,0.00081,BG1Z6X0,EQ.STOCK,2026-07-31
0656.HK,656,Fosun International Ltd,HK,Industrials,0.0008,B1Z7FX0,EQ.STOCK,2026-07-31
601577.SS,601577,Bank of Changsha Co Ltd,CN,Financials,0.0008,BK94875,EQ.STOCK,2026-07-31
COCHIN.NS,COCHIN,Cochin Shipyard Ltd,IN,Industrials,0.0008,BRXJW17,EQ.STOCK,2026-07-31
GOAU4.SA,GOAU4,Metalurgica Gerdau SA,BR,Basic Materials,0.0008,2648862,EQ.PREF,2026-07-31
KREIT.SI,KREIT,Keppel REIT,SG,Real Estate,0.0008,B12RQH4,EQ.REIT,2026-07-31
ORBIA*.MX,ORBIA*,Orbia Advance Corp SAB de CV,MX,Industrials,0.0008,BH3T8K8,EQ.STOCK,2026-07-31
VOLCARB.ST,VOLCARB,Volvo Car AB,SE,Consumer Discretionary,0.0008,BRS7SK7,EQ.STOCK,2026-07-31
004020.KS,004020,Hyundai Steel Co,KR,Basic Materials,0.00079,6461850,EQ.STOCK,2026-07-31
3349.T,3349,Cosmos Pharmaceutical Corp,JP,Consumer Staples,0.00079,B036QP1,EQ.STOCK,2026-07-31
601788.SS,601788,Everbright Securities Co Ltd,CN,Financials,0.00079,BZ0D1Y4,EQ.STOCK,2026-07-31
8967.T,8967,Japan Logistics Fund Inc,JP,Real Estate,0.00079,B07NL19,EQ.REIT,2026-07-31
INL.JO,INL,Investec Ltd,ZA,Financials,0.00079,B17BBR6,EQ.STOCK,2026-07-31
MOFS.NS,MOFS,Motilal Oswal Financial Services Ltd,IN,Financials,0.00079,B233M14,EQ.STOCK,2026-07-31
TALABAT.AE,TALABAT,New Issuer: BB Company ID:72035566,AE,Consumer Discretionary,0.00079,BRPSDQ4,EQ.STOCK,2026-07-31
000651.SZ,000651,Gree Electric Appliances Inc of Zhuhai,CN,Consumer Discretionary,0.00078,BD5CPN9,EQ.STOCK,2026-07-31
0392.HK,392,Beijing Enterprises Holdings Ltd,HK,Utilities,0.00078,6081690,EQ.STOCK,2026-07-31
0586.HK,586,China Conch Venture Holdings Ltd,HK,Utilities,0.00078,BH7HM06,EQ.STOCK,2026-07-31
3291.T,3291,Iida Group Holdings Co Ltd,JP,Consumer Discretionary,0.00078,BFDTBS3,EQ.STOCK,2026-07-31
600516.SS,600516,Fangda Carbon New Material Co Ltd,CN,Basic Materials,0.00078,BP3R7V2,EQ.STOCK,2026-07-31
6098.HK,6098,Country Garden Services Holdings Co Ltd,HK,Real Estate,0.00078,BDQZP48,EQ.STOCK,2026-07-31
688385.SS,688385,Shanghai Fudan Microelectronics Group Co Ltd,CN,Technology,0.00078,BP7MLC2,EQ.STOCK,2026-07-31
9048.T,9048,Nagoya Railroad Co Ltd,JP,Industrials,0.00078,6619864,EQ.STOCK,2026-07-31
9910.TW,9910,Feng TAY Enterprise Co Ltd,TW,Consumer Discretionary,0.00078,6336055,EQ.STOCK,2026-07-31
ENRG.TA,ENRG,Energix-Renewable Energies Ltd,IL,Utilities,0.00078,B469X43,EQ.STOCK,2026-07-31
FROTO.IS,FROTO,Ford Otomotiv Sanayi AS,TR,Consumer Discretionary,0.00078,B03MSR5,EQ.STOCK,2026-07-31
0179.HK,179,Johnson Electric Holdings Ltd,HK,Industrials,0.00077,BP4JH17,EQ.STOCK,2026-07-31
300015.SZ,300015,Aier Eye Hospital Group Co Ltd,CN,Health Care,0.00077,BD5CLQ4,EQ.STOCK,2026-07-31
600025.SS,600025,Huaneng Lancang River Hydropower Inc,CN,Utilities,0.00077,BFYQHD0,EQ.STOCK,2026-07-31
600436.SS,600436,Zhangzhou Pientzehuang Pharmaceutical Co Ltd,CN,Health Care,0.00077,BP3R7Z6,EQ.STOCK,2026-07-31
601006.SS,601006,Daqin Railway Co Ltd,CN,Industrials,0.00077,BP3R2N9,EQ.STOCK,2026-07-31
8111.T,8111,Goldwin Inc,JP,Consumer Discretionary,0.00077,6376169,EQ.STOCK,2026-07-31
8964.T,8964,Mitsui Fudosan Retail Fund Investment Corp,JP,Real Estate,0.00077,B020QY3,EQ.REIT,2026-07-31
8986.T,8986,Daiwa Securities Living Investments Corp,JP,Real Estate,0.00077,B15T1S3,EQ.REIT,2026-07-31
ACC.NS,ACC,ACC Ltd,IN,Industrials,0.00077,6155915,EQ.STOCK,2026-07-31
BJAZ.SR,BJAZ,Bank Al-Jazira,SA,Financials,0.00077,B12LZQ8,EQ.STOCK,2026-07-31
CMPC.SN,CMPC,Empresas CMPC SA,CL,Basic Materials,0.00077,2196015,EQ.STOCK,2026-07-31
LUBEREF.SR,LUBEREF,Saudi Aramco Base Oil Co,SA,Energy,0.00077,BMDKMB5,EQ.STOCK,2026-07-31
0338.HK,338,Sinopec Shanghai Petrochemical Co Ltd,HK,Energy,0.00076,6797458,EQ.STOCK,2026-07-31
1797.HK,1797,East Buy Holding Ltd,HK,Consumer Discretionary,0.00076,BDFZ4G4,EQ.STOCK,2026-07-31
5269.TW,5269,ASMedia Technology Inc,TW,Technology,0.00076,B6ZZQ69,EQ.STOCK,2026-07-31
600016.SS,600016,China Minsheng Banking Corp Ltd,CN,Financials,0.00076,BP3R2C8,EQ.STOCK,2026-07-31
CENER.AT,CENER,Cenergy Holdings SA,GR,Industrials,0.00076,BDDW9C8,EQ.STOCK,2026-07-31
GLO.PS,GLO,Globe Telecom Inc,PH,Telecommunications,0.00076,6284864,EQ.STOCK,2026-07-31
NARH.NS,NARH,Narayana Hrudayalaya Ltd,IN,Health Care,0.00076,BD0CSH9,EQ.STOCK,2026-07-31
NESZ.KL,NESZ,Nestle Malaysia Bhd,MY,Consumer Staples,0.00076,6629335,EQ.STOCK,2026-07-31
RGN.AX,RGN,Region RE Ltd,AU,Real Estate,0.00076,BPBMY63,EQ.REIT,2026-07-31
RVNL.NS,RVNL,Rail Vikas Nigam Ltd,IN,Industrials,0.00076,BJLJGN3,EQ.STOCK,2026-07-31
2380.HK,2380,China Power International Development Ltd,HK,Utilities,0.00075,B02ZKQ8,EQ.STOCK,2026-07-31
301308.SZ,301308,Shenzhen Longsys Electronics Co Ltd,CN,Technology,0.00075,BNHSQK9,EQ.STOCK,2026-07-31
3618.HK,3618,Chongqing Rural Commercial Bank Co Ltd,HK,Financials,0.00075,B4Q1Y57,EQ.STOCK,2026-07-31
BDL.NS,BDL,Bharat Dynamics Ltd,IN,Industrials,0.00075,BPJL2B3,EQ.STOCK,2026-07-31
DUBK.QA,DUBK,Dukhan Bank,QA,Financials,0.00075,BNGB5K2,EQ.STOCK,2026-07-31
IRCTC.NS,IRCTC,Indian Railway Catering & Tourism Corp Ltd,IN,Consumer Discretionary,0.00075,BL6C482,EQ.STOCK,2026-07-31
600350.SS,600350,Shandong Hi-speed Co Ltd,CN,Industrials,0.00074,BP3R745,EQ.STOCK,2026-07-31
6655.HK,6655,Huaxin Building Materials Group Co Ltd,HK,Industrials,0.00074,BLF99X4,EQ.STOCK,2026-07-31
9301.T,9301,Mitsubishi Logistics Corp,JP,Industrials,0.00074,6596848,EQ.STOCK,2026-07-31
EYDAP.AT,EYDAP,Athens Water Supply & Sewage Co SA,GR,Utilities,0.00074,5860191,EQ.STOCK,2026-07-31
NETLINK.SI,NETLINK,NETLINK NBN TRUST,SG,Telecommunications,0.00074,BF5GLW6,EQ.STOCK,2026-07-31
ORA.AX,ORA,Orora Ltd,AU,Industrials,0.00074,BH4TCW7,EQ.STOCK,2026-07-31
QFLS.QA,QFLS,Qatar Fuel QSC,QA,Energy,0.00074,6516556,EQ.STOCK,2026-07-31
000685.SZ,000685,Zhongshan Public Utilities Group Co Ltd,CN,Utilities,0.00073,BD5CH99,EQ.STOCK,2026-07-31
2196.HK,2196,Shanghai Fosun Pharmaceutical Group Co Ltd,HK,Health Care,0.00073,B8XBQ96,EQ.STOCK,2026-07-31
2811.T,2811,Kagome Co Ltd,JP,Consumer Staples,0.00073,6480770,EQ.STOCK,2026-07-31
4967.T,4967,Kobayashi Pharmaceutical Co Ltd,JP,Consumer Staples,0.00073,6149457,EQ.STOCK,2026-07-31
AGUAS/A.SN,AGUAS/A,Aguas Andinas SA,CL,Utilities,0.00073,2311238,EQ.STOCK,2026-07-31
AIAE.NS,AIAE,AIA Engineering Ltd,IN,Industrials,0.00073,B0QDXM5,EQ.STOCK,2026-07-31
CPIN.JK,CPIN,Charoen Pokphand Indonesia Tbk PT,ID,Consumer Staples,0.00073,6315344,EQ.STOCK,2026-07-31
SCHFL.NS,SCHFL,Schaeffler India Ltd,IN,Consumer Discretionary,0.00073,BPG9V35,EQ.STOCK,2026-07-31
000039.SZ,000039,China International Marine Containers Group Co Ltd,CN,Industrials,0.00072,BD5CPX9,EQ.STOCK,2026-07-31
2009.HK,2009,BBMG Corp,HK,Industrials,0.00072,B3NFC51,EQ.STOCK,2026-07-31
601222.SS,601222,Jiangsu Linyang Energy Co Ltd,CN,Industrials,0.00072,BP3RD70,EQ.STOCK,2026-07-31
TELX.NS,TELX,Tata Elxsi Ltd,IN,Technology,0.00072,6211204,EQ.STOCK,2026-07-31
0631.HK,631,Sany Heavy Equipment International Holdings Co Ltd,HK,Industrials,0.00071,B56HH42,EQ.STOCK,2026-07-31
2883.HK,2883,China Oilfield Services Ltd,HK,Energy,0.00071,6560995,EQ.STOCK,2026-07-31
3471.T,3471,Mitsui Fudosan Logistics Park Inc,JP,Real Estate,0.00071,BYZWTW3,EQ.REIT,2026-07-31
3M.NS,3M,3M India Ltd,IN,Industrials,0.00071,6098496,EQ.STOCK,2026-07-31
601298.SS,601298,Qingdao Port International Co Ltd,CN,Industrials,0.00071,BJBPNF2,EQ.STOCK,2026-07-31
603290.SS,603290,StarPower Semiconductor Ltd,CN,Technology,0.00071,BL58R37,EQ.STOCK,2026-07-31
605117.SS,605117,Ningbo Deye Technology Corp,CN,Industrials,0.00071,BP91NG5,EQ.STOCK,2026-07-31
BANDHAN.NS,BANDHAN,Bandhan Bank Ltd,IN,Financials,0.00071,BG1SV45,EQ.STOCK,2026-07-31
EL.RO,EL,Societatea Energetica Electrica SA,RO,Utilities,0.00071,BNK0077,EQ.STOCK,2026-07-31
EMPOWER.AE,EMPOWER,Emirates Central Cooling Systems Corp,AE,Industrials,0.00071,BPYSVC3,EQ.STOCK,2026-07-31
LLC.AX,LLC,Lendlease Corp Ltd,AU,Industrials,0.00071,6512004,EQ.STOCK,2026-07-31
300296.SZ,300296,Leyard Optoelectronic Co Ltd,CN,Technology,0.0007,BD5M1J7,EQ.STOCK,2026-07-31
3759.HK,3759,Pharmaron Beijing Co Ltd,HK,Health Care,0.0007,BK72QD3,EQ.STOCK,2026-07-31
CBG/F.BK,CBG/F,Carabao Group PCL,TH,Consumer Staples,0.0007,BSM67Y4,EQ.FSH,2026-07-31
MOUWASAT.SR,MOUWASAT,Mouwasat Medical Services Co,SA,Health Care,0.0007,B403QG4,EQ.STOCK,2026-07-31
PATANJAL.NS,PATANJAL,Patanjali Foods Ltd,IN,Consumer Staples,0.0007,BKVLFJ5,EQ.STOCK,2026-07-31
023530.KS,023530,Lotte Shopping Co Ltd,KR,Consumer Discretionary,0.00069,B0WGPZ5,EQ.STOCK,2026-07-31
300014.SZ,300014,Eve Energy Co Ltd,CN,Industrials,0.00069,BD5C7G6,EQ.STOCK,2026-07-31
ASTRA.SR,ASTRA,Astra Industrial Group,SA,Financials,0.00069,B3CQKT5,EQ.STOCK,2026-07-31
CCU.SN,CCU,Cia Cervecerias Unidas SA,CL,Consumer Staples,0.00069,2196189,EQ.STOCK,2026-07-31
PASEU.IS,PASEU,New Issuer: BB Company ID:67720311,TR,Industrials,0.00069,BQ0ML04,EQ.STOCK,2026-07-31
YAL.AX,YAL,Yancoal Australia Ltd,AU,Energy,0.00069,B84LB45,EQ.STOCK,2026-07-31
002281.SZ,002281,Accelink Technologies Co Ltd,CN,Telecommunications,0.00068,BD5C8C9,EQ.STOCK,2026-07-31
0921.HK,921,Hisense Home Appliances Group Co Ltd,HK,Consumer Discretionary,0.00068,6391935,EQ.STOCK,2026-07-31
1COV.DE,1COV,Covestro AG,DE,Basic Materials,0.00068,BYTBWY9,EQ.STOCK,2026-07-31
4516.T,4516,Nippon Shinyaku Co Ltd,JP,Health Care,0.00068,6640563,EQ.STOCK,2026-07-31
600648.SS,600648,Shanghai Waigaoqiao Free Trade Zone Group Co Ltd,CN,Real Estate,0.00068,BP3R4L1,EQ.STOCK,2026-07-31
601111.SS,601111,Air China Ltd,CN,Consumer Discretionary,0.00068,BP3R4G6,EQ.STOCK,2026-07-31
601808.SS,601808,China Oilfield Services Ltd,CN,Energy,0.00068,BP3R347,EQ.STOCK,2026-07-31
688702.SS,688702,New Issuer: BB Company ID:37276143,CN,Technology,0.00068,BP39L27,EQ.STOCK,2026-07-31
JAMJOOMP.SR,JAMJOOMP,Jamjoom Pharmaceuticals Factory Co,SA,Health Care,0.00068,BQS9JR0,EQ.STOCK,2026-07-31
002142.SZ,002142,Bank of Ningbo Co Ltd,CN,Financials,0.00067,BD5CP06,EQ.STOCK,2026-07-31
002966.SZ,002966,Bank of Suzhou Co Ltd,CN,Financials,0.00067,BK71760,EQ.STOCK,2026-07-31
2689.HK,2689,Nine Dragons Paper Holdings Ltd,HK,Basic Materials,0.00067,B0WC2B8,EQ.STOCK,2026-07-31
300498.SZ,300498,Wens Foodstuff Group Co Ltd,CN,Consumer Staples,0.00067,BD5CPT5,EQ.STOCK,2026-07-31
4922.T,4922,Kose Holdings Corp,JP,Consumer Discretionary,0.00067,6194468,EQ.STOCK,2026-07-31
688126.SS,688126,National Silicon Industry Group Co Ltd,CN,Technology,0.00067,BNR4NR3,EQ.STOCK,2026-07-31
8282.T,8282,K's Holdings Corp,JP,Consumer Discretionary,0.00067,6484277,EQ.STOCK,2026-07-31
PPT.AX,PPT,Perpetual Ltd,AU,Financials,0.00067,6682394,EQ.STOCK,2026-07-31
1071.HK,1071,Huadian Power International Corp Ltd,HK,Utilities,0.00066,6142780,EQ.STOCK,2026-07-31
4816.T,4816,Toei Animation Co Ltd,JP,Consumer Discretionary,0.00066,6301871,EQ.STOCK,2026-07-31
688521.SS,688521,Verisilicon Microelectronics Shanghai Co Ltd,CN,Technology,0.00066,BMGYHP3,EQ.STOCK,2026-07-31
ARTO.NS,ARTO,Aarti Industries Ltd,IN,Basic Materials,0.00066,B0VX289,EQ.STOCK,2026-07-31
TFG.JO,TFG,Foschini Group Ltd,ZA,Consumer Discretionary,0.00066,6349688,EQ.STOCK,2026-07-31
000408.SZ,000408,Zangge Mining Co Ltd,CN,Basic Materials,0.00065,BQ3RQ45,EQ.STOCK,2026-07-31
001450.KS,001450,Hyundai Marine & Fire Insurance Co Ltd,KR,Financials,0.00065,B01LXY6,EQ.STOCK,2026-07-31
0017.HK,17,New World Development Co Ltd,HK,Real Estate,0.00065,BM94GQ4,EQ.STOCK,2026-07-31
030000.KS,030000,Cheil Worldwide Inc,KR,Consumer Discretionary,0.00065,6093231,EQ.STOCK,2026-07-31
1066.HK,1066,Shandong Weigao Group Medical Polymer Co Ltd,HK,Health Care,0.00065,6742340,EQ.STOCK,2026-07-31
2222.T,2222,Kotobuki Spirits Co Ltd,JP,Consumer Staples,0.00065,6489465,EQ.STOCK,2026-07-31
600011.SS,600011,Huaneng Power International Inc,CN,Utilities,0.00065,BP3R314,EQ.STOCK,2026-07-31
601021.SS,601021,Spring Airlines Co Ltd,CN,Consumer Discretionary,0.00065,BZ0D1W2,EQ.STOCK,2026-07-31
DMP.AX,DMP,Domino's Pizza Enterprises Ltd,AU,Consumer Discretionary,0.00065,B07SFG7,EQ.STOCK,2026-07-31
QUINENC.SN,QUINENC,Quinenco SA,CL,Financials,0.00065,2712864,EQ.STOCK,2026-07-31
RBK.NS,RBK,RBL Bank Ltd,IN,Financials,0.00065,BD0FRL5,EQ.STOCK,2026-07-31
002004.SZ,002004,Huapont Life Sciences Co Ltd,CN,Health Care,0.00064,BD5CJZ9,EQ.STOCK,2026-07-31
1114.HK,1114,Brilliance China Automotive Holdings Ltd,HK,Consumer Discretionary,0.00064,6181482,EQ.STOCK,2026-07-31
6088.HK,6088,FIT Hon Teng Ltd,HK,Industrials,0.00064,BYVSXD4,EQ.STOCK,2026-07-31
ADPORTS.AE,ADPORTS,Abu Dhabi Ports Co PJSC,AE,Industrials,0.00064,BMGS410,EQ.STOCK,2026-07-31
BBL-R.BK,BBL-R,Bangkok Bank PCL,TH,Financials,0.00064,6368360,EQ.DRCPT,2026-07-31
BOROUGE.AE,BOROUGE,Borouge PLC,AE,Industrials,0.00064,BN2SB32,EQ.STOCK,2026-07-31
PETD.KL,PETD,Petronas Dagangan Bhd,MY,Energy,0.00064,6695938,EQ.STOCK,2026-07-31
000012.SZ,000012,CSG Holding Co Ltd,CN,Industrials,0.00063,BD5CD46,EQ.STOCK,2026-07-31
4966.TW,4966,Parade Technologies Ltd,TW,Technology,0.00063,B6RV676,EQ.STOCK,2026-07-31
601238.SS,601238,Guangzhou Automobile Group Co Ltd,CN,Consumer Discretionary,0.00063,BP3R477,EQ.STOCK,2026-07-31
688120.SS,688120,Hwatsing Technology Co Ltd,CN,Technology,0.00063,BNTXRT8,EQ.STOCK,2026-07-31
900912.SS,900912,Shanghai Waigaoqiao Free Trade Zone Group Co Ltd,CN,Real Estate,0.00063,6663195,EQ.STOCK,2026-07-31
AEFES.IS,AEFES,Anadolu Efes Biracilik Ve Malt Sanayii AS,TR,Consumer Staples,0.00063,B03MNV4,EQ.STOCK,2026-07-31
DLPL.NS,DLPL,Dr Lal PathLabs Ltd,IN,Health Care,0.00063,BYY2W03,EQ.STOCK,2026-07-31
GCC*.MX,GCC*,GCC SAB de CV,MX,Industrials,0.00063,2946663,EQ.STOCK,2026-07-31
KTC/F.BK,KTC/F,Krungthai Card PCL,TH,Financials,0.00063,BF2LWT8,EQ.FSH,2026-07-31
600418.SS,600418,Anhui Jianghuai Automobile Group Corp Ltd,CN,Consumer Discretionary,0.00062,BP3R1R6,EQ.STOCK,2026-07-31
ARCCI.SR,ARCCI,Al Rajhi Co for Co-operative Insurance,SA,Financials,0.00062,B3P6M52,EQ.STOCK,2026-07-31
BDMS-R.BK,BDMS-R,Bangkok Dusit Medical Services PCL,TH,Health Care,0.00062,B013SV4,EQ.DRCPT,2026-07-31
ICBP.JK,ICBP,Indofood CBP Sukses Makmur Tbk PT,ID,Consumer Staples,0.00062,B4LD3M8,EQ.STOCK,2026-07-31
SIPCHEM.SR,SIPCHEM,Sahara International Petrochemical Co,SA,Basic Materials,0.00062,B1C1NH5,EQ.STOCK,2026-07-31
SOLUTION.SR,SOLUTION,Arabian Internet & Communications Services Co,SA,Technology,0.00062,BMVH0Q9,EQ.STOCK,2026-07-31
2050.HK,2050,Zhejiang Sanhua Intelligent Controls Co Ltd,HK,Industrials,0.00061,BV4K4Z5,EQ.STOCK,2026-07-31
600295.SS,600295,Inner Mongolia ERDOS Resources Co Ltd,CN,Basic Materials,0.00061,BP3RH89,EQ.STOCK,2026-07-31
BOI.NS,BOI,Bank of India,IN,Financials,0.00061,6099789,EQ.STOCK,2026-07-31
CATERING.SR,CATERING,Catrion Catering Holding Co,SA,Consumer Discretionary,0.00061,B7J4PX9,EQ.STOCK,2026-07-31
IGL.NS,IGL,Indraprastha Gas Ltd,IN,Utilities,0.00061,BD9PXD0,EQ.STOCK,2026-07-31
LIIL.NS,LIIL,Linde India Ltd,IN,Basic Materials,0.00061,6180694,EQ.STOCK,2026-07-31
006280.KS,006280,GC Biopharma Corp,KR,Health Care,0.0006,6771708,EQ.STOCK,2026-07-31
0371.HK,371,Beijing Enterprises Water Group Ltd,HK,Utilities,0.0006,B01YCG0,EQ.STOCK,2026-07-31
0772.HK,772,China Literature Ltd,HK,Technology,0.0006,BYP71J9,EQ.STOCK,2026-07-31
1318.HK,1318,Mao Geping Cosmetics Co LTD,HK,Consumer Discretionary,0.0006,BPGKFW5,EQ.STOCK,2026-07-31
1833.HK,1833,Ping An Healthcare and Technology Co Ltd,HK,Health Care,0.0006,BDRYVB3,EQ.STOCK,2026-07-31
600038.SS,600038,AVICOPTER PLC,CN,Industrials,0.0006,BP3R6T3,EQ.STOCK,2026-07-31
600820.SS,600820,Shanghai Tunnel Engineering Co Ltd,CN,Industrials,0.0006,BP3R7J0,EQ.STOCK,2026-07-31
688235.SS,688235,BeOne Medicines Ltd,CN,Health Care,0.0006,BNHPM91,EQ.STOCK,2026-07-31
RYM.NZ,RYM,Ryman Healthcare Ltd,NZ,Health Care,0.0006,6161525,EQ.STOCK,2026-07-31
RYSAS.IS,RYSAS,Reysas Tasimacilik ve Lojistik Ticaret AS,TR,Industrials,0.0006,B0YBSZ9,EQ.STOCK,2026-07-31
STARHEAL.NS,STARHEAL,Star Health & Allied Insurance Co Ltd,IN,Financials,0.0006,BMG5DV4,EQ.STOCK,2026-07-31
0817.HK,817,China Jinmao Holdings Group Ltd,HK,Real Estate,0.00059,B23TGR6,EQ.STOCK,2026-07-31
0853.HK,853,Microport Scientific Corp,HK,Health Care,0.00059,B676TW7,EQ.STOCK,2026-07-31
200596.SZ,200596,Anhui Gujing Distillery Co Ltd,CN,Consumer Staples,0.00059,6026691,EQ.STOCK,2026-07-31
600012.SS,600012,Anhui Expressway Co Ltd,CN,Industrials,0.00059,BP3RGC6,EQ.STOCK,2026-07-31
601009.SS,601009,Bank of Nanjing Co Ltd,CN,Financials,0.00059,BP3R529,EQ.STOCK,2026-07-31
601012.SS,601012,LONGi Green Energy Technology Co Ltd,CN,Energy,0.00059,BRTL411,EQ.STOCK,2026-07-31
ADRO.JK,ADRO,Adaro Energy Indonesia Tbk PT,ID,Energy,0.00059,B3BQFC4,EQ.STOCK,2026-07-31
CHDRAUIB.MX,CHDRAUIB,Grupo Comercial Chedraui SA de CV,MX,Consumer Discretionary,0.00059,B457NQ0,EQ.STOCK,2026-07-31
SUN.SI,SUN,Suntec Real Estate Investment Trust,SG,Real Estate,0.00059,B04PZ72,EQ.REIT,2026-07-31
000089.SZ,000089,Shenzhen Airport Co Ltd,CN,Industrials,0.00058,BD5CDP7,EQ.STOCK,2026-07-31
002304.SZ,002304,Jiangsu Yanghe Distillery Co Ltd,CN,Consumer Staples,0.00058,BD5CPF1,EQ.STOCK,2026-07-31
2282.HK,2282,MGM China Holdings Ltd,HK,Consumer Discretionary,0.00058,B4P8HQ1,EQ.STOCK,2026-07-31
2357.HK,2357,AviChina Industry & Technology Co Ltd,HK,Industrials,0.00058,6707899,EQ.STOCK,2026-07-31
300442.SZ,300442,Range Intelligent Computing Technology Group Co Ltd,CN,Technology,0.00058,BNHPCQ8,EQ.STOCK,2026-07-31
601127.SS,601127,Seres Group Co Ltd,CN,Consumer Discretionary,0.00058,BYV1VC8,EQ.STOCK,2026-07-31
9044.T,9044,NANKAI Co Ltd,JP,Industrials,0.00058,6621472,EQ.STOCK,2026-07-31
DALLAH.SR,DALLAH,Dallah Healthcare Co,SA,Health Care,0.00058,B95TKH1,EQ.STOCK,2026-07-31
DFI.SI,DFI,DFI Retail Group Holdings Ltd,SG,Consumer Staples,0.00058,6180274,EQ.STOCK,2026-07-31
DIC.AE,DIC,Dubai Investments PJSC,AE,Industrials,0.00058,6388357,EQ.STOCK,2026-07-31
GLXO.NS,GLXO,GlaxoSmithKline Pharmaceuticals Ltd,IN,Health Care,0.00058,6117982,EQ.STOCK,2026-07-31
IVL/F.BK,IVL/F,Indorama Ventures PCL,TH,Basic Materials,0.00058,B5V4S12,EQ.FSH,2026-07-31
TMX.NS,TMX,Thermax Ltd,IN,Industrials,0.00058,B10SSP1,EQ.STOCK,2026-07-31
002380.KS,002380,KCC Corp,KR,Industrials,0.00057,6490917,EQ.STOCK,2026-07-31
0548.HK,548,Shenzhen Expressway Corp Ltd,HK,Industrials,0.00057,6848743,EQ.STOCK,2026-07-31
601991.SS,601991,Datang International Power Generation Co Ltd,CN,Utilities,0.00057,BP3R3W5,EQ.STOCK,2026-07-31
BPT.AX,BPT,Beach Energy Ltd,AU,Energy,0.00057,6088204,EQ.STOCK,2026-07-31
HUDCO.NS,HUDCO,Housing & Urban Development Corp Ltd,IN,Financials,0.00057,BDVJZR8,EQ.STOCK,2026-07-31
0220.HK,220,Uni-President China Holdings Ltd,HK,Consumer Staples,0.00056,B29MKF5,EQ.STOCK,2026-07-31
301165.SZ,301165,Ruijie Networks Co Ltd,CN,Telecommunications,0.00056,BNHSP57,EQ.STOCK,2026-07-31
600160.SS,600160,Zhejiang Juhua Co Ltd,CN,Basic Materials,0.00056,BP3R983,EQ.STOCK,2026-07-31
688331.SS,688331,Remegen Co Ltd,CN,Health Care,0.00056,BQ3RT79,EQ.STOCK,2026-07-31
IRB.NS,IRB,IRB Infrastructure Developers Ltd,IN,Industrials,0.00056,BMTY040,EQ.STOCK,2026-07-31
KPITTECH.NS,KPITTECH,KPIT Technologies Ltd,IN,Technology,0.00056,BFMX0X4,EQ.STOCK,2026-07-31
001965.SZ,001965,China Merchants Expressway Network & Technology Holdings Co Ltd,CN,Industrials,0.00055,BFY8GC8,EQ.STOCK,2026-07-31
002050.SZ,002050,Zhejiang Sanhua Intelligent Controls Co Ltd,CN,Industrials,0.00055,BD5CDC4,EQ.STOCK,2026-07-31
002353.SZ,002353,Yantai Jereh Oilfield Services Group Co Ltd,CN,Energy,0.00055,BD5CMC7,EQ.STOCK,2026-07-31
1276.HK,1276,Jiangsu Hengrui Pharmaceuticals Co Ltd,HK,Health Care,0.00055,BMV9P26,EQ.STOCK,2026-07-31
139480.KS,139480,E-MART Inc,KR,Consumer Discretionary,0.00055,B682TF7,EQ.STOCK,2026-07-31
601360.SS,601360,360 Security Technology Inc,CN,Technology,0.00055,BDF57C1,EQ.STOCK,2026-07-31
601608.SS,601608,CITIC Heavy Industries Co Ltd,CN,Industrials,0.00055,BP3RB32,EQ.STOCK,2026-07-31
ARCLK.IS,ARCLK,Arcelik AS,TR,Consumer Discretionary,0.00055,B03MP18,EQ.STOCK,2026-07-31
MGROS.IS,MGROS,Migros Ticaret AS,TR,Consumer Staples,0.00055,B50PPK4,EQ.STOCK,2026-07-31
NMDC.AE,NMDC,NMDC Group PJSC,AE,Industrials,0.00055,6625838,EQ.STOCK,2026-07-31
000425.SZ,000425,XCMG Construction Machinery Co Ltd,CN,Industrials,0.00054,BD5CM27,EQ.STOCK,2026-07-31
000625.SZ,000625,Chongqing Changan Automobile Co Ltd,CN,Consumer Discretionary,0.00054,BD5CP62,EQ.STOCK,2026-07-31
1579.HK,1579,Yihai International Holding Ltd,HK,Consumer Staples,0.00054,BD9GZX7,EQ.STOCK,2026-07-31
200012.SZ,200012,CSG Holding Co Ltd,CN,Industrials,0.00054,6196174,EQ.STOCK,2026-07-31
204320.KS,204320,HL Mando Co Ltd,KR,Consumer Discretionary,0.00054,BQJZQJ8,EQ.STOCK,2026-07-31
2264.T,2264,Morinaga Milk Industry Co Ltd,JP,Consumer Staples,0.00054,6602648,EQ.STOCK,2026-07-31
4114.T,4114,Nippon Shokubai Co Ltd,JP,Basic Materials,0.00054,6470588,EQ.STOCK,2026-07-31
5471.T,5471,Daido Steel Co Ltd,JP,Basic Materials,0.00054,6250627,EQ.STOCK,2026-07-31
600089.SS,600089,TBEA Co Ltd,CN,Industrials,0.00054,BP3R4H7,EQ.STOCK,2026-07-31
600177.SS,600177,Youngor Fashion Co Ltd,CN,Consumer Discretionary,0.00054,BP3R6R1,EQ.STOCK,2026-07-31
601969.SS,601969,Hainan Mining Co Ltd,CN,Basic Materials,0.00054,BZ0D1Z5,EQ.STOCK,2026-07-31
6963.HK,6963,Sunshine Insurance Group Co Ltd,HK,Financials,0.00054,BPCS4V5,EQ.STOCK,2026-07-31
BANPU/F.BK,BANPU/F,Banpu PCL,TH,Energy,0.00054,BXL2GD0,EQ.FSH,2026-07-31
GPSC/F.BK,GPSC/F,Global Power Synergy PCL,TH,Utilities,0.00054,BWX43T2,EQ.FSH,2026-07-31
LH/F.BK,LH/F,Land & Houses PCL,TH,Real Estate,0.00054,6581930,EQ.FSH,2026-07-31
NLC.NS,NLC,NLC India Ltd,IN,Utilities,0.00054,6374895,EQ.STOCK,2026-07-31
300757.SZ,300757,RoboTechnik Intelligent Technology Co Ltd,CN,Industrials,0.00053,BNHPGJ9,EQ.STOCK,2026-07-31
600037.SS,600037,Beijing Gehua CATV Network Co Ltd,CN,Consumer Discretionary,0.00053,BP3R8R5,EQ.STOCK,2026-07-31
601229.SS,601229,Bank of Shanghai Co Ltd,CN,Financials,0.00053,BD8P9J9,EQ.STOCK,2026-07-31
603296.SS,603296,Huaqin Co Ltd,CN,Technology,0.00053,BSNVN51,EQ.STOCK,2026-07-31
6952.T,6952,Casio Computer Co Ltd,JP,Consumer Discretionary,0.00053,6178967,EQ.STOCK,2026-07-31
ALPEKA.MX,ALPEKA,Alpek SAB de CV,MX,Basic Materials,0.00053,B85H8C9,EQ.STOCK,2026-07-31
INKP.JK,INKP,Indah Kiat Pulp & Paper Tbk PT,ID,Basic Materials,0.00053,6462422,EQ.STOCK,2026-07-31
SAVOLA.SR,SAVOLA,Savola Group/The,SA,Consumer Staples,0.00053,B133RS9,EQ.STOCK,2026-07-31
002600.SZ,002600,Lingyi iTech Guangdong Co,CN,Technology,0.00052,BD5LQY4,EQ.STOCK,2026-07-31
1876.HK,1876,Budweiser Brewing Co APAC Ltd,HK,Consumer Staples,0.00052,BKDXJH5,EQ.STOCK,2026-07-31
600010.SS,600010,Inner Mongolia BaoTou Steel Union Co Ltd,CN,Basic Materials,0.00052,BP3R488,EQ.STOCK,2026-07-31
600085.SS,600085,Beijing Tong Ren Tang Co Ltd,CN,Health Care,0.00052,BP3R5C9,EQ.STOCK,2026-07-31
600673.SS,600673,Guangdong HEC Technology Holding Co Ltd,CN,Basic Materials,0.00052,BP3R819,EQ.STOCK,2026-07-31
600893.SS,600893,AECC Aviation Power Co Ltd,CN,Industrials,0.00052,BP3R518,EQ.STOCK,2026-07-31
601872.SS,601872,China Merchants Energy Shipping Co Ltd,CN,Industrials,0.00052,BP3R8G4,EQ.STOCK,2026-07-31
ARI.JO,ARI,African Rainbow Minerals Ltd,ZA,Basic Materials,0.00052,6041122,EQ.STOCK,2026-07-31
ISAE4.SA,ISAE4,CTEEP-Cia de Transmissao de Energia Eletrica Paulista,BR,Utilities,0.00052,BSLLXS6,EQ.PREF,2026-07-31
TU/F.BK,TU/F,Thai Union Group PCL,TH,Consumer Staples,0.00052,BYTBHT9,EQ.FSH,2026-07-31
URC.PS,URC,Universal Robina Corp,PH,Consumer Staples,0.00052,6919519,EQ.STOCK,2026-07-31
002466.SZ,002466,Tianqi Lithium Corp,CN,Basic Materials,0.00051,BD5CKH8,EQ.STOCK,2026-07-31
1055.HK,1055,China Southern Airlines Co Ltd,HK,Consumer Discretionary,0.00051,6013693,EQ.STOCK,2026-07-31
1128.HK,1128,Wynn Macau Ltd,HK,Consumer Discretionary,0.00051,B4JSTL6,EQ.STOCK,2026-07-31
1385.HK,1385,Shanghai Fudan Microelectronics Group Co Ltd,HK,Technology,0.00051,6280743,EQ.STOCK,2026-07-31
601607.SS,601607,Shanghai Pharmaceuticals Holding Co Ltd,CN,Health Care,0.00051,BP3R4Z5,EQ.STOCK,2026-07-31
BRES.QA,BRES,Barwa Real Estate Co,QA,Real Estate,0.00051,B0YTG26,EQ.STOCK,2026-07-31
DN.NS,DN,Deepak Nitrite Ltd,IN,Basic Materials,0.00051,BNGMX23,EQ.STOCK,2026-07-31
HEXT.NS,HEXT,Hexaware Technologies Ltd,IN,Technology,0.00051,BQ98501,EQ.STOCK,2026-07-31
OR/F.BK,OR/F,PTT Oil & Retail Business PCL,TH,Energy,0.00051,BN73M51,EQ.FSH,2026-07-31
000728.SZ,000728,Guoyuan Securities Co Ltd,CN,Financials,0.0005,BD5CNY6,EQ.STOCK,2026-07-31
000977.SZ,000977,IEIT Systems Co Ltd,CN,Technology,0.0005,BD5CLB9,EQ.STOCK,2026-07-31
002958.SZ,002958,Qingdao Rural Commercial Bank Corp,CN,Financials,0.0005,BK4XYB3,EQ.STOCK,2026-07-31
1508.HK,1508,China Reinsurance Group Corp,HK,Financials,0.0005,BYYN347,EQ.STOCK,2026-07-31
377300.KS,377300,Kakaopay Corp,KR,Industrials,0.0005,BP8ZCS3,EQ.STOCK,2026-07-31
600104.SS,600104,SAIC Motor Corp Ltd,CN,Consumer Discretionary,0.0005,BP3R2D9,EQ.STOCK,2026-07-31
6781.TW,6781,Advanced Energy Solution Holding Co Ltd,TW,Industrials,0.0005,BMXC4S2,EQ.STOCK,2026-07-31
HMN.NS,HMN,Emami Ltd,IN,Consumer Staples,0.0005,6741035,EQ.STOCK,2026-07-31
HMPRO/F.BK,HMPRO/F,Home Product Center PCL,TH,Consumer Discretionary,0.0005,6418533,EQ.FSH,2026-07-31
ISAT.JK,ISAT,Indosat Tbk PT,ID,Telecommunications,0.0005,B00FYK2,EQ.STOCK,2026-07-31
SYNG.NS,SYNG,Syngene International Ltd,IN,Health Care,0.0005,BYXXQB6,EQ.STOCK,2026-07-31
4205.T,4205,Zeon Corp,JP,Basic Materials,0.00049,6644015,EQ.STOCK,2026-07-31
489790.KS,489790,Hanwha Industrial Solutions Co Ltd/ New,KR,Industrials,0.00049,BS601C8,EQ.STOCK,2026-07-31
6693.HK,6693,Chifeng Jilong Gold Mining Group Ltd,HK,Basic Materials,0.00049,BV0TR57,EQ.STOCK,2026-07-31
MFG.AX,MFG,Magellan Financial Group Ltd,AU,Financials,0.00049,B015YX4,EQ.STOCK,2026-07-31
PGSUS.IS,PGSUS,Pegasus Hava Tasimaciligi AS,TR,Consumer Discretionary,0.00049,B9J4ZK0,EQ.STOCK,2026-07-31
0101.HK,101,Hang Lung Properties Ltd,HK,Real Estate,0.00048,6030506,EQ.STOCK,2026-07-31
3279.T,3279,Activia Properties Inc,JP,Real Estate,0.00048,B8BSRY1,EQ.REIT,2026-07-31
600584.SS,600584,JCET Group Co Ltd,CN,Technology,0.00048,BP3RCQ2,EQ.STOCK,2026-07-31
601077.SS,601077,Chongqing Rural Commercial Bank Co Ltd,CN,Financials,0.00048,BJLWMG7,EQ.STOCK,2026-07-31
601689.SS,601689,Ningbo Tuopu Group Co Ltd,CN,Consumer Discretionary,0.00048,BYQDMF9,EQ.STOCK,2026-07-31
9921.TW,9921,Giant Manufacturing Co Ltd,TW,Consumer Discretionary,0.00048,6372167,EQ.STOCK,2026-07-31
EKGYO.IS,EKGYO,Emlak Konut Gayrimenkul Yatirim Ortakligi AS,TR,Real Estate,0.00048,B586565,EQ.REIT,2026-07-31
GENT.KL,GENT,Genting Bhd,MY,Consumer Discretionary,0.00048,B1VXJL8,EQ.STOCK,2026-07-31
002080.SZ,002080,Sinoma Science & Technology Co Ltd,CN,Basic Materials,0.00047,BD5LVM7,EQ.STOCK,2026-07-31
1072.HK,1072,Dongfang Electric Corp Ltd,HK,Energy,0.00047,6278566,EQ.STOCK,2026-07-31
CPAXT/F.BK,CPAXT/F,CP AXTRA PCL,TH,Consumer Discretionary,0.00047,BRXGHQ8,EQ.FSH,2026-07-31
KAYAN.SR,KAYAN,Saudi Kayan Petrochemical Co,SA,Basic Materials,0.00047,B1Z8F66,EQ.STOCK,2026-07-31
SASA.IS,SASA,Sasa Polyester Sanayi AS,TR,Basic Materials,0.00047,B03MXD6,EQ.STOCK,2026-07-31
002230.SZ,002230,Iflytek Co Ltd,CN,Technology,0.00046,BD5CNN5,EQ.STOCK,2026-07-31
1060.HK,1060,Damai Entertainment Holdings Ltd,HK,Consumer Discretionary,0.00046,BPYM749,EQ.STOCK,2026-07-31
2607.T,2607,Fuji Oil Holdings Inc,JP,Consumer Staples,0.00046,6356848,EQ.STOCK,2026-07-31
3466.T,3466,LaSalle Logiport REIT,JP,Real Estate,0.00046,BDD1L29,EQ.REIT,2026-07-31
6806.HK,6806,Shenwan Hongyuan Group Co Ltd,HK,Financials,0.00046,BK6NTS3,EQ.STOCK,2026-07-31
688036.SS,688036,Shenzhen Transsion Holdings Co Ltd,CN,Telecommunications,0.00046,BNR4NP1,EQ.STOCK,2026-07-31
LICHF.NS,LICHF,LIC Housing Finance Ltd,IN,Financials,0.00046,6101026,EQ.STOCK,2026-07-31
TATATECH.NS,TATATECH,Tata Technologies Ltd,IN,Technology,0.00046,BQC5HK3,EQ.STOCK,2026-07-31
TOPG.KL,TOPG,Top Glove Corp Bhd,MY,Health Care,0.00046,B05L892,EQ.STOCK,2026-07-31
VOGL.NS,VOGL,Vedanta Oil and Gas Ltd,IN,Basic Materials,0.00046,BX69852,EQ.STOCK,2026-07-31
000807.SZ,000807,Yunnan Aluminium Co Ltd,CN,Basic Materials,0.00045,BD5CB75,EQ.STOCK,2026-07-31
2386.HK,2386,Sinopec Engineering Group Co Ltd,HK,Industrials,0.00045,B92NYC9,EQ.STOCK,2026-07-31
2606.TW,2606,U-Ming Marine Transport Corp,TW,Industrials,0.00045,6911377,EQ.STOCK,2026-07-31
263750.KS,263750,Pearl Abyss Corp,KR,Consumer Discretionary,0.00045,BYX56S9,EQ.STOCK,2026-07-31
282330.KS,282330,BGF retail Co Ltd,KR,Consumer Staples,0.00045,BD95QN1,EQ.STOCK,2026-07-31
601898.SS,601898,China Coal Energy Co Ltd,CN,Energy,0.00045,BP3R3P8,EQ.STOCK,2026-07-31
6178.HK,6178,Everbright Securities Co Ltd,HK,Financials,0.00045,BDCSC73,EQ.STOCK,2026-07-31
9696.HK,9696,Tianqi Lithium Corp,HK,Basic Materials,0.00045,BMZ3RS4,EQ.STOCK,2026-07-31
AWC/F.BK,AWC/F,Asset World Corp PCL,TH,Real Estate,0.00045,BJCVZG4,EQ.FSH,2026-07-31
AWL.NS,AWL,Adani Wilmar Ltd,IN,Consumer Staples,0.00045,BL6LPH5,EQ.STOCK,2026-07-31
GDSP.NS,GDSP,Godrej Industries Ltd,IN,Industrials,0.00045,B1BFBC9,EQ.STOCK,2026-07-31
JGS.PS,JGS,JG Summit Holdings Inc,PH,Industrials,0.00045,6466457,EQ.STOCK,2026-07-31
NAHDI.SR,NAHDI,Nahdi Medical Co,SA,Consumer Staples,0.00045,BMZPZG4,EQ.STOCK,2026-07-31
RATCH/F.BK,RATCH/F,Ratch Group PCL,TH,Utilities,0.00045,BK1W1W3,EQ.FSH,2026-07-31
VEDPOWER.NS,VEDPOWER,Vedanta Power Ltd,IN,Basic Materials,0.00045,BTXZ189,EQ.STOCK,2026-07-31
002311.SZ,002311,Guangdong Haid Group Co Ltd,CN,Consumer Staples,0.00044,BD5CJ60,EQ.STOCK,2026-07-31
002625.SZ,002625,Kuang-Chi Technologies Co Ltd,CN,Consumer Discretionary,0.00044,BD5CBF3,EQ.STOCK,2026-07-31
090435.KS,090435,Amorepacific Corp,KR,Consumer Discretionary,0.00044,B1638D8,EQ.PREF,2026-07-31
3697.T,3697,SHIFT Inc,JP,Technology,0.00044,BRJQJX3,EQ.STOCK,2026-07-31
688249.SS,688249,Nexchip Semiconductor Corp,CN,Technology,0.00044,BSY23C0,EQ.STOCK,2026-07-31
ANE.MC,ANE,Corp ACCIONA Energias Renovables SA,ES,Utilities,0.00044,BP7L895,EQ.STOCK,2026-07-31
COLT.PR,COLT,Colt CZ Group SE,CZ,Industrials,0.00044,BMYGDM0,EQ.STOCK,2026-07-31
DWNI.DE,DWNI,Deutsche Wohnen SE,DE,Real Estate,0.00044,B0YZ0Z5,EQ.STOCK,2026-07-31
GQG.AX,GQG,GQG Partners Inc,AU,Financials,0.00044,BN469H4,EQ.DRCPT,2026-07-31
JFC.PS,JFC,Jollibee Foods Corp,PH,Consumer Discretionary,0.00044,6474494,EQ.STOCK,2026-07-31
SADAFCO.SR,SADAFCO,Saudia Dairy & Foodstuff Co,SA,Consumer Staples,0.00044,B133P41,EQ.STOCK,2026-07-31
0874.HK,874,Guangzhou Baiyunshan Pharmaceutical Holdings Co Ltd,HK,Health Care,0.00043,6084387,EQ.STOCK,2026-07-31
2202.HK,2202,China Vanke Co Ltd,HK,Real Estate,0.00043,BN320P8,EQ.STOCK,2026-07-31
IREDA.NS,IREDA,Indian Renewable Energy Development Agency Ltd,IN,Financials,0.00043,BNDWFY2,EQ.STOCK,2026-07-31
LTTS.NS,LTTS,L&T Technology Services Ltd,IN,Industrials,0.00043,BD3RVD8,EQ.STOCK,2026-07-31
002156.SZ,002156,TongFu Microelectronics Co Ltd,CN,Technology,0.00042,BD5M001,EQ.STOCK,2026-07-31
002241.SZ,002241,GoerTek Inc,CN,Industrials,0.00042,BD5CNT1,EQ.STOCK,2026-07-31
004370.KS,004370,NongShim Co Ltd,KR,Consumer Staples,0.00042,6638115,EQ.STOCK,2026-07-31
600132.SS,600132,Chongqing Brewery Co Ltd,CN,Consumer Staples,0.00042,BP3RCZ1,EQ.STOCK,2026-07-31
603228.SS,603228,Shenzhen Kinwong Electronic Co Ltd,CN,Technology,0.00042,BYW5QV3,EQ.STOCK,2026-07-31
688082.SS,688082,ACM Research Shanghai Inc,CN,Technology,0.00042,BMF7PQ0,EQ.STOCK,2026-07-31
688220.SS,688220,ASR Microelectronics Co Ltd,CN,Technology,0.00042,BNHPM46,EQ.STOCK,2026-07-31
PFGRUPSU.CL,PFGRUPSU,Grupo de Inversiones Suramericana SA,CO,Financials,0.00042,B4ZRC96,EQ.PREF,2026-07-31
SGS.SR,SGS,Saudi Ground Services Co,SA,Industrials,0.00042,BYYTJ69,EQ.STOCK,2026-07-31
TLI/F.BK,TLI/F,Thai Life Insurance PCL,TH,Financials,0.00042,BMH11Y0,EQ.FSH,2026-07-31
000066.SZ,000066,China Greatwall Technology Group Co Ltd,CN,Technology,0.00041,BD5CKJ0,EQ.STOCK,2026-07-31
000988.SZ,000988,Hgtech Co Ltd,CN,Technology,0.00041,BD5CCY9,EQ.STOCK,2026-07-31
002709.SZ,002709,Guangzhou Tinci Materials Technology Co Ltd,CN,Basic Materials,0.00041,BD5LR63,EQ.STOCK,2026-07-31
0753.HK,753,Air China Ltd,HK,Consumer Discretionary,0.00041,B04KNF1,EQ.STOCK,2026-07-31
0956.HK,956,China Suntien Green Energy Corp Ltd,HK,Utilities,0.00041,B3ZXLP6,EQ.STOCK,2026-07-31
4272.T,4272,Nippon Kayaku Co Ltd,JP,Basic Materials,0.00041,6640422,EQ.STOCK,2026-07-31
600795.SS,600795,GD Power Development Co Ltd,CN,Utilities,0.00041,BP3R3J2,EQ.STOCK,2026-07-31
603369.SS,603369,Jiangsu King's Luck Brewery JSC Ltd,CN,Consumer Staples,0.00041,BTFRHZ2,EQ.STOCK,2026-07-31
CUAN.JK,CUAN,Petrindo Jaya Kreasi Tbk PT,ID,Energy,0.00041,BQXHXB1,EQ.STOCK,2026-07-31
FAKEEHCA.SR,FAKEEHCA,New Issuer: BB Company ID:71589552,SA,Health Care,0.00041,BT03ZB7,EQ.STOCK,2026-07-31
PSSA3.SA,PSSA3,Porto Seguro SA,BR,Financials,0.00041,B0498T7,EQ.STOCK,2026-07-31
RYGYO.IS,RYGYO,Reysas Gayrimenkul Yatirim Ortakligi AS,TR,Real Estate,0.00041,B3VKHD1,EQ.REIT,2026-07-31
011170.KS,011170,Lotte Chemical Corp,KR,Industrials,0.0004,6440020,EQ.STOCK,2026-07-31
3347.HK,3347,Hangzhou Tigermed Consulting Co Ltd,HK,Health Care,0.0004,BMZC7F8,EQ.STOCK,2026-07-31
4118.T,4118,Kaneka Corp,JP,Basic Materials,0.0004,6483360,EQ.STOCK,2026-07-31
4208.T,4208,UBE Corp,JP,Basic Materials,0.0004,6910705,EQ.STOCK,2026-07-31
600808.SS,600808,Maanshan Iron & Steel Co Ltd,CN,Basic Materials,0.0004,BP3R9K5,EQ.STOCK,2026-07-31
6753.T,6753,Sharp Corp/Japan,JP,Technology,0.0004,6800602,EQ.STOCK,2026-07-31
688506.SS,688506,Sichuan Biokin Pharmaceutical Co Ltd,CN,Health Care,0.0004,BPH27W4,EQ.STOCK,2026-07-31
7164.T,7164,Zenkoku Hosho Co Ltd,JP,Financials,0.0004,B92MT10,EQ.STOCK,2026-07-31
AGHOL.IS,AGHOL,AG Anadolu Grubu Holding AS,TR,Industrials,0.0004,B03MZM9,EQ.STOCK,2026-07-31
CSTRL.NS,CSTRL,Castrol India Ltd,IN,Energy,0.0004,BKS8B79,EQ.STOCK,2026-07-31
ERICA.ST,ERICA,Telefonaktiebolaget LM Ericsson,SE,Telecommunications,0.0004,5957480,EQ.STOCK,2026-07-31
KLBF.JK,KLBF,Kalbe Farma Tbk PT,ID,Health Care,0.0004,B7311V6,EQ.STOCK,2026-07-31
0598.HK,598,Sinotrans Ltd,HK,Industrials,0.00039,6579010,EQ.STOCK,2026-07-31
600848.SS,600848,Shanghai Lingang Holdings Corp Ltd,CN,Real Estate,0.00039,BK947Q7,EQ.STOCK,2026-07-31
603156.SS,603156,Hebei Yangyuan Zhihui Beverage Co Ltd,CN,Consumer Staples,0.00039,BHWLWH0,EQ.STOCK,2026-07-31
688183.SS,688183,Shengyi Electronics Co Ltd,CN,Technology,0.00039,BQWRJD6,EQ.STOCK,2026-07-31
900947.SS,900947,Shanghai Zhenhua Heavy Industries Co Ltd,CN,Industrials,0.00039,6018256,EQ.STOCK,2026-07-31
AURE3.SA,AURE3,Auren Energia SA,BR,Utilities,0.00039,BMXHJ82,EQ.STOCK,2026-07-31
GUBRF.IS,GUBRF,Gubre Fabrikalari TAS,TR,Basic Materials,0.00039,B03MTC7,EQ.STOCK,2026-07-31
IQ,IQ,iQIYI Inc,US,Consumer Discretionary,0.00039,BYWT1W1,EQ.DRCPT,2026-07-31
MTEL.JK,MTEL,Dayamitra Telekomunikasi PT,ID,Telecommunications,0.00039,BP6DSH0,EQ.STOCK,2026-07-31
0576.HK,576,Zhejiang Expressway Co Ltd,HK,Industrials,0.00038,6990763,EQ.STOCK,2026-07-31
0991.HK,991,Datang International Power Generation Co Ltd,HK,Utilities,0.00038,6080716,EQ.STOCK,2026-07-31
1958.HK,1958,BAIC Motor Corp Ltd,HK,Consumer Discretionary,0.00038,BTF8BT7,EQ.STOCK,2026-07-31
251270.KS,251270,Netmarble Corp,KR,Consumer Discretionary,0.00038,BF2S426,EQ.STOCK,2026-07-31
601179.SS,601179,China XD Electric Co Ltd,CN,Technology,0.00038,BP3R671,EQ.STOCK,2026-07-31
601669.SS,601669,Power Construction Corp of China Ltd,CN,Industrials,0.00038,BP3R4M2,EQ.STOCK,2026-07-31
601696.SS,601696,BOC International China Co Ltd,CN,Financials,0.00038,BL6D355,EQ.STOCK,2026-07-31
ENDU.NS,ENDU,Endurance Technologies Ltd,IN,Consumer Discretionary,0.00038,BYZ02R3,EQ.STOCK,2026-07-31
MARAFIQ.SR,MARAFIQ,Power & Water Utility Co for Jubail & Yanbu,SA,Utilities,0.00038,BQGHZW3,EQ.STOCK,2026-07-31
OSP/F.BK,OSP/F,Osotspa PCL,TH,Consumer Staples,0.00038,BGR9QQ9,EQ.FSH,2026-07-31
PGAS.JK,PGAS,Perusahaan Gas Negara Persero Tbk PT,ID,Utilities,0.00038,6719764,EQ.STOCK,2026-07-31
RALYH.IS,RALYH,Ral Yatirim Holding AS,TR,Basic Materials,0.00038,B03MPX0,EQ.STOCK,2026-07-31
UBBL.NS,UBBL,United Breweries Ltd,IN,Consumer Staples,0.00038,B1683V6,EQ.STOCK,2026-07-31
002001.SZ,002001,Zhejiang NHU Co Ltd,CN,Consumer Staples,0.00037,BD5CH66,EQ.STOCK,2026-07-31
002422.SZ,002422,Sichuan Kelun Pharmaceutical Co Ltd,CN,Health Care,0.00037,BD5CL08,EQ.STOCK,2026-07-31
3308.HK,3308,Zhongji Innolight Co Ltd,HK,Telecommunications,0.00037,BTNPL23,EQ.STOCK,2026-07-31
600737.SS,600737,COFCO Sugar Holding Co Ltd,CN,Consumer Staples,0.00037,BYYFJG7,EQ.STOCK,2026-07-31
601377.SS,601377,Industrial Securities Co Ltd,CN,Financials,0.00037,BP3R5B8,EQ.STOCK,2026-07-31
603799.SS,603799,Zhejiang Huayou Cobalt Co Ltd,CN,Basic Materials,0.00037,BFF5BV2,EQ.STOCK,2026-07-31
8086.T,8086,Nipro Corp,JP,Health Care,0.00037,6641599,EQ.STOCK,2026-07-31
ALVO.IC,ALVO,Alvotech SA,IS,Health Care,0.00037,BP2S471,EQ.STOCK,2026-07-31
COLBUN.SN,COLBUN,Colbun SA,CL,Utilities,0.00037,2309255,EQ.STOCK,2026-07-31
MAVI.IS,MAVI,Mavi Giyim Sanayi Ve Ticaret AS,TR,Consumer Discretionary,0.00037,BF5M481,EQ.STOCK,2026-07-31
TAEE11.SA,TAEE11,Transmissora Alianca de Energia Eletrica S/A,BR,Utilities,0.00037,B1G8KX7,EQ.STOCK,2026-07-31
450080.KS,450080,Ecopro Materials Co Ltd,KR,Basic Materials,0.00036,BMDBJ17,EQ.STOCK,2026-07-31
600623.SS,600623,Shanghai Huayi Group Co Ltd,CN,Consumer Discretionary,0.00036,BP3RB65,EQ.STOCK,2026-07-31
7240.T,7240,NOK Corp,JP,Consumer Discretionary,0.00036,6642428,EQ.STOCK,2026-07-31
GENM.KL,GENM,Genting Malaysia Bhd,MY,Consumer Discretionary,0.00036,B1VXKN7,EQ.STOCK,2026-07-31
036460.KS,036460,Korea Gas Corp,KR,Utilities,0.00035,6182076,EQ.STOCK,2026-07-31
1618.HK,1618,Metallurgical Corp of China Ltd,HK,Industrials,0.00035,B42SRM0,EQ.STOCK,2026-07-31
2810.T,2810,House Foods Group Inc,JP,Consumer Staples,0.00035,6440503,EQ.STOCK,2026-07-31
300751.SZ,300751,Suzhou Maxwell Technologies Co Ltd,CN,Industrials,0.00035,BL61W96,EQ.STOCK,2026-07-31
300765.SZ,300765,CSPC Innovation Pharmaceutical Co Ltd,CN,Consumer Staples,0.00035,BL61WD0,EQ.STOCK,2026-07-31
4676.T,4676,Fuji Media Holdings Inc,JP,Consumer Discretionary,0.00035,6036582,EQ.STOCK,2026-07-31
EMTK.JK,EMTK,Elang Mahkota Teknologi Tbk PT,ID,Consumer Discretionary,0.00035,B5NM8S1,EQ.STOCK,2026-07-31
FPE.DE,FPE,FUCHS SE,DE,Basic Materials,0.00035,BNHRG73,EQ.STOCK,2026-07-31
UNVR.JK,UNVR,Unilever Indonesia Tbk PT,ID,Consumer Staples,0.00035,6687184,EQ.STOCK,2026-07-31
WHIRL.NS,WHIRL,Whirlpool of India Ltd,IN,Consumer Discretionary,0.00035,6291790,EQ.STOCK,2026-07-31
002385.SZ,002385,Beijing Dabeinong Technology Group Co Ltd,CN,Consumer Staples,0.00034,BD5CMP0,EQ.STOCK,2026-07-31
139130.KS,139130,DGB Financial Group Inc,KR,Financials,0.00034,B68N347,EQ.STOCK,2026-07-31
300251.SZ,300251,Beijing Enlight Media Co Ltd,CN,Consumer Discretionary,0.00034,BD5CN79,EQ.STOCK,2026-07-31
3234.T,3234,Mori Hills REIT Investment Corp,JP,Real Estate,0.00034,B1GF9P3,EQ.REIT,2026-07-31
600346.SS,600346,Hengli Petrochemical Co Ltd,CN,Basic Materials,0.00034,BFB4HL5,EQ.STOCK,2026-07-31
APPC.SR,APPC,Advanced Petrochemical Co,SA,Basic Materials,0.00034,B1P6WF8,EQ.STOCK,2026-07-31
DQ,DQ,Daqo New Energy Corp,US,Basic Materials,0.00034,B953PM3,EQ.DRCPT,2026-07-31
RLXF.NS,RLXF,Relaxo Footwears Ltd,IN,Consumer Discretionary,0.00034,BGSCL06,EQ.STOCK,2026-07-31
SRE*.MX,SRE*,Sempra,MX,Utilities,0.00034,BPPWWG5,EQ.STOCK,2026-07-31
000009.SZ,000009,China Baoan Group Co Ltd,CN,Industrials,0.00033,BD5CKD4,EQ.STOCK,2026-07-31
000547.SZ,000547,Addsino Co Ltd,CN,Industrials,0.00033,BD5CKF6,EQ.STOCK,2026-07-31
000596.SZ,000596,Anhui Gujing Distillery Co Ltd,CN,Consumer Staples,0.00033,BD5M1G4,EQ.STOCK,2026-07-31
008770.KS,008770,Hotel Shilla Co Ltd,KR,Consumer Discretionary,0.00033,6440332,EQ.STOCK,2026-07-31
0165.HK,165,China Everbright Ltd,HK,Financials,0.00033,6455143,EQ.STOCK,2026-07-31
022100.KS,022100,Posco DX Co Ltd,KR,Technology,0.00033,B123VB1,EQ.STOCK,2026-07-31
600039.SS,600039,Sichuan Road and Bridge Group Co Ltd,CN,Industrials,0.00033,BP3RBG5,EQ.STOCK,2026-07-31
600233.SS,600233,YTO Express Group Co Ltd,CN,Industrials,0.00033,BYW5QJ1,EQ.STOCK,2026-07-31
600926.SS,600926,Bank of Hangzhou Co Ltd,CN,Financials,0.00033,BYW5MZ9,EQ.STOCK,2026-07-31
600988.SS,600988,Chifeng Jilong Gold Mining Group Ltd,CN,Basic Materials,0.00033,BZ0D1S8,EQ.STOCK,2026-07-31
9449.T,9449,GMO internet group Inc,JP,Technology,0.00033,6170167,EQ.STOCK,2026-07-31
EXTRA.SR,EXTRA,United Electronics Co,SA,Consumer Discretionary,0.00033,B4P2SD7,EQ.STOCK,2026-07-31
MAGEN.IS,MAGEN,Margun Enerji Uretim Sanayi VE Ticaret AS,TR,Utilities,0.00033,BMVGRP4,EQ.STOCK,2026-07-31
PRESIGHT.AE,PRESIGHT,Presight AI Holding PLC,AE,Technology,0.00033,BM8C108,EQ.STOCK,2026-07-31
RESEARCH.SR,RESEARCH,Saudi Research & Media Group,SA,Consumer Discretionary,0.00033,B156TT1,EQ.STOCK,2026-07-31
SJVN.NS,SJVN,SJVN Ltd,IN,Utilities,0.00033,B3Y50F6,EQ.STOCK,2026-07-31
VAPORES.SN,VAPORES,Cia Sud Americana de Vapores SA,CL,Industrials,0.00033,2196338,EQ.STOCK,2026-07-31
000921.SZ,000921,Hisense Home Appliances Group Co Ltd,CN,Consumer Discretionary,0.00032,BD5M2M7,EQ.STOCK,2026-07-31
002558.SZ,002558,Giant Network Group Co Ltd,CN,Consumer Discretionary,0.00032,BD6QVW1,EQ.STOCK,2026-07-31
0552.HK,552,China Communications Services Corp Ltd,HK,Telecommunications,0.00032,B1HVJ16,EQ.STOCK,2026-07-31
1999.HK,1999,Man Wah Holdings Ltd,HK,Consumer Discretionary,0.00032,B58YWF7,EQ.STOCK,2026-07-31
600066.SS,600066,Yutong Bus Co Ltd,CN,Industrials,0.00032,BP3R5T6,EQ.STOCK,2026-07-31
600438.SS,600438,Tongwei Co Ltd,CN,Energy,0.00032,BP3RCK6,EQ.STOCK,2026-07-31
AHGAZ.IS,AHGAZ,Ahlatci Dogal Gaz Dagitim Enerji VE Yatirim AS,TR,Utilities,0.00032,BQS6LJ7,EQ.STOCK,2026-07-31
EXCL.JK,EXCL,XL Axiata Tbk PT,ID,Telecommunications,0.00032,B0LD0W9,EQ.STOCK,2026-07-31
FLYNAS.SR,FLYNAS,flynas Co SJSC,SA,Consumer Discretionary,0.00032,BKVFL88,EQ.STOCK,2026-07-31
002653.SZ,002653,Haisco Pharmaceutical Group Co Ltd,CN,Health Care,0.00031,BD5CKL2,EQ.STOCK,2026-07-31
0123.HK,123,Yuexiu Property Co Ltd,HK,Real Estate,0.00031,BNR5PB4,EQ.STOCK,2026-07-31
1199.HK,1199,COSCO SHIPPING Ports Ltd,HK,Industrials,0.00031,6354251,EQ.STOCK,2026-07-31
300454.SZ,300454,Sangfor Technologies Inc,CN,Technology,0.00031,BHQPS70,EQ.STOCK,2026-07-31
4483.T,4483,JMDC Inc,JP,Industrials,0.00031,BK7C5Q9,EQ.STOCK,2026-07-31
600588.SS,600588,Yonyou Network Technology Co Ltd,CN,Technology,0.00031,BP3R6C6,EQ.STOCK,2026-07-31
9898.HK,9898,Weibo Corp,HK,Technology,0.00031,BZ6C8R7,EQ.STOCK,2026-07-31
CPFE3.SA,CPFE3,CPFL Energia SA,BR,Utilities,0.00031,B031NN3,EQ.STOCK,2026-07-31
FESTI.IC,FESTI,Festi hf,IS,Consumer Discretionary,0.00031,BH7XXQ7,EQ.STOCK,2026-07-31
MPARK.IS,MPARK,MLP Saglik Hizmetleri AS,TR,Health Care,0.00031,BD0MX96,EQ.STOCK,2026-07-31
QLG.KL,QLG,QL Resources Bhd,MY,Consumer Staples,0.00031,B00G234,EQ.STOCK,2026-07-31
SPEN.TA,SPEN,Shapir Engineering and Industry Ltd,IL,Industrials,0.00031,BTF8CZ0,EQ.STOCK,2026-07-31
0467.HK,467,United Energy Group Ltd,HK,Energy,0.0003,B0FXSY3,EQ.STOCK,2026-07-31
2206.T,2206,Ezaki Glico Co Ltd,JP,Consumer Staples,0.0003,6327703,EQ.STOCK,2026-07-31
300390.SZ,300390,Canmax Technologies Co Ltd,CN,Basic Materials,0.0003,BMQBTG9,EQ.STOCK,2026-07-31
301269.SZ,301269,Empyrean Technology Co Ltd,CN,Technology,0.0003,BNHSQB0,EQ.STOCK,2026-07-31
688099.SS,688099,Amlogic Shanghai Co Ltd,CN,Technology,0.0003,BK71BW4,EQ.STOCK,2026-07-31
688396.SS,688396,China Resources Microelectronics Ltd,CN,Technology,0.0003,BP91NW1,EQ.STOCK,2026-07-31
8876.T,8876,Relo Group Inc,JP,Real Estate,0.0003,6173906,EQ.STOCK,2026-07-31
CENCOMAL.SN,CENCOMAL,Cencosud Shopping SA,CL,Real Estate,0.0003,BSY13H2,EQ.STOCK,2026-07-31
000617.SZ,000617,CNPC Capital Co Ltd,CN,Financials,0.00029,BD6QTV6,EQ.STOCK,2026-07-31
000831.SZ,000831,China Rare Earth Resources And Technology Co Ltd,CN,Basic Materials,0.00029,BFY8HG9,EQ.STOCK,2026-07-31
0659.HK,659,CTF Services Ltd,HK,Industrials,0.00029,6568353,EQ.STOCK,2026-07-31
2186.HK,2186,Luye Pharma Group Ltd,HK,Health Care,0.00029,BNQ4GF3,EQ.STOCK,2026-07-31
2229.T,2229,Calbee Inc,JP,Consumer Staples,0.00029,B3TBRZ8,EQ.STOCK,2026-07-31
300866.SZ,300866,Anker Innovations Technology Co Ltd,CN,Consumer Discretionary,0.00029,BNR4MR6,EQ.STOCK,2026-07-31
3923.T,3923,Rakus Co Ltd,JP,Technology,0.00029,BD87BM2,EQ.STOCK,2026-07-31
600835.SS,600835,Shanghai Mechanical and Electrical Industry Co Ltd,CN,Industrials,0.00029,BP3R7Q7,EQ.STOCK,2026-07-31
601212.SS,601212,Baiyin Nonferrous Group Co Ltd,CN,Basic Materials,0.00029,BFB4KH2,EQ.STOCK,2026-07-31
601727.SS,601727,Shanghai Electric Group Co Ltd,CN,Industrials,0.00029,BP3R3T2,EQ.STOCK,2026-07-31
688180.SS,688180,Shanghai Junshi Biosciences Co Ltd,CN,Health Care,0.00029,BLCD7F7,EQ.STOCK,2026-07-31
688578.SS,688578,Shanghai Allist Pharmaceuticals Co Ltd,CN,Health Care,0.00029,BNHPNM1,EQ.STOCK,2026-07-31
AKSA.IS,AKSA,Aksa Akrilik Kimya Sanayii AS,TR,Basic Materials,0.00029,B03MNB4,EQ.STOCK,2026-07-31
ALARABIA.SR,ALARABIA,Arabian Contracting Services Co,SA,Consumer Discretionary,0.00029,BP4DC81,EQ.STOCK,2026-07-31
AP.PS,AP,Aboitiz Power Corp,PH,Utilities,0.00029,B1Z9Q99,EQ.STOCK,2026-07-31
FERTIGLB.AE,FERTIGLB,Fertiglobe plc,AE,Basic Materials,0.00029,BMXCL70,EQ.STOCK,2026-07-31
M.RO,M,MED Life SA,RO,Health Care,0.00029,BYQQTH9,EQ.STOCK,2026-07-31
SCGP/F.BK,SCGP/F,SCG Packaging PCL,TH,Industrials,0.00029,BMC0T48,EQ.FSH,2026-07-31
000880.KS,000880,Hanwha Corp,KR,Financials,0.00028,6496755,EQ.STOCK,2026-07-31
002036.SZ,002036,LianChuang Electronic Technology Co Ltd,CN,Industrials,0.00028,BD57ZT0,EQ.STOCK,2026-07-31
002044.SZ,002044,Meinian Onehealth Healthcare Holdings Co Ltd,CN,Health Care,0.00028,BD73L10,EQ.STOCK,2026-07-31
002127.SZ,002127,NanJi E-Commerce Co Ltd,CN,Technology,0.00028,BD5LSJ3,EQ.STOCK,2026-07-31
002287.SZ,002287,Tibet Cheezheng Tibetan Medicine Co Ltd,CN,Health Care,0.00028,BD5M1D1,EQ.STOCK,2026-07-31
002429.SZ,002429,Shenzhen MTC Co Ltd,CN,Consumer Discretionary,0.00028,BD5CFV7,EQ.STOCK,2026-07-31
300803.SZ,300803,Beijing Compass Technology Development Co Ltd,CN,Financials,0.00028,BL58M54,EQ.STOCK,2026-07-31
302440.KS,302440,SK Bioscience Co Ltd,KR,Health Care,0.00028,BMG75K3,EQ.STOCK,2026-07-31
3292.T,3292,AEON REIT Investment Corp,JP,Real Estate,0.00028,BFSSCF9,EQ.REIT,2026-07-31
3406.TW,3406,Genius Electronic Optical Co Ltd,TW,Technology,0.00028,B059SR4,EQ.STOCK,2026-07-31
600021.SS,600021,Shanghai Electric Power Co Ltd,CN,Utilities,0.00028,BP3R9L6,EQ.STOCK,2026-07-31
601825.SS,601825,Shanghai Rural Commercial Bank Co Ltd,CN,Financials,0.00028,BQ3RWZ8,EQ.STOCK,2026-07-31
601866.SS,601866,COSCO SHIPPING Development Co Ltd,CN,Industrials,0.00028,BP3R6D7,EQ.STOCK,2026-07-31
601992.SS,601992,BBMG Corp,CN,Industrials,0.00028,BP3R5N0,EQ.STOCK,2026-07-31
ABMB.KL,ABMB,Alliance Bank Malaysia Bhd,MY,Financials,0.00028,6556938,EQ.STOCK,2026-07-31
APEX.AE,APEX,Apex Investment Co PSC,AE,Industrials,0.00028,B0LX4Y9,EQ.STOCK,2026-07-31
BTS/F.BK,BTS/F,BTS Group Holdings PCL,TH,Industrials,0.00028,BDGHT08,EQ.FSH,2026-07-31
DRR.AX,DRR,Deterra Royalties Ltd,AU,Basic Materials,0.00028,BJP5T05,EQ.STOCK,2026-07-31
KUYAS.IS,KUYAS,Kuyumcukent Gayrimenkul Yatirimlari AS,TR,Real Estate,0.00028,B8NFWK1,EQ.REIT,2026-07-31
TRMET.IS,TRMET,TR Anadolu Metal Madencilik Isletmeleri AS,TR,Basic Materials,0.00028,B03MVQ5,EQ.STOCK,2026-07-31
002064.SZ,002064,Huafon Chemical Co Ltd,CN,Basic Materials,0.00027,BD5M089,EQ.STOCK,2026-07-31
002195.SZ,002195,Shanghai Stonehill Technology Co Ltd,CN,Technology,0.00027,BD5CMF0,EQ.STOCK,2026-07-31
0570.HK,570,China Traditional Chinese Medicine Holdings Co Ltd,HK,Health Care,0.00027,6971779,EQ.STOCK,2026-07-31
1316.HK,1316,Nexteer Automotive Group Ltd,HK,Consumer Discretionary,0.00027,BBPD5F0,EQ.STOCK,2026-07-31
2593.T,2593,Ito En Ltd,JP,Consumer Staples,0.00027,6455789,EQ.STOCK,2026-07-31
2670.T,2670,ABC-Mart Inc,JP,Consumer Discretionary,0.00027,6292102,EQ.STOCK,2026-07-31
300223.SZ,300223,Ingenic Semiconductor Co Ltd,CN,Technology,0.00027,BD760S9,EQ.STOCK,2026-07-31
301358.SZ,301358,Hunan Yuneng New Energy Battery Material Co Ltd,CN,Basic Materials,0.00027,BKS7JS3,EQ.STOCK,2026-07-31
4681.T,4681,Resorttrust Inc,JP,Consumer Discretionary,0.00027,6044132,EQ.STOCK,2026-07-31
600096.SS,600096,Yunnan Yuntianhua Co Ltd,CN,Basic Materials,0.00027,BP3RBJ8,EQ.STOCK,2026-07-31
600221.SS,600221,Hainan Airlines Holding Co Ltd,CN,Consumer Discretionary,0.00027,BP3R5R4,EQ.STOCK,2026-07-31
600845.SS,600845,Shanghai Baosight Software Co Ltd,CN,Technology,0.00027,BP3RCN9,EQ.STOCK,2026-07-31
688234.SS,688234,SICC Co Ltd,CN,Technology,0.00027,BNHPPW5,EQ.STOCK,2026-07-31
ARABIAND.SR,ARABIAND,Arabian Drilling Co,SA,Energy,0.00027,BPNZYP9,EQ.STOCK,2026-07-31
CMIN3.SA,CMIN3,CSN Mineracao SA,BR,Basic Materials,0.00027,BKZ72K9,EQ.STOCK,2026-07-31
JSWINFRA.NS,JSWINFRA,JSW Infrastructure Ltd,IN,Industrials,0.00027,BRJ9HQ1,EQ.STOCK,2026-07-31
LULU.AE,LULU,Lulu Retail Holdings PLC,AE,Consumer Staples,0.00027,BNG1TF5,EQ.STOCK,2026-07-31
MULT3.SA,MULT3,Multiplan Empreendimentos Imobiliarios SA,BR,Real Estate,0.00027,B23DZG0,EQ.STOCK,2026-07-31
000559.SZ,000559,Wanxiang Qianchao Co Ltd,CN,Consumer Discretionary,0.00026,BD5CNG8,EQ.STOCK,2026-07-31
000895.SZ,000895,Henan Shuanghui Investment & Development Co Ltd,CN,Consumer Staples,0.00026,BD5CP84,EQ.STOCK,2026-07-31
000975.SZ,000975,Shanjin International Gold Co Ltd,CN,Basic Materials,0.00026,BD5CF40,EQ.STOCK,2026-07-31
000999.SZ,000999,China Resources Sanjiu Medical & Pharmaceutical Co Ltd,CN,Health Care,0.00026,BD5CL42,EQ.STOCK,2026-07-31
0014.HK,14,Hysan Development Co Ltd,HK,Real Estate,0.00026,6449629,EQ.STOCK,2026-07-31
002074.SZ,002074,Gotion High-tech Co Ltd,CN,Industrials,0.00026,BD5CJ71,EQ.STOCK,2026-07-31
002673.SZ,002673,Western Securities Co Ltd,CN,Financials,0.00026,BD5CP73,EQ.STOCK,2026-07-31
002920.SZ,002920,Huizhou Desay Sv Automotive Co Ltd,CN,Consumer Discretionary,0.00026,BFY8GX9,EQ.STOCK,2026-07-31
0683.HK,683,Kerry Properties Ltd,HK,Real Estate,0.00026,6486314,EQ.STOCK,2026-07-31
6613.HK,6613,Lens Technology Co Ltd,HK,Technology,0.00026,BVMQ8J7,EQ.STOCK,2026-07-31
AIIL.NS,AIIL,Authum Investment & Infrastucture Ltd,IN,Financials,0.00026,BP08QP5,EQ.STOCK,2026-07-31
BATA.NS,BATA,Bata India Ltd,IN,Consumer Discretionary,0.00026,BYMFG13,EQ.STOCK,2026-07-31
BRSAN.IS,BRSAN,Borusan Birlesik Boru Fabrikalari Sanayi ve Ticaret AS,TR,Basic Materials,0.00026,B03MQ15,EQ.STOCK,2026-07-31
BYLOT.AT,BYLOT,Ballys Intralot SA,GR,Consumer Discretionary,0.00026,5799284,EQ.STOCK,2026-07-31
LU,LU,Lufax Holding Ltd,US,Financials,0.00026,BR0V7R7,EQ.DRCPT,2026-07-31
SAGAD.ST,SAGAD,Sagax AB,SE,Real Estate,0.00026,BDQZF59,EQ.STOCK,2026-07-31
002252.SZ,002252,Shanghai RAAS Blood Products Co Ltd,CN,Health Care,0.00025,BD5CPJ5,EQ.STOCK,2026-07-31
1368.HK,1368,Xtep International Holdings Ltd,HK,Consumer Discretionary,0.00025,B2RJYH8,EQ.STOCK,2026-07-31
600580.SS,600580,Wolong Electric Group Co Ltd,CN,Industrials,0.00025,BP3RC62,EQ.STOCK,2026-07-31
6979.HK,6979,ZJLD Group Inc,HK,Consumer Staples,0.00025,BP6G9P4,EQ.STOCK,2026-07-31
8570.T,8570,AEON Financial Service Co Ltd,JP,Financials,0.00025,6037734,EQ.STOCK,2026-07-31
8572.T,8572,Acom Co Ltd,JP,Financials,0.00025,6049784,EQ.STOCK,2026-07-31
9003.T,9003,Sotetsu Holdings Inc,JP,Consumer Discretionary,0.00025,6767202,EQ.STOCK,2026-07-31
GMAT3.SA,GMAT3,Grupo Mateus SA,BR,Consumer Discretionary,0.00025,BN7JD67,EQ.STOCK,2026-07-31
HWA.NS,HWA,Honeywell Automation India Ltd,IN,Industrials,0.00025,6889173,EQ.STOCK,2026-07-31
INTP.JK,INTP,Indocement Tunggal Prakarsa Tbk PT,ID,Industrials,0.00025,6454861,EQ.STOCK,2026-07-31
MONDE.PS,MONDE,Monde Nissin Corp,PH,Consumer Staples,0.00025,BMDTTT9,EQ.STOCK,2026-07-31
002595.SZ,002595,Shandong Himile Mechanical Science & Technology Co Ltd,CN,Industrials,0.00024,BD5CFQ2,EQ.STOCK,2026-07-31
004990.KS,004990,Lotte Corp,KR,Consumer Discretionary,0.00024,6535432,EQ.STOCK,2026-07-31
0639.HK,639,Shougang Fushan Resources Group Ltd,HK,Energy,0.00024,6354671,EQ.STOCK,2026-07-31
0696.HK,696,TravelSky Technology Ltd,HK,Technology,0.00024,6321954,EQ.STOCK,2026-07-31
3320.HK,3320,China Resources Pharmaceutical Group Ltd,HK,Health Care,0.00024,BYNGG26,EQ.STOCK,2026-07-31
383220.KS,383220,F&F Co Ltd / New,KR,Consumer Discretionary,0.00024,BP2NF51,EQ.STOCK,2026-07-31
600018.SS,600018,Shanghai International Port Group Co Ltd,CN,Industrials,0.00024,BP3R2L7,EQ.STOCK,2026-07-31
600895.SS,600895,Shanghai Zhangjiang High-Tech Park Development Co Ltd,CN,Real Estate,0.00024,BP3R927,EQ.STOCK,2026-07-31
6110.HK,6110,Topsports International Holdings Ltd,HK,Consumer Discretionary,0.00024,BJRFW26,EQ.STOCK,2026-07-31
688047.SS,688047,Loongson Technology Corp Ltd,CN,Technology,0.00024,BNTXRP4,EQ.STOCK,2026-07-31
688472.SS,688472,CSI Solar Co Ltd,CN,Energy,0.00024,BQV3XP5,EQ.STOCK,2026-07-31
900934.SS,900934,Shanghai Jinjiang International Hotels Co Ltd,CN,Consumer Discretionary,0.00024,6808725,EQ.STOCK,2026-07-31
KLRHO.IS,KLRHO,Kiler Holding AS,TR,Real Estate,0.00024,BMWPNC9,EQ.STOCK,2026-07-31
QAMC.QA,QAMC,Qatar Aluminum Manufacturing Co,QA,Basic Materials,0.00024,BH4NZS6,EQ.STOCK,2026-07-31
TKA.VI,TKA,Telekom Austria AG,AT,Telecommunications,0.00024,4635088,EQ.STOCK,2026-07-31
002261.SZ,002261,Talkweb Information System Co Ltd,CN,Technology,0.00023,BD5CD80,EQ.STOCK,2026-07-31
002459.SZ,002459,JA Solar Technology Co Ltd,CN,Energy,0.00023,BMVB500,EQ.STOCK,2026-07-31
2039.HK,2039,China International Marine Containers Group Co Ltd,HK,Industrials,0.00023,B87RSJ4,EQ.STOCK,2026-07-31
3549.T,3549,Kusuri no Aoki Holdings Co Ltd,JP,Consumer Staples,0.00023,BYX8TV2,EQ.STOCK,2026-07-31
4812.T,4812,Dentsu Soken Inc,JP,Technology,0.00023,6295974,EQ.STOCK,2026-07-31
600143.SS,600143,Kingfa Sci & Tech Co Ltd,CN,Industrials,0.00023,BP3R8H5,EQ.STOCK,2026-07-31
600252.SS,600252,Guangxi Wuzhou Zhongheng Group Co Ltd,CN,Health Care,0.00023,BP3R7N4,EQ.STOCK,2026-07-31
688297.SS,688297,AVIC Chengdu UAS Co Ltd,CN,Industrials,0.00023,BNTXRV0,EQ.STOCK,2026-07-31
CUERVO*.MX,CUERVO*,Becle SAB de CV,MX,Consumer Staples,0.00023,BYM4063,EQ.STOCK,2026-07-31
DOAS.IS,DOAS,Dogus Otomotiv Servis ve Ticaret AS,TR,Consumer Discretionary,0.00023,B03MRJ0,EQ.STOCK,2026-07-31
LUNR.TO,LUNR,LunR Royalties Corp,CA,Basic Materials,0.00023,BRCDGF2,EQ.STOCK,2026-07-31
000028.SZ,000028,China National Accord Medicines Corp Ltd,CN,Consumer Staples,0.00022,BD5CHT9,EQ.STOCK,2026-07-31
000581.SZ,000581,Weifu High-Technology Group Co Ltd,CN,Consumer Discretionary,0.00022,BD5CJP9,EQ.STOCK,2026-07-31
0881.HK,881,Zhongsheng Group Holdings Ltd,HK,Consumer Discretionary,0.00022,B633D97,EQ.STOCK,2026-07-31
097950.KS,097950,CJ CheilJedang Corp,KR,Consumer Staples,0.00022,B2492F5,EQ.STOCK,2026-07-31
301236.SZ,301236,Isoftstone Information Technology Group Co Ltd,CN,Technology,0.00022,BLC7SL2,EQ.STOCK,2026-07-31
6808.HK,6808,Sun Art Retail Group Ltd,HK,Consumer Discretionary,0.00022,B3MPN59,EQ.STOCK,2026-07-31
7489.HK,7489,VOYAH Automobile Technology Co Ltd,HK,Consumer Discretionary,0.00022,BWM0HL1,EQ.STOCK,2026-07-31
8424.T,8424,Fuyo General Lease Co Ltd,JP,Consumer Discretionary,0.00022,B03P2F0,EQ.STOCK,2026-07-31
8976.T,8976,Daiwa Office Investment Corp,JP,Real Estate,0.00022,B0LNTF5,EQ.REIT,2026-07-31
ABVX,ABVX,Abivax SA,US,Health Care,0.00022,BLC89B2,EQ.DRCPT,2026-07-31
STLA,STLA,Stellantis NV,US,Consumer Discretionary,0.00022,BM9RCN2,EQ.STOCK,2026-07-31
TURSG.IS,TURSG,Turkiye Sigorta AS,TR,Financials,0.00022,B03MTD8,EQ.STOCK,2026-07-31
0010.HK,10,Hang Lung Group Ltd,HK,Real Estate,0.00021,6408352,EQ.STOCK,2026-07-31
002414.SZ,002414,Wuhan Guide Infrared Co Ltd,CN,Industrials,0.00021,BD5CGD6,EQ.STOCK,2026-07-31
002517.SZ,002517,Kingnet Network Co Ltd,CN,Consumer Discretionary,0.00021,BD5CC27,EQ.STOCK,2026-07-31
006360.KS,006360,GS Engineering & Construction Corp,KR,Industrials,0.00021,6537096,EQ.STOCK,2026-07-31
0754.HK,754,Hopson Development Holdings Ltd,HK,Real Estate,0.00021,BMXJW56,EQ.STOCK,2026-07-31
1877.HK,1877,Shanghai Junshi Biosciences Co Ltd,HK,Health Care,0.00021,BG6DZJ8,EQ.STOCK,2026-07-31
200625.SZ,200625,Chongqing Changan Automobile Co Ltd,CN,Consumer Discretionary,0.00021,6159478,EQ.STOCK,2026-07-31
300144.SZ,300144,Songcheng Performance Development Co Ltd,CN,Consumer Discretionary,0.00021,BD5CMV6,EQ.STOCK,2026-07-31
300339.SZ,300339,Jiangsu Hoperun Software Co Ltd,CN,Technology,0.00021,BD5C9H1,EQ.STOCK,2026-07-31
300779.SZ,300779,New Issuer: BB Company ID:28698077,CN,Basic Materials,0.00021,BK71FT9,EQ.STOCK,2026-07-31
300832.SZ,300832,Shenzhen New Industries Biomedical Engineering Co Ltd,CN,Health Care,0.00021,BMXTX20,EQ.STOCK,2026-07-31
601939.SS,601939,China Construction Bank Corp,CN,Financials,0.00021,BP3R3L4,EQ.STOCK,2026-07-31
603077.SS,603077,Sichuan Hebang Biotechnology Co Ltd,CN,Basic Materials,0.00021,BP3RF41,EQ.STOCK,2026-07-31
688223.SS,688223,Jinko Solar Co Ltd,CN,Energy,0.00021,BNHPM68,EQ.STOCK,2026-07-31
688303.SS,688303,Xinjiang Daqo New Energy Co Ltd,CN,Basic Materials,0.00021,BNRLFT0,EQ.STOCK,2026-07-31
688608.SS,688608,Bestechnic Shanghai Co Ltd,CN,Technology,0.00021,BNHPNS7,EQ.STOCK,2026-07-31
9989.HK,9989,Shenzhen Hepalink Pharmaceutical Group Co Ltd,HK,Health Care,0.00021,BMFR225,EQ.STOCK,2026-07-31
CSNA3.SA,CSNA3,Cia Siderurgica Nacional SA,BR,Basic Materials,0.00021,B019KX8,EQ.STOCK,2026-07-31
ENERY.IS,ENERY,Enerya Enerji AS,TR,Utilities,0.00021,BRBHJ78,EQ.STOCK,2026-07-31
LYDYE.IS,LYDYE,Lydia Yesil Enerji Kaynaklari Anonimsirketi,TR,Utilities,0.00021,B8FDNB1,EQ.STOCK,2026-07-31
002294.SZ,002294,Shenzhen Salubris Pharmaceuticals Co Ltd,CN,Health Care,0.0002,BD5CM05,EQ.STOCK,2026-07-31
300115.SZ,300115,Shenzhen Everwin Precision Technology Co Ltd,CN,Technology,0.0002,BD5CG47,EQ.STOCK,2026-07-31
300724.SZ,300724,Shenzhen SC New Energy Technology Corp,CN,Energy,0.0002,BKDQ8D3,EQ.STOCK,2026-07-31
300748.SZ,300748,JL Mag Rare-Earth Co Ltd,CN,Industrials,0.0002,BKDQ8F5,EQ.STOCK,2026-07-31
600256.SS,600256,Guanghui Energy Co Ltd,CN,Energy,0.0002,BP3R3N6,EQ.STOCK,2026-07-31
600536.SS,600536,China National Software & Service Co Ltd,CN,Technology,0.0002,BP3R949,EQ.STOCK,2026-07-31
601169.SS,601169,Bank of Beijing Co Ltd,CN,Financials,0.0002,BP3R2W8,EQ.STOCK,2026-07-31
KVIKA.IC,KVIKA,Kvika banki hf,IS,Financials,0.0002,BFM0LS7,EQ.STOCK,2026-07-31
LIDER.IS,LIDER,LDR Turizm AS,TR,Consumer Discretionary,0.0002,BN0XRV9,EQ.STOCK,2026-07-31
PHX.AE,PHX,Phoenix Group PLC,AE,Technology,0.0002,BQ759B3,EQ.STOCK,2026-07-31
TPG.AX,TPG,TPG Telecom Ltd,AU,Telecommunications,0.0002,BMB2257,EQ.STOCK,2026-07-31
001979.SZ,001979,China Merchants Shekou Industrial Zone Holdings Co Ltd,CN,Real Estate,0.00019,BD5CPM8,EQ.STOCK,2026-07-31
0152.HK,152,Shenzhen International Holdings Ltd,HK,Industrials,0.00019,BJVBTY1,EQ.STOCK,2026-07-31
2201.TW,2201,Yulon Motor Co Ltd,TW,Consumer Discretionary,0.00019,6988597,EQ.STOCK,2026-07-31
300085.SZ,300085,Shenzhen Infogem Technologies Co Ltd,CN,Technology,0.00019,BD5CL97,EQ.STOCK,2026-07-31
4686.T,4686,Justsystems Corp,JP,Technology,0.00019,6079792,EQ.STOCK,2026-07-31
600522.SS,600522,Jiangsu Zhongtian Technology Co Ltd,CN,Telecommunications,0.00019,BP3R9T4,EQ.STOCK,2026-07-31
6099.HK,6099,China Merchants Securities Co Ltd,HK,Financials,0.00019,BDCFSQ5,EQ.STOCK,2026-07-31
ENJSA.IS,ENJSA,Enerjisa Enerji AS,TR,Utilities,0.00019,BD0MXB8,EQ.STOCK,2026-07-31
HPHT.SI,HPHT,Hutchison Port Holdings Trust,SG,Industrials,0.00019,B56ZM74,EQ.STOCK,2026-07-31
ILCO.TA,ILCO,Israel Corp Ltd,IL,Basic Materials,0.00019,6889678,EQ.STOCK,2026-07-31
ISMEN.IS,ISMEN,Is Yatirim Menkul Degerler AS,TR,Financials,0.00019,B1VYN42,EQ.STOCK,2026-07-31
LH-R.BK,LH-R,Land & Houses PCL,TH,Real Estate,0.00019,6581941,EQ.DRCPT,2026-07-31
NIC.SR,NIC,National Industrialization Co,SA,Basic Materials,0.00019,B136MP0,EQ.STOCK,2026-07-31
RENT4.SA,RENT4,Localiza Rent a Car SA,BR,Consumer Discretionary,0.00019,BSHQ619,EQ.PREF,2026-07-31
000998.SZ,000998,Yuan Longping High-tech Agriculture Co Ltd,CN,Consumer Staples,0.00018,BD5CK34,EQ.STOCK,2026-07-31
002736.SZ,002736,Guosen Securities Co Ltd,CN,Financials,0.00018,BD5CPR3,EQ.STOCK,2026-07-31
600015.SS,600015,Huaxia Bank Co Ltd,CN,Financials,0.00018,BP3R2T5,EQ.STOCK,2026-07-31
601933.SS,601933,Yonghui Superstores Co Ltd,CN,Consumer Staples,0.00018,BP3R5Q3,EQ.STOCK,2026-07-31
ECILC.IS,ECILC,EIS Eczacibasi Ilac ve Sinai ve Finansal Yatirimlar Sanayi ve Ticaret AS,TR,Health Care,0.00018,B03MRP6,EQ.STOCK,2026-07-31
GRTHO.IS,GRTHO,Grainturk Tarim AS,TR,Consumer Staples,0.00018,BP6LFD9,EQ.STOCK,2026-07-31
KIO.JO,KIO,Kumba Iron Ore Ltd,ZA,Basic Materials,0.00018,B1G4262,EQ.STOCK,2026-07-31
LIVEPOLC.MX,LIVEPOLC,El Puerto de Liverpool SAB de CV,MX,Consumer Discretionary,0.00018,2306814,EQ.STOCK,2026-07-31
MIATK.IS,MIATK,MIA Teknoloji AS,TR,Technology,0.00018,BL69JD3,EQ.STOCK,2026-07-31
SNT.JO,SNT,Santam Ltd,ZA,Financials,0.00018,6061001,EQ.STOCK,2026-07-31
TRALT.IS,TRALT,Koza Altin Isletmeleri AS,TR,Basic Materials,0.00018,B3LP189,EQ.STOCK,2026-07-31
ZRGYO.IS,ZRGYO,Ziraat Gayrimenkul Yatirim Ortakligi AS,TR,Real Estate,0.00018,BNG2TV4,EQ.REIT,2026-07-31
000158.SZ,000158,Shijiazhuang Changshan BeiMing Technology Co Ltd,CN,Technology,0.00017,BD5CGP8,EQ.STOCK,2026-07-31
0363.HK,363,Shanghai Industrial Holdings Ltd,HK,Real Estate,0.00017,6810010,EQ.STOCK,2026-07-31
2296.T,2296,Itoham Yonekyu Holdings Inc,JP,Consumer Staples,0.00017,BYPKSR5,EQ.STOCK,2026-07-31
300759.SZ,300759,Pharmaron Beijing Co Ltd,CN,Health Care,0.00017,BK4XYC4,EQ.STOCK,2026-07-31
601098.SS,601098,China South Publishing & Media Group Co Ltd,CN,Consumer Discretionary,0.00017,BP3R507,EQ.STOCK,2026-07-31
AVIA.JK,AVIA,Avia Avian Tbk PT,ID,Industrials,0.00017,BPG9298,EQ.STOCK,2026-07-31
BRYAT.IS,BRYAT,Borusan Yatirim ve Pazarlama AS,TR,Basic Materials,0.00017,B03MQ26,EQ.STOCK,2026-07-31
CNVRG.PS,CNVRG,Converge Information and Communications Technology Solutions Inc,PH,Telecommunications,0.00017,BMH5517,EQ.STOCK,2026-07-31
GENIL.IS,GENIL,GEN Ilac VE Saglik Urunleri Sanayi VE Ticaret AS,TR,Health Care,0.00017,BN2TVP7,EQ.STOCK,2026-07-31
OPUS.BD,OPUS,Opus Global Nyrt,HU,Industrials,0.00017,B5VZ912,EQ.STOCK,2026-07-31
TBIG.JK,TBIG,PT Tower Bersama Infrastructure Tbk,ID,Telecommunications,0.00017,B4MW045,EQ.STOCK,2026-07-31
TERA.IS,TERA,Tera Yatirim Menkul Degerler AS,TR,Financials,0.00017,BQT58X6,EQ.STOCK,2026-07-31
ULKER.IS,ULKER,Ulker Biskuvi Sanayi AS,TR,Consumer Staples,0.00017,B03MYX3,EQ.STOCK,2026-07-31
000959.SZ,000959,Beijing Shougang Co Ltd,CN,Basic Materials,0.00016,BD5M2J4,EQ.STOCK,2026-07-31
002603.SZ,002603,Shijiazhuang Yiling Pharmaceutical Co Ltd,CN,Health Care,0.00016,BD5CHJ9,EQ.STOCK,2026-07-31
028670.KS,028670,Pan Ocean Co Ltd,KR,Industrials,0.00016,B24FX49,EQ.STOCK,2026-07-31
2314.HK,2314,Lee & Man Paper Manufacturing Ltd,HK,Basic Materials,0.00016,6693772,EQ.STOCK,2026-07-31
600612.SS,600612,Lao Feng Xiang Co Ltd,CN,Consumer Discretionary,0.00016,BP3RCP1,EQ.STOCK,2026-07-31
EFOR.IS,EFOR,Efor Yatirim Sanayi Ticaret AS,TR,Consumer Staples,0.00016,BLD78W2,EQ.STOCK,2026-07-31
GTCAP.PS,GTCAP,GT Capital Holdings Inc,PH,Consumer Discretionary,0.00016,B77H110,EQ.STOCK,2026-07-31
MYOR.JK,MYOR,Mayora Indah Tbk PT,ID,Consumer Staples,0.00016,6543877,EQ.STOCK,2026-07-31
000708.SZ,000708,Citic Pacific Special Steel Group Co Ltd,CN,Basic Materials,0.00015,BL4P3T7,EQ.STOCK,2026-07-31
000825.SZ,000825,Shanxi Taigang Stainless Steel Co Ltd,CN,Basic Materials,0.00015,BD5CLM0,EQ.STOCK,2026-07-31
002939.SZ,002939,China Great Wall Securities Co Ltd,CN,Financials,0.00015,BKDQ811,EQ.STOCK,2026-07-31
012750.KS,012750,S-1 Corp,KR,Industrials,0.00015,6180230,EQ.STOCK,2026-07-31
088350.KS,088350,Hanwha Life Insurance Co Ltd,KR,Financials,0.00015,B62B9W7,EQ.STOCK,2026-07-31
300316.SZ,300316,Zhejiang Jingsheng Mechanical & Electrical Co Ltd,CN,Technology,0.00015,BD5M1Y2,EQ.STOCK,2026-07-31
3116.T,3116,Toyota Boshoku Corp,JP,Consumer Discretionary,0.00015,6900591,EQ.STOCK,2026-07-31
3918.HK,3918,NagaCorp Ltd,HK,Consumer Discretionary,0.00015,B1FSSM3,EQ.STOCK,2026-07-31
601818.SS,601818,China Everbright Bank Co Ltd,CN,Financials,0.00015,BP3R2P1,EQ.STOCK,2026-07-31
8454.TW,8454,momo.com Inc,TW,Consumer Discretionary,0.00015,BJYP111,EQ.STOCK,2026-07-31
LYDHO.IS,LYDHO,LYDIA HOLDING AS,TR,Real Estate,0.00015,B03MWD9,EQ.STOCK,2026-07-31
MANYAVAR.NS,MANYAVAR,Vedant Fashions Ltd,IN,Consumer Discretionary,0.00015,BP0BFK2,EQ.STOCK,2026-07-31
OLG.SI,OLG,Olam Group Ltd,SG,Consumer Staples,0.00015,BNM1NQ8,EQ.STOCK,2026-07-31
TOASO.IS,TOASO,Tofas Turk Otomobil Fabrikasi AS,TR,Consumer Discretionary,0.00015,B03MY33,EQ.STOCK,2026-07-31
000564.SZ,000564,CCOOP Group Co Ltd,CN,Consumer Discretionary,0.00014,BD5CQP8,EQ.STOCK,2026-07-31
000960.SZ,000960,Yunnan Tin Co Ltd,CN,Basic Materials,0.00014,BD5CHF5,EQ.STOCK,2026-07-31
000983.SZ,000983,Shanxi Coking Coal Energy Group Co Ltd,CN,Energy,0.00014,BD5CKB2,EQ.STOCK,2026-07-31
002648.SZ,002648,Satellite Chemical Co Ltd,CN,Basic Materials,0.00014,BFCCQG6,EQ.STOCK,2026-07-31
068760.KS,068760,Celltrion Pharm Inc,KR,Health Care,0.00014,B0V3YP0,EQ.STOCK,2026-07-31
2238.HK,2238,Guangzhou Automobile Group Co Ltd,HK,Consumer Discretionary,0.00014,B433995,EQ.STOCK,2026-07-31
2356.HK,2356,Dah Sing Banking Group Ltd,HK,Financials,0.00014,B01G0P1,EQ.STOCK,2026-07-31
300255.SZ,300255,Hebei Changshan Biochemical Pharmaceutical Co Ltd,CN,Health Care,0.00014,BD5LWT1,EQ.STOCK,2026-07-31
300418.SZ,300418,Kunlun Tech Co Ltd,CN,Technology,0.00014,BD5CN13,EQ.STOCK,2026-07-31
300628.SZ,300628,Yealink Network Technology Corp Ltd,CN,Telecommunications,0.00014,BFCCR07,EQ.STOCK,2026-07-31
601117.SS,601117,China National Chemical Engineering Co Ltd,CN,Industrials,0.00014,BP3R4J9,EQ.STOCK,2026-07-31
6699.HK,6699,Angelalign Technology Inc,HK,Health Care,0.00014,BKP5JH9,EQ.STOCK,2026-07-31
ACEN.PS,ACEN,ACEN Corp,PH,Utilities,0.00014,BMBZPW4,EQ.STOCK,2026-07-31
AMOT.TA,AMOT,Amot Investments Ltd,IL,Real Estate,0.00014,B18MCB9,EQ.STOCK,2026-07-31
MTC/F.BK,MTC/F,Muangthai Capital PCL,TH,Financials,0.00014,BFXP664,EQ.FSH,2026-07-31
SEERA.SR,SEERA,Seera Group Holding,SA,Consumer Discretionary,0.00014,B6WTLK3,EQ.STOCK,2026-07-31
000630.SZ,000630,Tongling Nonferrous Metals Group Co Ltd,CN,Basic Materials,0.00013,BD5CMD8,EQ.STOCK,2026-07-31
002110.SZ,002110,Sansteel Minguang Co Ltd Fujian,CN,Basic Materials,0.00013,BD6QV87,EQ.STOCK,2026-07-31
051600.KS,051600,KEPCO Plant Service & Engineering Co Ltd,KR,Industrials,0.00013,B29ZGV2,EQ.STOCK,2026-07-31
1083.HK,1083,Towngas Smart Energy Co Ltd,HK,Utilities,0.00013,6345460,EQ.STOCK,2026-07-31
300661.SZ,300661,SG Micro Corp,CN,Technology,0.00013,BHQPSR0,EQ.STOCK,2026-07-31
4927.T,4927,Pola Orbis Holdings Inc,JP,Consumer Discretionary,0.00013,B5N4QN8,EQ.STOCK,2026-07-31
600216.SS,600216,Zhejiang Medicine Co Ltd,CN,Health Care,0.00013,BP3R9X8,EQ.STOCK,2026-07-31
600549.SS,600549,Xiamen Tungsten Co Ltd,CN,Basic Materials,0.00013,BP3R6F9,EQ.STOCK,2026-07-31
601618.SS,601618,Metallurgical Corp of China Ltd,CN,Industrials,0.00013,BP3R4K0,EQ.STOCK,2026-07-31
601916.SS,601916,China Zheshang Bank Co Ltd,CN,Financials,0.00013,BK96BF0,EQ.STOCK,2026-07-31
HEKTS.IS,HEKTS,Hektas Ticaret TAS,TR,Basic Materials,0.00013,B03MTG1,EQ.STOCK,2026-07-31
METROBRA.NS,METROBRA,Metro Brands Ltd,IN,Consumer Discretionary,0.00013,BLBJ0P7,EQ.STOCK,2026-07-31
008930.KS,008930,Hanmi Science Co ltd,KR,Health Care,0.00012,6146083,EQ.STOCK,2026-07-31
0636.HK,636,KLN Logistics Group Ltd,HK,Industrials,0.00012,BH0W286,EQ.STOCK,2026-07-31
2128.HK,2128,China Lesso Group Holdings Ltd,HK,Industrials,0.00012,BCDBKF8,EQ.STOCK,2026-07-31
300769.SZ,300769,Shenzhen Dynanonic Co Ltd,CN,Basic Materials,0.00012,BK71726,EQ.STOCK,2026-07-31
300999.SZ,300999,Yihai Kerry Arawana Holdings Co Ltd,CN,Consumer Staples,0.00012,BMQBTV4,EQ.STOCK,2026-07-31
600027.SS,600027,Huadian Power International Corp Ltd,CN,Utilities,0.00012,BP3R637,EQ.STOCK,2026-07-31
600048.SS,600048,Poly Developments and Holdings Group Co Ltd,CN,Real Estate,0.00012,BP3R336,EQ.STOCK,2026-07-31
600426.SS,600426,Shandong Hualu Hengsheng Chemical Co Ltd,CN,Basic Materials,0.00012,BP3RDC5,EQ.STOCK,2026-07-31
6049.HK,6049,Poly Property Services Co Ltd,HK,Real Estate,0.00012,BHR0FS4,EQ.STOCK,2026-07-31
9401.T,9401,TBS Holdings Inc,JP,Consumer Discretionary,0.00012,6894166,EQ.STOCK,2026-07-31
PTBA.JK,PTBA,Bukit Asam Persero Tbk PT,ID,Energy,0.00012,6565127,EQ.STOCK,2026-07-31
TOWR.JK,TOWR,Sarana Menara Nusantara Tbk PT,ID,Telecommunications,0.00012,BCDBLX3,EQ.STOCK,2026-07-31
002155.SZ,002155,Hunan Gold Corp Ltd,CN,Basic Materials,0.00011,BD5C959,EQ.STOCK,2026-07-31
002790.KS,002790,AMOREPACIFIC Group,KR,Consumer Discretionary,0.00011,6665931,EQ.STOCK,2026-07-31
018880.KS,018880,Hanon Systems,KR,Consumer Discretionary,0.00011,B00LR01,EQ.STOCK,2026-07-31
026960.KS,026960,Dongsuh Cos Inc,KR,Consumer Staples,0.00011,6605993,EQ.STOCK,2026-07-31
029780.KS,029780,Samsung Card Co Ltd,KR,Financials,0.00011,B1WQQ48,EQ.STOCK,2026-07-31
0525.HK,525,Guangshen Railway Co Ltd,HK,Industrials,0.00011,6388700,EQ.STOCK,2026-07-31
0995.HK,995,Anhui Expressway Co Ltd,HK,Industrials,0.00011,6045180,EQ.STOCK,2026-07-31
300122.SZ,300122,Chongqing Zhifei Biological Products Co Ltd,CN,Health Care,0.00011,BD5CJY8,EQ.STOCK,2026-07-31
601699.SS,601699,Shanxi Lu'an Environmental Energy Development Co Ltd,CN,Energy,0.00011,BP3R682,EQ.STOCK,2026-07-31
603659.SS,603659,Shanghai Putailai New Energy Technology Group Co Ltd,CN,Basic Materials,0.00011,BF2DZJ5,EQ.STOCK,2026-07-31
6127.HK,6127,Joinn Laboratories China Co Ltd,HK,Health Care,0.00011,BNK9Q76,EQ.STOCK,2026-07-31
6865.HK,6865,Flat Glass Group Co Ltd,HK,Industrials,0.00011,BYQ9774,EQ.STOCK,2026-07-31
688599.SS,688599,Trina Solar Co Ltd,CN,Energy,0.00011,BP91P03,EQ.STOCK,2026-07-31
6993.HK,6993,Blue Moon Group Holdings Ltd,HK,Consumer Staples,0.00011,BKY5R76,EQ.STOCK,2026-07-31
DLAS.TA,DLAS,Delek Yizum Nechasim Ltd,IL,Energy,0.00011,BWTYV47,EQ.STOCK,2026-07-31
GUJENERG.NS,GUJENERG,Gujarat Energy Ltd,IN,Utilities,0.00011,BGS92Z9,EQ.STOCK,2026-07-31
GULF-R.BK,GULF-R,Gulf Development PCL,TH,Utilities,0.00011,BMY3G88,EQ.DRCPT,2026-07-31
INCO.JK,INCO,Vale Indonesia Tbk PT,ID,Basic Materials,0.00011,B0217K9,EQ.STOCK,2026-07-31
000120.KS,000120,CJ Logistics Corp,KR,Industrials,0.0001,6497112,EQ.STOCK,2026-07-31
000876.SZ,000876,New Hope Liuhe Co Ltd,CN,Consumer Staples,0.0001,BD5CNF7,EQ.STOCK,2026-07-31
000938.SZ,000938,Unisplendour Corp Ltd,CN,Technology,0.0001,BD5CBG4,EQ.STOCK,2026-07-31
002266.SZ,002266,Zhefu Holding Group Co Ltd,CN,Utilities,0.0001,BD5CFS4,EQ.STOCK,2026-07-31
002409.SZ,002409,Jiangsu Yoke Technology Co Ltd,CN,Basic Materials,0.0001,BFY8GF1,EQ.STOCK,2026-07-31
002555.SZ,002555,37 Interactive Entertainment Network Technology Group Co Ltd,CN,Consumer Discretionary,0.0001,BD5CMH2,EQ.STOCK,2026-07-31
0579.HK,579,Beijing Jingneng Clean Energy Co Ltd,HK,Utilities,0.0001,B688XD1,EQ.STOCK,2026-07-31
0880.HK,880,SJM Holdings Ltd,HK,Consumer Discretionary,0.0001,B2NR3Y6,EQ.STOCK,2026-07-31
1033.HK,1033,Sinopec Oilfield Service Corp,HK,Energy,0.0001,6984669,EQ.STOCK,2026-07-31
1313.HK,1313,China Resources Building Materials Technology Holdings Ltd,HK,Industrials,0.0001,B41XC98,EQ.STOCK,2026-07-31
300037.SZ,300037,Shenzhen Capchem Technology Co Ltd,CN,Basic Materials,0.0001,BD5LRQ3,EQ.STOCK,2026-07-31
300133.SZ,300133,Zhejiang Huace Film & Television Co Ltd,CN,Consumer Discretionary,0.0001,BD5CL64,EQ.STOCK,2026-07-31
3532.TW,3532,Formosa Sumco Technology Corp,TW,Technology,0.0001,B1HKJZ7,EQ.STOCK,2026-07-31
4IG.BD,4IG,4iG Nyrt,HU,Technology,0.0001,BK7XTL5,EQ.STOCK,2026-07-31
600392.SS,600392,Shenghe Resources Holding Co Ltd,CN,Basic Materials,0.0001,BFYQHK7,EQ.STOCK,2026-07-31
601016.SS,601016,CECEP Wind-Power Corp,CN,Utilities,0.0001,BZ0D1V1,EQ.STOCK,2026-07-31
601333.SS,601333,Guangshen Railway Co Ltd,CN,Industrials,0.0001,BP3R6Y8,EQ.STOCK,2026-07-31
601811.SS,601811,Xinhua Winshare Publishing and Media Co Ltd,CN,Consumer Discretionary,0.0001,BD7XV43,EQ.STOCK,2026-07-31
DMC.PS,DMC,DMCI Holdings Inc,PH,Energy,0.0001,6272483,EQ.STOCK,2026-07-31
GGRM.JK,GGRM,Gudang Garam Tbk PT,ID,Consumer Staples,0.0001,6366999,EQ.STOCK,2026-07-31
000301.SZ,000301,Jiangsu Eastern Shenghong Co Ltd,CN,Basic Materials,9e-05,BD5LSB5,EQ.STOCK,2026-07-31
002407.SZ,002407,Do-Fluoride New Materials Co Ltd,CN,Basic Materials,9e-05,BD5C8H4,EQ.STOCK,2026-07-31
002812.SZ,002812,Yunnan Energy New Material Group Co Ltd,CN,Industrials,9e-05,BFCCR30,EQ.STOCK,2026-07-31
0069.HK,69,Shangri-La Asia Ltd,HK,Consumer Discretionary,9e-05,6771032,EQ.STOCK,2026-07-31
007070.KS,007070,GS Retail Co Ltd,KR,Consumer Staples,9e-05,B7F9Q79,EQ.STOCK,2026-07-31
1030.HK,1030,Seazen Group Ltd,HK,Real Estate,9e-05,BMWYQP0,EQ.STOCK,2026-07-31
2778.HK,2778,Champion REIT,HK,Real Estate,9e-05,B14WZ47,EQ.REIT,2026-07-31
300782.SZ,300782,Maxscend Microelectronics Co Ltd,CN,Technology,9e-05,BK4XS11,EQ.STOCK,2026-07-31
600007.SS,600007,China World Trade Center Co Ltd,CN,Real Estate,9e-05,BP3R950,EQ.STOCK,2026-07-31
600570.SS,600570,Hundsun Technologies Inc,CN,Technology,9e-05,BP3R6B5,EQ.STOCK,2026-07-31
900911.SS,900911,Shanghai Jinqiao Export Processing Zone Development Co Ltd,CN,Real Estate,9e-05,6800839,EQ.STOCK,2026-07-31
BJC/F.BK,BJC/F,Berli Jucker PCL,TH,Consumer Discretionary,9e-05,6094030,EQ.FSH,2026-07-31
000021.SZ,000021,Shenzhen Kaifa Technology Co Ltd,CN,Technology,8e-05,BD5CDW4,EQ.STOCK,2026-07-31
000629.SZ,000629,Pangang Group Vanadium Titanium & Resources Co Ltd,CN,Basic Materials,8e-05,BKDQ7V4,EQ.STOCK,2026-07-31
000883.SZ,000883,Hubei Energy Group Co Ltd,CN,Utilities,8e-05,BD5CN57,EQ.STOCK,2026-07-31
000963.SZ,000963,Huadong Medicine Co Ltd,CN,Health Care,8e-05,BD5CM94,EQ.STOCK,2026-07-31
002532.SZ,002532,Tianshan Aluminum Group Co Ltd,CN,Basic Materials,8e-05,BMQBT81,EQ.STOCK,2026-07-31
002601.SZ,002601,LB Group Co Ltd,CN,Basic Materials,8e-05,BD5LS71,EQ.STOCK,2026-07-31
002821.SZ,002821,Asymchem Laboratories Tianjin Co Ltd,CN,Health Care,8e-05,BD6V5C4,EQ.STOCK,2026-07-31
0347.HK,347,Angang Steel Co Ltd,HK,Basic Materials,8e-05,6015644,EQ.STOCK,2026-07-31
300347.SZ,300347,Hangzhou Tigermed Consulting Co Ltd,CN,Health Care,8e-05,BD5CCK5,EQ.STOCK,2026-07-31
361610.KS,361610,SK IE Technology Co Ltd,KR,Industrials,8e-05,BMDXML4,EQ.STOCK,2026-07-31
600383.SS,600383,Gemdale Corp,CN,Real Estate,8e-05,BP3R3Q9,EQ.STOCK,2026-07-31
BRIS.JK,BRIS,Bank Syariah Indonesia Persero Tbk PT,ID,Financials,8e-05,BFY6H41,EQ.STOCK,2026-07-31
BURG.KW,BURG,Burgan Bank SAK,KW,Financials,8e-05,6155818,EQ.STOCK,2026-07-31
SCC.PS,SCC,Semirara Mining & Power Corp,PH,Energy,8e-05,BQ13Z04,EQ.STOCK,2026-07-31
SUNTV.NS,SUNTV,Sun TV Network Ltd,IN,Consumer Discretionary,8e-05,B128WL3,EQ.STOCK,2026-07-31
000027.SZ,000027,Shenzhen Energy Group Co Ltd,CN,Utilities,7e-05,BD5CN68,EQ.STOCK,2026-07-31
000069.SZ,000069,Shenzhen Overseas Chinese Town Co Ltd,CN,Real Estate,7e-05,BD5CP51,EQ.STOCK,2026-07-31
000661.SZ,000661,Changchun High-Tech Industry Group Co Ltd,CN,Health Care,7e-05,BD5CDB3,EQ.STOCK,2026-07-31
0811.HK,811,Xinhua Winshare Publishing and Media Co Ltd,HK,Consumer Discretionary,7e-05,B1XCJB3,EQ.STOCK,2026-07-31
2866.HK,2866,COSCO SHIPPING Development Co Ltd,HK,Industrials,7e-05,B018L76,EQ.STOCK,2026-07-31
300146.SZ,300146,By-health Co Ltd,CN,Consumer Staples,7e-05,BD5CKV2,EQ.STOCK,2026-07-31
600521.SS,600521,Zhejiang Huahai Pharmaceutical Co Ltd,CN,Health Care,7e-05,BP3RBR6,EQ.STOCK,2026-07-31
601233.SS,601233,Tongkun Group Co Ltd,CN,Basic Materials,7e-05,BP3RGF9,EQ.STOCK,2026-07-31
601567.SS,601567,Ningbo Sanxing Medical Electric Co Ltd,CN,Industrials,7e-05,BP3RJG1,EQ.STOCK,2026-07-31
601877.SS,601877,Zhejiang Chint Electrics Co Ltd,CN,Industrials,7e-05,BP3R5K7,EQ.STOCK,2026-07-31
603185.SS,603185,Hoyuan Green Energy Co Ltd,CN,Technology,7e-05,BK94808,EQ.STOCK,2026-07-31
603486.SS,603486,Ecovacs Robotics Co Ltd,CN,Consumer Discretionary,7e-05,BDFWW61,EQ.STOCK,2026-07-31
6185.HK,6185,CanSino Biologics Inc,HK,Health Care,7e-05,BJKDJS2,EQ.STOCK,2026-07-31
BYRCS.NS,BYRCS,Bayer CropScience Ltd/India,IN,Basic Materials,7e-05,6716992,EQ.STOCK,2026-07-31
HLUNA.CO,HLUNA,H Lundbeck A/S,DK,Health Care,7e-05,BMGTJR4,EQ.STOCK,2026-07-31
MEG.PS,MEG,Megaworld Corp,PH,Real Estate,7e-05,6563648,EQ.STOCK,2026-07-31
UFUK.IS,UFUK,Ufuk Yatirim Yonetim ve Gayrimenkul AS,TR,Financials,7e-05,B1H33S7,EQ.STOCK,2026-07-31
000799.SZ,000799,JiuGui Liquor Co Ltd,CN,Consumer Staples,6e-05,BD73KS0,EQ.STOCK,2026-07-31
000932.SZ,000932,Hunan Valin Steel Co Ltd,CN,Basic Materials,6e-05,BD5M0H8,EQ.STOCK,2026-07-31
000937.SZ,000937,Jizhong Energy Resources Co Ltd,CN,Energy,6e-05,BD5CJ93,EQ.STOCK,2026-07-31
002007.SZ,002007,Hualan Biological Engineering Inc,CN,Health Care,6e-05,BD5CL19,EQ.STOCK,2026-07-31
300003.SZ,300003,Lepu Medical Technology Beijing Co Ltd,CN,Health Care,6e-05,BD5CM16,EQ.STOCK,2026-07-31
300207.SZ,300207,Sunwoda Electronic Co Ltd,CN,Consumer Staples,6e-05,BD5CCV6,EQ.STOCK,2026-07-31
300413.SZ,300413,Mango Excellent Media Co Ltd,CN,Consumer Discretionary,6e-05,BD5CDT1,EQ.STOCK,2026-07-31
600009.SS,600009,Shanghai International Airport Co Ltd,CN,Industrials,6e-05,BP3R4P5,EQ.STOCK,2026-07-31
600741.SS,600741,Huayu Automotive Systems Co Ltd,CN,Consumer Discretionary,6e-05,BP3R4T9,EQ.STOCK,2026-07-31
600985.SS,600985,Huaibei Mining Holdings Co Ltd,CN,Energy,6e-05,BS7K376,EQ.STOCK,2026-07-31
601828.SS,601828,Red Star Macalline Group Corp Ltd,CN,Consumer Discretionary,6e-05,BG139S0,EQ.STOCK,2026-07-31
603444.SS,603444,G-bits Network Technology Xiamen Co Ltd,CN,Consumer Discretionary,6e-05,BYZQW37,EQ.STOCK,2026-07-31
JSMR.JK,JSMR,Jasa Marga Persero Tbk PT,ID,Industrials,6e-05,B28T1S7,EQ.STOCK,2026-07-31
MDIA3.SA,MDIA3,M Dias Branco SA,BR,Consumer Staples,6e-05,B1FRH89,EQ.STOCK,2026-07-31
SMGR.JK,SMGR,Semen Indonesia Persero Tbk PT,ID,Industrials,6e-05,6795236,EQ.STOCK,2026-07-31
000400.SZ,000400,Xuji Electric Co Ltd,CN,Industrials,5e-05,BD5CJB5,EQ.STOCK,2026-07-31
000830.SZ,000830,Luxi Chemical Group Co Ltd,CN,Basic Materials,5e-05,BD5C7W2,EQ.STOCK,2026-07-31
000878.SZ,000878,Yunnan Copper Co Ltd,CN,Basic Materials,5e-05,BD5CJK4,EQ.STOCK,2026-07-31
001570.KS,001570,Kum Yang Co Ltd,KR,Basic Materials,5e-05,6208068,EQ.STOCK,2026-07-31
300142.SZ,300142,Walvax Biotechnology Co Ltd,CN,Health Care,5e-05,BD5CG36,EQ.STOCK,2026-07-31
300763.SZ,300763,Ginlong Technologies Co Ltd,CN,Industrials,5e-05,BMQBTQ9,EQ.STOCK,2026-07-31
300896.SZ,300896,Imeik Technology Development Co Ltd,CN,Health Care,5e-05,BNR4MY3,EQ.STOCK,2026-07-31
600325.SS,600325,Zhuhai Huafa Properties Co Ltd,CN,Real Estate,5e-05,BP3RG37,EQ.STOCK,2026-07-31
600763.SS,600763,Topchoice Medical Corp,CN,Health Care,5e-05,BYYFJH8,EQ.STOCK,2026-07-31
600803.SS,600803,ENN Natural Gas Co Ltd,CN,Utilities,5e-05,BYYFJJ0,EQ.STOCK,2026-07-31
603806.SS,603806,Hangzhou First Applied Material Co Ltd,CN,Industrials,5e-05,BYYFJR8,EQ.STOCK,2026-07-31
688188.SS,688188,Shanghai BOCHU Electronic Technology Corp Ltd,CN,Technology,5e-05,BK71BV3,EQ.STOCK,2026-07-31
688387.SS,688387,CICT Mobile Communication Technology Co Ltd,CN,Telecommunications,5e-05,BRBTV89,EQ.STOCK,2026-07-31
DFM.AE,DFM,Dubai Financial Market PJSC,AE,Financials,5e-05,B1GPBP7,EQ.STOCK,2026-07-31
002268.SZ,002268,CETC Cyberspace Security Technology Co Ltd,CN,Industrials,4e-05,BD5CK89,EQ.STOCK,2026-07-31
002326.SZ,002326,Zhejiang Yongtai Technology Co Ltd,CN,Basic Materials,4e-05,BD5CCP0,EQ.STOCK,2026-07-31
002568.SZ,002568,Shanghai Bairun Investment Holding Group Co Ltd,CN,Basic Materials,4e-05,BD5CLV9,EQ.STOCK,2026-07-31
002624.SZ,002624,Perfect World Co Ltd/China,CN,Consumer Discretionary,4e-05,BD5M1C0,EQ.STOCK,2026-07-31
300496.SZ,300496,Thunder Software Technology Co Ltd,CN,Technology,4e-05,BD5CG03,EQ.STOCK,2026-07-31
300677.SZ,300677,Intco Medical Technology Co Ltd,CN,Health Care,4e-05,BMTCVT6,EQ.STOCK,2026-07-31
600348.SS,600348,Shan Xi Hua Yang Group New Energy Co Ltd,CN,Energy,4e-05,BP3R790,EQ.STOCK,2026-07-31
600699.SS,600699,Ningbo Joyson Electronic Corp,CN,Consumer Discretionary,4e-05,BPLWPC6,EQ.STOCK,2026-07-31
600779.SS,600779,Sichuan Swellfun Co Ltd,CN,Consumer Staples,4e-05,BFB4JK8,EQ.STOCK,2026-07-31
601155.SS,601155,Seazen Holdings Co Ltd,CN,Real Estate,4e-05,BZ3F6M0,EQ.STOCK,2026-07-31
601666.SS,601666,Pingdingshan Tianan Coal Mining Co Ltd,CN,Energy,4e-05,BP3R9C7,EQ.STOCK,2026-07-31
603260.SS,603260,Hoshine Silicon Industry Co Ltd,CN,Basic Materials,4e-05,BFYQH85,EQ.STOCK,2026-07-31
603939.SS,603939,Yifeng Pharmacy Chain Co Ltd,CN,Consumer Staples,4e-05,BYYFJV2,EQ.STOCK,2026-07-31
BSDE.JK,BSDE,Bumi Serpong Damai Tbk PT,ID,Real Estate,4e-05,B2RJPM0,EQ.STOCK,2026-07-31
ERES.QA,ERES,Ezdan Holding Group QSC,QA,Real Estate,4e-05,B2PWTM9,EQ.STOCK,2026-07-31
KNPL.NS,KNPL,Kansai Nerolac Paints Ltd,IN,Industrials,4e-05,BWGW724,EQ.STOCK,2026-07-31
STH.SI,STH,StarHub Ltd,SG,Telecommunications,4e-05,B1CNDB5,EQ.STOCK,2026-07-31
VAKBN.IS,VAKBN,Turkiye Vakiflar Bankasi TAO,TR,Financials,4e-05,B0N6YC4,EQ.STOCK,2026-07-31
000591.SZ,000591,CECEP Solar Energy Co Ltd,CN,Utilities,3e-05,BD5LQM2,EQ.STOCK,2026-07-31
000786.SZ,000786,Beijing New Building Materials PLC,CN,Industrials,3e-05,BD5CJ26,EQ.STOCK,2026-07-31
000860.SZ,000860,Beijing Shunxin Agriculture Co Ltd,CN,Consumer Staples,3e-05,BD5C9L5,EQ.STOCK,2026-07-31
002153.SZ,002153,Beijing Shiji Information Technology Co Ltd,CN,Technology,3e-05,BD5CMX8,EQ.STOCK,2026-07-31
002670.SZ,002670,Guosheng Securities Inc,CN,Financials,3e-05,BD73MH3,EQ.STOCK,2026-07-31
200539.SZ,200539,Guangdong Electric Power Development Co Ltd,CN,Utilities,3e-05,6393210,EQ.STOCK,2026-07-31
300601.SZ,300601,Shenzhen Kangtai Biological Products Co Ltd,CN,Health Care,3e-05,BFY8HT2,EQ.STOCK,2026-07-31
600298.SS,600298,Angel Yeast Co Ltd,CN,Consumer Staples,3e-05,BP3RH12,EQ.STOCK,2026-07-31
600338.SS,600338,Xizang Zhufeng Resources Co Ltd,CN,Basic Materials,3e-05,BFB4HB5,EQ.STOCK,2026-07-31
600483.SS,600483,Fujian Funeng Co Ltd,CN,Utilities,3e-05,BYQDM71,EQ.STOCK,2026-07-31
600704.SS,600704,Wuchan Zhongda Group Co Ltd,CN,Industrials,3e-05,BP3RFD0,EQ.STOCK,2026-07-31
601139.SS,601139,Shenzhen Gas Corp Ltd,CN,Utilities,3e-05,BP3R7C3,EQ.STOCK,2026-07-31
601216.SS,601216,Inner Mongolia Junzheng Energy & Chemical Industry Group Co Ltd,CN,Basic Materials,3e-05,BP3R7B2,EQ.STOCK,2026-07-31
601799.SS,601799,Changzhou Xingyu Automotive Lighting Systems Co Ltd,CN,Consumer Discretionary,3e-05,BS7K3D2,EQ.STOCK,2026-07-31
603338.SS,603338,Zhejiang Dingli Machinery Co Ltd,CN,Industrials,3e-05,BYZW440,EQ.STOCK,2026-07-31
603345.SS,603345,Anjoy Foods Group Co Ltd,CN,Consumer Staples,3e-05,BMXWM11,EQ.STOCK,2026-07-31
688122.SS,688122,Western Superconducting Technologies Co Ltd,CN,Basic Materials,3e-05,BK71F00,EQ.STOCK,2026-07-31
000519.SZ,000519,North Industries Group Red Arrow Co Ltd,CN,Industrials,2e-05,BD5CDR9,EQ.STOCK,2026-07-31
000902.SZ,000902,Yonfer Agricultural Technology Co Ltd,CN,Basic Materials,2e-05,BD5CF06,EQ.STOCK,2026-07-31
002607.SZ,002607,Offcn Education Technology Co Ltd,CN,Consumer Discretionary,2e-05,BHQPRN9,EQ.STOCK,2026-07-31
300595.SZ,300595,Ovctek China Inc,CN,Health Care,2e-05,BHQPSJ2,EQ.STOCK,2026-07-31
300618.SZ,300618,Nanjing Hanrui Cobalt Co Ltd,CN,Basic Materials,2e-05,BFCCQZ5,EQ.STOCK,2026-07-31
300699.SZ,300699,Weihai Guangwei Composites Co Ltd,CN,Basic Materials,2e-05,BFY8H81,EQ.STOCK,2026-07-31
600655.SS,600655,Shanghai Yuyuan Tourist Mart Group Co Ltd,CN,Consumer Discretionary,2e-05,BP3R8V9,EQ.STOCK,2026-07-31
601456.SS,601456,Guolian Securities Co Ltd,CN,Financials,2e-05,BMCZBW5,EQ.STOCK,2026-07-31
601636.SS,601636,Zhuzhou Kibing Group Co Ltd,CN,Industrials,2e-05,BP3RFL8,EQ.STOCK,2026-07-31
603392.SS,603392,Beijing Wantai Biological Pharmacy Enterprise Co Ltd,CN,Health Care,2e-05,BMXTWX4,EQ.STOCK,2026-07-31
603456.SS,603456,Zhejiang Jiuzhou Pharmaceutical Co Ltd,CN,Health Care,2e-05,BMQBVL8,EQ.STOCK,2026-07-31
603737.SS,603737,Skshu Paint Co Ltd,CN,Industrials,2e-05,BYV1VL7,EQ.STOCK,2026-07-31
603816.SS,603816,Jason Furniture Hangzhou Co Ltd,CN,Consumer Discretionary,2e-05,BYW5R09,EQ.STOCK,2026-07-31
603882.SS,603882,Guangzhou Kingmed Diagnostics Group Co Ltd,CN,Health Care,2e-05,BFYX689,EQ.STOCK,2026-07-31
000725.KS,000725,Hyundai Engineering & Construction Co Ltd,KR,Industrials,1e-05,6451840,EQ.PREF,2026-07-31
0100.HK,100,Minimax Group Inc,HK,Technology,1e-05,BWJFCD6,EQ.STOCK,2026-07-31
300357.SZ,300357,Zhejiang Wolwo Bio-Pharmaceutical Co Ltd,CN,Health Care,1e-05,BFY8GY0,EQ.STOCK,2026-07-31
300529.SZ,300529,Jafron Biomedical Co Ltd,CN,Health Care,1e-05,BFY8H03,EQ.STOCK,2026-07-31
601966.SS,601966,Shandong Linglong Tyre Co Ltd,CN,Consumer Discretionary,1e-05,BYW5N12,EQ.STOCK,2026-07-31
1FRVIA.MI,1FRVIA,Forvia SE,IT,Consumer Discretionary,0.0,BGPK545,EQ.STOCK,2026-07-31
900909.SS,900909,Shanghai Huayi Group Co Ltd,CN,Consumer Discretionary,0.0,6800817,EQ.STOCK,2026-07-31
AFKS.ME,AFKS,Sistema AFK PAO,RU,Financials,0.0,B5B6XH9,EQ.STOCK,2026-07-31
ALRS.ME,ALRS,Alrosa PJSC,RU,Basic Materials,0.0,B6QPBP2,EQ.STOCK,2026-07-31
CBOM.ME,CBOM,Credit Bank of Moscow PJSC,RU,Financials,0.0,BTSTNP7,EQ.STOCK,2026-07-31
CHMF.ME,CHMF,Severstal PAO,RU,Basic Materials,0.0,B5B9C59,EQ.STOCK,2026-07-31
CHR.CO,CHR,Chr Hansen Holding A/S,DK,Health Care,0.0,B573M11,EQ.STOCK,2026-07-31
COLR.BR,COLR,Colruyt Group N.V,BE,Consumer Staples,0.0,5806225,EQ.STOCK,2026-07-31
CRH.L,CRH,CRH PLC,GB,Industrials,0.0,0182704,EQ.STOCK,2026-07-31
DLN.L,DLN,Derwent London PLC,GB,Real Estate,0.0,0265274,EQ.REIT,2026-07-31
ENG.MC,ENG,Enagas SA,ES,Energy,0.0,7383072,EQ.STOCK,2026-07-31
EVR.L,EVR,Evraz PLC,GB,Basic Materials,0.0,B71N6K8,EQ.STOCK,2026-07-31
FFGRP.AT,FFGRP,FF Group,GR,Consumer Discretionary,0.0,B681D63,EQ.STOCK,2026-07-31
FLOT.ME,FLOT,Sovcomflot PJSC,RU,Industrials,0.0,BN71S24,EQ.STOCK,2026-07-31
GVYM.TA,GVYM,Gav-Yam Lands Corp Ltd,IL,Real Estate,0.0,6089724,EQ.STOCK,2026-07-31
HMSO.L,HMSO,Hammerson PLC,GB,Real Estate,0.0,0406501,EQ.REIT,2026-07-31
HUH1V.HE,HUH1V,Huhtamaki Oyj,FI,Industrials,0.0,4447476,EQ.STOCK,2026-07-31
LUMO.HE,LUMO,Lumo Kodit Oyj,FI,Real Estate,0.0,BFYR8L8,EQ.STOCK,2026-07-31
MAGN.ME,MAGN,Magnitogorsk Iron & Steel Works PJSC,RU,Basic Materials,0.0,B5B1RP0,EQ.STOCK,2026-07-31
NDA.ST,NDA,Nordea Bank Abp,SE,Financials,0.0,BYZF9J9,EQ.STOCK,2026-07-31
NEM.AX,NEM,Newmont Corp,AU,Basic Materials,0.0,BRDVMB3,EQ.DRCPT,2026-07-31
NEOE3.SA,NEOE3,Neoenergia SA,BR,Utilities,0.0,BF8GMG4,EQ.STOCK,2026-07-31
NMC.L,NMC,NMC Health PLC,GB,Health Care,0.0,B7FC076,EQ.STOCK,2026-07-31
OMU.L,OMU,Old Mutual Ltd,GB,Financials,0.0,BDVPYQ8,EQ.STOCK,2026-07-31
PLZL.ME,PLZL,Polyus PJSC,RU,Basic Materials,0.0,B57R0L9,EQ.STOCK,2026-07-31
PROX.BR,PROX,Proximus SADP,BE,Telecommunications,0.0,B00D9P6,EQ.STOCK,2026-07-31
RASP.ME,RASP,Raspadskaya PAO,RU,Energy,0.0,B5800Q2,EQ.STOCK,2026-07-31
RBREW.CO,RBREW,Royal Unibrew A/S,DK,Consumer Staples,0.0,BX8ZX20,EQ.STOCK,2026-07-31
ROSN.ME,ROSN,Rosneft Oil Co PJSC,RU,Energy,0.0,B59SS16,EQ.STOCK,2026-07-31
SBER.ME,SBER,Sberbank of Russia PJSC,RU,Financials,0.0,4767981,EQ.STOCK,2026-07-31
SOLB.BR,SOLB,Solvay SA,BE,Basic Materials,0.0,4821100,EQ.STOCK,2026-07-31
SSA.L,SSA,Sistema AFK PAO,GB,Financials,0.0,B05N809,EQ.DRCPT,2026-07-31
TNET.BR,TNET,Telenet Group Holding NV,BE,Telecommunications,0.0,B0LKSK4,EQ.STOCK,2026-07-31
TUI.L,TUI,TUI AG,GB,Consumer Discretionary,0.0,B11LJN4,EQ.STOCK,2026-07-31
TUI1.DE,TUI1,TUI AG,DE,Consumer Discretionary,0.0,BNC3GJ8,EQ.STOCK,2026-07-31
TYRES.HE,TYRES,Nokian Renkaat Oyj,FI,Consumer Discretionary,0.0,B07G378,EQ.STOCK,2026-07-31
UMI.BR,UMI,Umicore SA,BE,Basic Materials,0.0,BF44466,EQ.STOCK,2026-07-31
UTG.L,UTG,UNITE Group PLC/The,GB,Real Estate,0.0,0692861,EQ.REIT,2026-07-31
VOE.VI,VOE,voestalpine AG,AT,Basic Materials,0.0,4943402,EQ.STOCK,2026-07-31
VTBR.ME,VTBR,VTB Bank PJSC,RU,Financials,0.0,B5B1TP4,EQ.STOCK,2026-07-31
